Workbook
Name \a: #N/A
Name _: #REF!
Name _: #REF!
Name _: #REF!
Name _: #REF!
Name _t1: #REF!
Name A: #REF!
Name A: #REF!
Name A: #REF!
Name aa: #REF!
Name aa: #REF!
Name aa: #REF!
Name Anuário99CNH: #REF!
Name Anuário99CNH: #REF!
Name Anuário99CNH: #REF!
Name ASAS: #REF!
Name ASAS: #REF!
Name ASAS: #REF!
Name b: #REF!
Name b: #REF!
Name b: #REF!
Name bb: #REF!
Name bb: #REF!
Name bb: #REF!
Name Cabe_1: #REF!
Name Cabe_1: #REF!
Name Cabe_1: #REF!
Name Cabe_2: #REF!
Name Cabe_2: #REF!
Name Cabe_2: #REF!
Name Cabe_3: #REF!
Name Cabe_3: #REF!
Name Cabe_3: #REF!
Name Cabe_4: #REF!
Name Cabe_4: #REF!
Name Cabe_4: #REF!
Name Cabe_5: #REF!
Name Cabe_5: #REF!
Name Cabe_6: #REF!
Name Cabe_6: #REF!
Name Cabe_7: #REF!
Name Cabe_7: #REF!
Name Cabe_8: #REF!
Name Cabe_8: #REF!
Name cc: #REF!
Name cc: #REF!
Name cc: #REF!
Name cen_1: #REF!
Name cen_1: #REF!
Name cen_1: #REF!
Name cen_2: #REF!
Name cen_2: #REF!
Name cen_2: #REF!
Name cen_3: #REF!
Name cen_3: #REF!
Name cen_3: #REF!
Name cen_t: #REF!
Name cen_t: #REF!
Name cen_t: #REF!
Name dd: #REF!

Sheet  Índice
B2: Relatório Anual de Sinistralidade (24h), Fiscalização e Contraordenações
B4: Setembro de 2025
B6: QUADROS DE RESULTADOS
B8: CAPÍTULO I - Sinistralidade a 24h
B10: 1 - Sinistralidade em Portugal
B12: ='1'!A2 -> Quadro 1. Sinistralidade em Portugal, 2025 vs 2019
B13: ='2'!A2 -> Quadro 2. Sinistralidade em Portugal, 2025 vs 2024
B15: 2 - Sinistralidade no Continente
B17: ='3'!A2 -> Quadro 3. Evolução da Sinistralidade no Continente
B18: ='4 e 5'!A2 -> Quadro 4. Sinistralidade em Portugal por mês
B19: ='4 e 5'!A17 -> Quadro 5. Sinistralidade em Portugal por mês, taxas de variação
B20: ='6'!A2 -> Quadro 6. Sinistralidade em Portugal por dia da semana
B21: ='7'!A2 -> Quadro 7. Sinistralidade em Portugal por período horário
B22: ='8'!A2 -> Quadro 8. Sinistralidade em Portugal por fatores atmosféricos
B23: ='9 e 10'!A2 -> Quadro 9. Sinistralidade em Portugal por natureza
B24: ='9 e 10'!A11 -> Quadro 10. Sinistralidade em Portugal por natureza, taxas de variação
B25: ='11 e 12'!A2 -> Quadro 11. Sinistralidade em Portugal por localização
B26: ='11 e 12'!A10 -> Quadro 12. Sinistralidade em Portugal, taxas de variação
B27: ='13 e 14'!A2 -> Quadro 13. Sinistralidade em Portugal por tipo de via
B28: ='13 e 14'!A17 -> Quadro 14. Sinistralidade em Portugal por tipo de via, taxas de variação
B29: ='15'!A2 -> Quadro 15. Sinistralidade em Portugal por distrito e R. A.
B30: ='16 e 17'!A2 -> Quadro 16. Sinistralidade em Portugal por categoria de utilizador
B31: ='16 e 17'!A11 -> Quadro 17. Sinistralidade em Portugal por categoria de utilizador, taxas de variação
B32: ='18'!A2 -> Quadro 18. Veículos intervenientes em acidentes com vítimas em Portugal por categoria de veículo
B33: ='19 e 20'!A2 -> Quadro 19. Sinistralidade em Portugal por categoria de veículo e peões
B34: ='19 e 20'!A17 -> Quadro 20. Sinistralidade em Portugal por categoria de veículo e peões, taxas de variação
B35: ='21'!A2 -> Quadro 21. Vítimas mortais por entidade gestora de via (EGV), resumo janeiro a setembro 2025
B38: CAPÍTULO II - Fiscalização
B40: 1 - Fiscalização ANSR, GNR, PSP e PML
B42: ='22'!A2 -> Quadro 22. Condutores e veículos fiscalizados
B43: ='23'!A2 -> Quadro 23. Infrações
B44: ='24'!A2 -> Quadro 24. Tipologia de infrações
B45: ='25'!A2 -> Quadro 25. Infrações por excesso de velocidade
B46: ='26'!A2 -> Quadro 26. Infrações por influência de álcool
B47: ='27'!A2 -> Quadro 27. Detenções
B49: CAPÍTULO III - Processo Contraordenacional
B51: ='28'!A2 -> Quadro 28. Número de pontos disponíveis dos condutores que se encontravam sancionados com subtração de pontos em setembro de 2025
B52: ='29'!A2 -> Quadro 29. Número de cartas cassadas, 2016 – setembro de 2025

Sheet Siglas
A2: SIGLAS e ABREVIATURAS
B4: AcV | C4: Acidente com vítimas
B5: AcVM | C5: Acidente com vítimas mortais
B6: AcFG | C6: Acidente com feridos graves
B7: AcFL | C7: Acidente com feridos leves
B8: AE | C8: Autoestrada
B9: ANSR | C9: Autoridade Nacional de Segurança Rodoviária
B10: BEAV | C10: Boletim Estatístico de Acidente de Viação
B11: EM | C11: Estrada municipal
B12: EN | C12: Estrada nacional
B13: ER | C13: Estrada regional
B14: FG | C14: Ferido grave
B15: FL | C15: Ferido leve
... B25: p.p. | C25: Pontos percentuais

Sheet 1
A2: Quadro 1. Sinistralidade em Portugal, 2025 vs 2019
A4: Janeiro-setembro | B4: AcV | E4: VM | H4: FG | K4: FL
B5: 2019 | C5: 2025 | D5: ∆(%) 25/19 | E5: 2019 | F5: 2025 | G5: ∆(%) 25/19 | H5: 2019 | I5: 2025 | J5: ∆(%) 25/19 | K5: 2019 | L5: 2025 | M5: ∆(%) 25/19
A6: Continente | B6: 26306 | C6: 27681 | D6: =(C6/B6)-1 -> 0.052269444 | E6: 360 | F6: 330 | G6: =(F6/E6)-1 -> -0.083333333 | H6: 1764 | I6: 1996 | J6: =(I6/H6)-1 -> 0.13151927 | K6: 31965 | L6: 32483 | M6: =(L6/K6)-1 -> 0.016205224
A7: RA Açores | B7: 461 | C7: 499 | D7: =(C7/B7)-1 -> 0.082429501 | E7: 3 | F7: 4 | G7: =(F7/E7)-1 -> 0.33333333 | H7: 89 | I7: 98 | J7: =(I7/H7)-1 -> 0.1011236 | K7: 530 | L7: 577 | M7: =(L7/K7)-1 -> 0.088679245
A8: RA Madeira | B8: 703 | C8: 795 | D8: =(C8/B8)-1 -> 0.13086771 | E8: 36 | F8: 3 | G8: =(F8/E8)-1 -> -0.91666667 | H8: 93 | I8: 67 | J8: =(I8/H8)-1 -> -0.27956989 | K8: 807 | L8: 916 | M8: =(L8/K8)-1 -> 0.13506815
A9: Total | B9: =SUM(B6:B8) -> 27470 | C9: =SUM(C6:C8) -> 28975 | D9: =(C9/B9)-1 -> 0.05478704 | E9: =SUM(E6:E8) -> 399 | F9: =SUM(F6:F8) -> 337 | G9: =(F9/E9)-1 -> -0.15538847 | H9: =SUM(H6:H8) -> 1946 | I9: =SUM(I6:I8) -> 2161 | J9: =(I9/H9)-1 -> 0.11048304 | K9: =SUM(K6:K8) -> 33302 | L9: =SUM(L6:L8) -> 33976 | M9: =(L9/K9)-1 -> 0.020239025

Sheet 2
A2: Quadro 2. Sinistralidade em Portugal, 2025 vs 2024
A4: =+'1'!A4 -> Janeiro-setembro | B4: AcV | E4: VM | H4: FG | K4: FL
B5: 2024 | C5: 2025 | D5: ∆(%) 25/24 | E5: 2024 | F5: 2025 | G5: ∆(%) 25/24 | H5: 2024 | I5: 2025 | J5: ∆(%) 25/24 | K5: 2024 | L5: 2025 | M5: ∆(%) 25/24
A6: Continente | B6: 26996 | C6: 27681 | D6: =(C6/B6)-1 -> 0.02537413 | E6: 360 | F6: 330 | G6: =(F6/E6)-1 -> -0.083333333 | H6: 1957 | I6: 1996 | J6: =(I6/H6)-1 -> 0.019928462 | K6: 31623 | L6: 32483 | M6: =(L6/K6)-1 -> 0.027195396
A7: RA Açores | B7: 524 | C7: 499 | D7: =(C7/B7)-1 -> -0.047709924 | E7: 5 | F7: 4 | G7: =(F7/E7)-1 -> -0.2 | H7: 77 | I7: 98 | J7: =(I7/H7)-1 -> 0.27272727 | K7: 591 | L7: 577 | M7: =(L7/K7)-1 -> -0.023688663
A8: RA Madeira | B8: 736 | C8: 795 | D8: =(C8/B8)-1 -> 0.080163043 | E8: 7 | F8: 3 | G8: =(F8/E8)-1 -> -0.57142857 | H8: 55 | I8: 67 | J8: =(I8/H8)-1 -> 0.21818182 | K8: 832 | L8: 916 | M8: =(L8/K8)-1 -> 0.10096154
A9: Total | B9: =SUM(B6:B8) -> 28256 | C9: =SUM(C6:C8) -> 28975 | D9: =(C9/B9)-1 -> 0.025445923 | E9: =SUM(E6:E8) -> 372 | F9: =SUM(F6:F8) -> 337 | G9: =(F9/E9)-1 -> -0.094086022 | H9: =SUM(H6:H8) -> 2089 | I9: =SUM(I6:I8) -> 2161 | J9: =(I9/H9)-1 -> 0.034466252 | K9: =SUM(K6:K8) -> 33046 | L9: =SUM(L6:L8) -> 33976 | M9: =(L9/K9)-1 -> 0.028142589

Sheet 3
A2: Quadro 3. Evolução da Sinistralidade no Continente
A4: Ano | B4: AcV | C4: AcVM+AcFG | D4: AcVM | E4: Vítimas totais | F4: VM | G4: FG | H4: FL | I4: IGR
A5: 2016 | B5: 23918 | C5: 1661 | D5: 306 | E5: =F5+G5+H5 -> 30912 | F5: 322 | G5: 1583 | H5: 29007 | I5: =F5/B5*100 -> 1.3462664
A6: 2019 | B6: 26306 | C6: 1831 | D6: 327 | E6: =F6+G6+H6 -> 34089 | F6: 360 | G6: 1764 | H6: 31965 | I6: =F6/B6*100 -> 1.3685091
A7: 2020 | B7: 19598 | C7: 1481 | D7: 286 | E7: =F7+G7+H7 -> 24502 | F7: 302 | G7: 1371 | H7: 22829 | I7: =F7/B7*100 -> 1.5409736
A8: 2021 | B8: 20670 | C8: 1595 | D8: 268 | E8: =F8+G8+H8 -> 25956 | F8: 286 | G8: 1496 | H8: 24174 | I8: =F8/B8*100 -> 1.3836478
A9: 2022 | B9: 24549 | C9: 1840 | D9: 321 | E9: =F9+G9+H9 -> 30958 | F9: 352 | G9: 1770 | H9: 28836 | I9: =F9/B9*100 -> 1.433867
A10: 2023 | B10: 26393 | C10: 1988 | D10: 340 | E10: =F10+G10+H10 -> 33266 | F10: 372 | G10: 1885 | H10: 31009 | I10: =F10/B10*100 -> 1.4094646
A11: 2024 | B11: 26996 | C11: 2050 | D11: 340 | E11: =F11+G11+H11 -> 33940 | F11: 360 | G11: 1957 | H11: 31623 | I11: =F11/B11*100 -> 1.3335309
A12: 2025 | B12: 27681 | C12: 2045 | D12: 304 | E12: =F12+G12+H12 -> 34809 | F12: 330 | G12: 1996 | H12: 32483 | I12: =F12/B12*100 -> 1.1921535
A13: ∆(%) 25/16 | B13: =B12/B5-1 -> 0.15732921 | C13: =C12/C5-1 -> 0.23118603 | D13: =D12/D5-1 -> -0.0065359477 | E13: =E12/E5-1 -> 0.12606755 | F13: =F12/F5-1 -> 0.02484472 | G13: =G12/G5-1 -> 0.26089703 | H13: =H12/H5-1 -> 0.11983314 | I13: =I12/I5-1 -> -0.11447433
A14: ∆(%) 25/19 | B14: =B12/B6-1 -> 0.052269444 | C14: =C12/C6-1 -> 0.11687602 | D14: =D12/D6-1 -> -0.070336391 | E14: =E12/E6-1 -> 0.021121183 | F14: =F12/F6-1 -> -0.083333333 | G14: =G12/G6-1 -> 0.13151927 | H14: =H12/H6-1 -> 0.016205224 | I14: =I12/I6-1 -> -0.12886697
A15: ∆(%) 25/24 | B15: =B12/B11-1 -> 0.02537413 | C15: =C12/C11-1 -> -0.0024390244 | D15: =D12/D11-1 -> -0.10588235 | E15: =E12/E11-1 -> 0.025604007 | F15: =F12/F11-1 -> -0.083333333 | G15: =G12/G11-1 -> 0.019928462 | H15: =H12/H11-1 -> 0.027195396 | I15: =I12/I11-1 -> -0.10601736

Sheet 4 e 5
A2: Quadro 4. Sinistralidade em Portugal por mês
A4: Mês | B4: AcV | E4: VM | H4: FG | K4: FL
B5: 2019 | C5: 2024 | D5: 2025 | E5: 2019 | F5: 2024 | G5: 2025 | H5: 2019 | I5: 2024 | J5: 2025 | K5: 2019 | L5: 2024 | M5: 2025
A6: Janeiro | B6: 2953 | C6: 2798 | D6: 2844 | E6: 48 | F6: 35 | G6: 36 | H6: 171 | I6: 196 | J6: 161 | K6: 3519 | L6: 3246 | M6: 3337
A7: Fevereiro | B7: 2470 | C7: 2720 | D7: 2523 | E7: 38 | F7: 36 | G7: 29 | H7: 149 | I7: 181 | J7: 183 | K7: 2938 | L7: 3199 | M7: 2931
A8: Março | B8: 2998 | C8: 2768 | D8: 2909 | E8: 34 | F8: 34 | G8: 25 | H8: 213 | I8: 179 | J8: 186 | K8: 3604 | L8: 3219 | M8: 3381
A9: Abril | B9: 2791 | C9: 3057 | D9: 3013 | E9: 60 | F9: 32 | G9: 27 | H9: 186 | I9: 230 | J9: 217 | K9: 3429 | L9: 3505 | M9: 3652
A10: Maio | B10: 3219 | C10: 3337 | D10: 3381 | E10: 47 | F10: 45 | G10: 35 | H10: 218 | I10: 238 | J10: 247 | K10: 3851 | L10: 3864 | M10: 3906
A11: Junho | B11: 2978 | C11: 3235 | D11: 3386 | E11: 33 | F11: 39 | G11: 48 | H11: 224 | I11: 237 | J11: 281 | K11: 3615 | L11: 3784 | M11: 3951
A12: Julho | B12: 3397 | C12: 3587 | D12: 3881 | E12: 36 | F12: 52 | G12: 52 | H12: 233 | I12: 286 | J12: 306 | K12: 4148 | L12: 4180 | M12: 4548
A13: Agosto | B13: 3448 | C13: 3388 | D13: 3537 | E13: 55 | F13: 50 | G13: 61 | H13: 311 | I13: 285 | J13: 307 | K13: 4309 | L13: 4073 | M13: 4221
A14: Setembro | B14: 3216 | C14: 3366 | D14: 3501 | E14: 48 | F14: 49 | G14: 24 | H14: 241 | I14: 257 | J14: 273 | K14: 3889 | L14: 3976 | M14: 4049
A15: Total | B15: =SUM(B6:B11) -> 17409 | C15: =SUM(C6:C11) -> 17915 | D15: =SUM(D6:D11) -> 18056 | E15: =SUM(E6:E11) -> 260 | F15: =SUM(F6:F11) -> 221 | G15: =SUM(G6:G11) -> 200 | H15: =SUM(H6:H11) -> 1161 | I15: =SUM(I6:I11) -> 1261 | ... M15: =SUM(M6:M11) -> 21158
A17: Quadro 5. Sinistralidade em Portugal por mês, taxas de variação
A19: Mês | B19: AcV | E19: VM | H19: FG | K19: FL
B20: ∆ (%)
B21: 25/19 | C21: 25/24 | E21: 25/19 | F21: 25/24 | H21: 25/19 | I21: 25/24 | K21: 25/19 | L21: 25/24
A22: Janeiro | B22: =(D6/B6)-1 -> -0.036911615 | C22: =(D6/C6)-1 -> 0.016440315 | E22: =(G6/E6)-1 -> -0.25 | F22: =(G6/F6)-1 -> 0.028571429 | H22: =(J6/H6)-1 -> -0.058479532 | I22: =(J6/I6)-1 -> -0.17857143 | K22: =(M6/K6)-1 -> -0.051719238 | L22: =(M6/L6)-1 -> 0.028034504
A23: Fevereiro | B23: =(D7/B7)-1 -> 0.02145749 | C23: =(D7/C7)-1 -> -0.072426471 | E23: =(G7/E7)-1 -> -0.23684211 | F23: =(G7/F7)-1 -> -0.19444444 | H23: =(J7/H7)-1 -> 0.22818792 | I23: =(J7/I7)-1 -> 0.011049724 | K23: =(M7/K7)-1 -> -0.0023825732 | L23: =(M7/L7)-1 -> -0.08377618
A24: Março | B24: =(D8/B8)-1 -> -0.029686458 | C24: =(D8/C8)-1 -> 0.050939306 | E24: =(G8/E8)-1 -> -0.26470588 | F24: =(G8/F8)-1 -> -0.26470588 | H24: =(J8/H8)-1 -> -0.12676056 | I24: =(J8/I8)-1 -> 0.039106145 | K24: =(M8/K8)-1 -> -0.061875694 | L24: =(M8/L8)-1 -> 0.050326188
A25: Abril | B25: =(D9/B9)-1 -> 0.079541383 | C25: =(D9/C9)-1 -> -0.014393196 | E25: =(G9/E9)-1 -> -0.55 | F25: =(G9/F9)-1 -> -0.15625 | H25: =(J9/H9)-1 -> 0.16666667 | I25: =(J9/I9)-1 -> -0.056521739 | K25: =(M9/K9)-1 -> 0.065033537 | L25: =(M9/L9)-1 -> 0.041940086
A26: Maio | B26: =(D10/B10)-1 -> 0.050326188 | C26: =(D10/C10)-1 -> 0.013185496 | E26: =(G10/E10)-1 -> -0.25531915 | F26: =(G10/F10)-1 -> -0.22222222 | H26: =(J10/H10)-1 -> 0.13302752 | I26: =(J10/I10)-1 -> 0.037815126 | K26: =(M10/K10)-1 -> 0.014282005 | L26: =(M10/L10)-1 -> 0.010869565
A27: Junho | B27: =(D11/B11)-1 -> 0.1370047 | C27: =(D11/C11)-1 -> 0.046676971 | E27: =(G11/E11)-1 -> 0.45454545 | F27: =(G11/F11)-1 -> 0.23076923 | H27: =(J11/H11)-1 -> 0.25446429 | I27: =(J11/I11)-1 -> 0.18565401 | K27: =(M11/K11)-1 -> 0.092946058 | L27: =(M11/L11)-1 -> 0.044133192
A28: Julho | B28: =(D12/B12)-1 -> 0.14247866 | C28: =(D12/C12)-1 -> 0.081962643 | E28: =(G12/E12)-1 -> 0.44444444 | F28: =(G12/F12)-1 -> 0 | H28: =(J12/H12)-1 -> 0.31330472 | I28: =(J12/I12)-1 -> 0.06993007 | K28: =(M12/K12)-1 -> 0.096432015 | L28: =(M12/L12)-1 -> 0.088038278
A29: Agosto | B29: =(D13/B13)-1 -> 0.025812065 | C29: =(D13/C13)-1 -> 0.043978749 | E29: =(G13/E13)-1 -> 0.10909091 | F29: =(G13/F13)-1 -> 0.22 | H29: =(J13/H13)-1 -> -0.012861736 | I29: =(J13/I13)-1 -> 0.077192982 | K29: =(M13/K13)-1 -> -0.020422372 | L29: =(M13/L13)-1 -> 0.036336852
A30: Setembro | B30: =(D14/B14)-1 -> 0.088619403 | C30: =(D14/C14)-1 -> 0.040106952 | E30: =(G14/E14)-1 -> -0.5 | F30: =(G14/F14)-1 -> -0.51020408 | H30: =(J14/H14)-1 -> 0.13278008 | I30: =(J14/I14)-1 -> 0.062256809 | K30: =(M14/K14)-1 -> 0.041141682 | L30: =(M14/L14)-1 -> 0.018360161
A31: Total | B31: =(D15/B15)-1 -> 0.037164685 | C31: =(D15/C15)-1 -> 0.0078704996 | E31: =(G15/E15)-1 -> -0.23076923 | F31: =(G15/F15)-1 -> -0.095022624 | H31: =(J15/H15)-1 -> 0.098191214 | I31: =(J15/I15)-1 -> 0.0111023 | K31: =(M15/K15)-1 -> 0.0096392441 | L31: =(M15/L15)-1 -> 0.016380843

Sheet 6
A2: Quadro 6. Sinistralidade em Portugal por dia da semana
A4: =+'1'!A4 -> Janeiro-setembro | B4: AcV | E4: VM | H4: FG | K4: FL
B5: 2024 | C5: 2025 | D5: ∆(%) 25/24 | E5: 2024 | F5: 2025 | G5: ∆(%) 25/24 | H5: 2024 | I5: 2025 | J5: ∆(%) 25/24 | K5: 2024 | L5: 2025 | M5: ∆(%) 25/24
A6: 2.ª feira | B6: 4028 | C6: 4261 | D6: =(C6/B6)-1 -> 0.057845084 | E6: 32 | F6: 37 | G6: =(F6/E6)-1 -> 0.15625 | H6: 271 | I6: 288 | J6: =(I6/H6)-1 -> 0.062730627 | K6: 4690 | L6: 4964 | M6: =(L6/K6)-1 -> 0.058422175
A7: 3.ª feira | B7: 4043 | C7: 4088 | D7: =(C7/B7)-1 -> 0.011130349 | E7: 46 | F7: 38 | G7: =(F7/E7)-1 -> -0.17391304 | H7: 263 | I7: 279 | J7: =(I7/H7)-1 -> 0.060836502 | K7: 4710 | L7: 4748 | M7: =(L7/K7)-1 -> 0.0080679406
A8: 4.ª feira | B8: 4210 | C8: 4271 | D8: =(C8/B8)-1 -> 0.014489311 | E8: 48 | F8: 45 | G8: =(F8/E8)-1 -> -0.0625 | H8: 291 | I8: 269 | J8: =(I8/H8)-1 -> -0.075601375 | K8: 4822 | L8: 4927 | M8: =(L8/K8)-1 -> 0.021775197
A9: 5.ª feira | B9: 4052 | C9: 4118 | D9: =(C9/B9)-1 -> 0.016288253 | E9: 53 | F9: 42 | G9: =(F9/E9)-1 -> -0.20754717 | H9: 242 | I9: 246 | J9: =(I9/H9)-1 -> 0.016528926 | K9: 4711 | L9: 4802 | M9: =(L9/K9)-1 -> 0.019316493
A10: 6.ª feira | B10: 4454 | C10: 4493 | D10: =(C10/B10)-1 -> 0.0087561742 | E10: 59 | F10: 45 | G10: =(F10/E10)-1 -> -0.23728814 | H10: 312 | I10: 340 | J10: =(I10/H10)-1 -> 0.08974359 | K10: 5150 | L10: 5218 | M10: =(L10/K10)-1 -> 0.013203883
A11: Sábado | B11: 3876 | C11: 4050 | D11: =(C11/B11)-1 -> 0.044891641 | E11: 57 | F11: 80 | G11: =(F11/E11)-1 -> 0.40350877 | H11: 351 | I11: 389 | J11: =(I11/H11)-1 -> 0.10826211 | K11: 4592 | L11: 4776 | M11: =(L11/K11)-1 -> 0.040069686
A12: Domingo | B12: 3593 | C12: 3694 | D12: =(C12/B12)-1 -> 0.028110214 | E12: 77 | F12: 50 | G12: =(F12/E12)-1 -> -0.35064935 | H12: 359 | I12: 350 | J12: =(I12/H12)-1 -> -0.025069638 | K12: 4371 | L12: 4541 | M12: =(L12/K12)-1 -> 0.038892702
A13: Total | B13: =SUM(B6:B12) -> 28256 | C13: =SUM(C6:C12) -> 28975 | D13: =(C13/B13)-1 -> 0.025445923 | E13: =SUM(E6:E12) -> 372 | F13: =SUM(F6:F12) -> 337 | G13: =(F13/E13)-1 -> -0.094086022 | H13: =SUM(H6:H12) -> 2089 | I13: =SUM(I6:I12) -> 2161 | J13: =(I13/H13)-1 -> 0.034466252 | K13: =SUM(K6:K12) -> 33046 | L13: =SUM(L6:L12) -> 33976 | M13: =(L13/K13)-1 -> 0.028142589

Sheet 7
A2: Quadro 7. Sinistralidade em Portugal por período horário
A4: =+'1'!A4 -> Janeiro-setembro | B4: AcV | E4: VM | H4: FG | K4: FL
B5: 2024 | C5: 2025 | D5: ∆(%) 25/24 | E5: 2024 | F5: 2025 | G5: ∆(%) 25/24 | H5: 2024 | I5: 2025 | J5: ∆(%) 25/24 | K5: 2024 | L5: 2025 | M5: ∆(%) 25/24
A6: [00:00-03:00[ | B6: 977 | C6: 1006 | D6: =(C6/B6)-1 -> 0.029682702 | E6: 33 | F6: 32 | G6: =(F6/E6)-1 -> -0.03030303 | H6: 102 | I6: 101 | J6: =(I6/H6)-1 -> -0.0098039216 | K6: 1151 | L6: 1208 | M6: =(L6/K6)-1 -> 0.049522155
A7: [03:00-06:00[ | B7: 576 | C7: 687 | D7: =(C7/B7)-1 -> 0.19270833 | E7: 22 | F7: 26 | G7: =(F7/E7)-1 -> 0.18181818 | H7: 71 | I7: 93 | J7: =(I7/H7)-1 -> 0.30985915 | K7: 662 | L7: 803 | M7: =(L7/K7)-1 -> 0.21299094
A8: [06:00-09:00[ | B8: 3139 | C8: 3230 | D8: =(C8/B8)-1 -> 0.028990124 | E8: 49 | F8: 42 | G8: =(F8/E8)-1 -> -0.14285714 | H8: 219 | I8: 240 | J8: =(I8/H8)-1 -> 0.095890411 | K8: 3623 | L8: 3698 | M8: =(L8/K8)-1 -> 0.020701076
A9: [09:00-12:00[ | B9: 4764 | C9: 4784 | D9: =(C9/B9)-1 -> 0.0041981528 | E9: 40 | F9: 38 | G9: =(F9/E9)-1 -> -0.05 | H9: 252 | I9: 311 | J9: =(I9/H9)-1 -> 0.23412698 | K9: 5512 | L9: 5503 | M9: =(L9/K9)-1 -> -0.0016328012
A10: [12:00-15:00[ | B10: 5051 | C10: 5177 | D10: =(C10/B10)-1 -> 0.024945555 | E10: 46 | F10: 37 | G10: =(F10/E10)-1 -> -0.19565217 | H10: 333 | I10: 333 | J10: =(I10/H10)-1 -> 0 | K10: 5985 | L10: 6147 | M10: =(L10/K10)-1 -> 0.027067669
A11: [15:00-18:00[ | B11: 6029 | C11: 6229 | D11: =(C11/B11)-1 -> 0.033172997 | E11: 73 | F11: 83 | G11: =(F11/E11)-1 -> 0.1369863 | H11: 449 | I11: 447 | J11: =(I11/H11)-1 -> -0.004454343 | K11: 7078 | L11: 7489 | M11: =(L11/K11)-1 -> 0.058067251
A12: [18:00-21:00[ | B12: 5488 | C12: 5506 | D12: =(C12/B12)-1 -> 0.0032798834 | E12: 73 | F12: 46 | G12: =(F12/E12)-1 -> -0.36986301 | H12: 450 | I12: 414 | J12: =(I12/H12)-1 -> -0.08 | K12: 6412 | L12: 6367 | M12: =(L12/K12)-1 -> -0.0070180911
A13: [21:00-00:00[ | B13: 2232 | C13: 2356 | D13: =(C13/B13)-1 -> 0.055555556 | E13: 36 | F13: 33 | G13: =(F13/E13)-1 -> -0.083333333 | H13: 213 | I13: 222 | J13: =(I13/H13)-1 -> 0.042253521 | K13: 2623 | L13: 2761 | M13: =(L13/K13)-1 -> 0.052611514
A14: Total | B14: =SUM(B6:B13) -> 28256 | C14: =SUM(C6:C13) -> 28975 | D14: =(C14/B14)-1 -> 0.025445923 | E14: =SUM(E6:E13) -> 372 | F14: =SUM(F6:F13) -> 337 | G14: =(F14/E14)-1 -> -0.094086022 | H14: =SUM(H6:H13) -> 2089 | I14: =SUM(I6:I13) -> 2161 | J14: =(I14/H14)-1 -> 0.034466252 | K14: =SUM(K6:K13) -> 33046 | L14: =SUM(L6:L13) -> 33976 | M14: =(L14/K14)-1 -> 0.028142589

Sheet 8
A2: Quadro 8. Sinistralidade em Portugal por fatores atmosféricos
A4: =+'1'!A4 -> Janeiro-setembro | B4: AcV | E4: VM | H4: FG | K4: FL
B5: 2024 | C5: 2025 | D5: ∆(%) 25/24 | E5: 2024 | F5: 2025 | G5: ∆(%) 25/24 | H5: 2024 | I5: 2025 | J5: ∆(%) 25/24 | K5: 2024 | L5: 2025 | M5: ∆(%) 25/24
A6: Bom tempo | B6: 23898 | C6: 25050 | D6: =(C6/B6)-1 -> 0.048204871 | E6: 330 | F6: 309 | G6: =(F6/E6)-1 -> -0.063636364 | H6: 1851 | I6: 1933 | J6: =(I6/H6)-1 -> 0.044300378 | K6: 27783 | L6: 29179 | M6: =(L6/K6)-1 -> 0.050246554
A7: Chuva | B7: 4134 | C7: 3752 | D7: =(C7/B7)-1 -> -0.092404451 | E7: 37 | F7: 24 | G7: =(F7/E7)-1 -> -0.35135135 | H7: 223 | I7: 200 | J7: =(I7/H7)-1 -> -0.10313901 | K7: 5005 | L7: 4579 | M7: =(L7/K7)-1 -> -0.085114885
A8: Nevoeiro | B8: 121 | C8: 99 | D8: =(C8/B8)-1 -> -0.18181818 | E8: 3 | F8: 4 | G8: =(F8/E8)-1 -> 0.33333333 | H8: 10 | I8: 15 | J8: =(I8/H8)-1 -> 0.5 | K8: 136 | L8: 123 | M8: =(L8/K8)-1 -> -0.095588235
A9: Vento | B9: 42 | C9: 40 | D9: =(C9/B9)-1 -> -0.047619048 | E9: 2 | F9: 0 | G9: =(F9/E9)-1 -> -1 | H9: 2 | I9: 8 | J9: =(I9/H9)-1 -> 3 | K9: 44 | L9: 41 | M9: =(L9/K9)-1 -> -0.068181818
A10: Neve | B10: 6 | C10: 2 | D10: =(C10/B10)-1 -> -0.66666667 | E10: 0 | F10: 0 | G10: - | H10: 0 | I10: 0 | J10: - | K10: 12 | L10: 3 | M10: =(L10/K10)-1 -> -0.75
A11: Fumo | B11: 2 | C11: 0 | D11: =(C11/B11)-1 -> -1 | E11: 0 | F11: 0 | G11: - | H11: 0 | I11: 0 | J11: - | K11: 2 | L11: 0 | M11: =(L11/K11)-1 -> -1
A12: Granizo | B12: 19 | C12: 13 | D12: =(C12/B12)-1 -> -0.31578947 | E12: 0 | F12: 0 | G12: - | H12: 1 | I12: 4 | J12: =(I12/H12)-1 -> 3 | K12: 30 | L12: 29 | M12: =(L12/K12)-1 -> -0.033333333
A13: n.d. | B13: 34 | C13: 19 | D13: =(C13/B13)-1 -> -0.44117647 | E13: 0 | F13: 0 | G13: - | H13: 2 | I13: 1 | J13: =(I13/H13)-1 -> -0.5 | K13: 34 | L13: 22 | M13: =(L13/K13)-1 -> -0.35294118
A14: Total | B14: =SUM(B6:B13) -> 28256 | C14: =SUM(C6:C13) -> 28975 | D14: =(C14/B14)-1 -> 0.025445923 | E14: =SUM(E6:E13) -> 372 | F14: =SUM(F6:F13) -> 337 | G14: =(F14/E14)-1 -> -0.094086022 | H14: =SUM(H6:H13) -> 2089 | I14: =SUM(I6:I13) -> 2161 | J14: =(I14/H14)-1 -> 0.034466252 | K14: =SUM(K6:K13) -> 33046 | L14: =SUM(L6:L13) -> 33976 | M14: =(L14/K14)-1 -> 0.028142589

Sheet 9 e 10
A2: Quadro 9. Sinistralidade em Portugal por natureza
A4: =+'1'!A4 -> Janeiro-setembro | B4: AcV | E4: VM | H4: FG | K4: FL | N4: IGR
B5: 2019 | C5: 2024 | D5: 2025 | E5: 2019 | F5: 2024 | G5: 2025 | H5: 2019 | I5: 2024 | J5: 2025 | K5: 2019 | L5: 2024 | M5: 2025 | N5: 2019 | O5: 2024 | P5: 2025
A6: Atropelamento | B6: 3858 | C6: 3593 | D6: 3535 | E6: 50 | F6: 50 | G6: 27 | H6: 360 | I6: 323 | J6: 277 | K6: 3831 | L6: 3557 | M6: 3535 | N6: =E6/B6*100 -> 1.2960083 | O6: =F6/C6*100 -> 1.3915948 | P6: =G6/D6*100 -> 0.76379066
A7: Colisão | B7: 14561 | C7: 15136 | D7: 15581 | E7: 151 | F7: 158 | G7: 157 | H7: 843 | I7: 979 | J7: 1032 | K7: 19392 | L7: 19244 | M7: 19708 | N7: =E7/B7*100 -> 1.0370167 | O7: =F7/C7*100 -> 1.0438689 | P7: =G7/D7*100 -> 1.0076375
A8: Despiste | B8: 9051 | C8: 9527 | D8: 9859 | E8: 198 | F8: 164 | G8: 153 | H8: 743 | I8: 787 | J8: 852 | K8: 10079 | L8: 10245 | M8: 10733 | N8: =E8/B8*100 -> 2.1876036 | O8: =F8/C8*100 -> 1.7214233 | P8: =G8/D8*100 -> 1.5518815
A9: Total | B9: =SUM(B6:B8) -> 27470 | C9: =SUM(C6:C8) -> 28256 | D9: =SUM(D6:D8) -> 28975 | E9: =SUM(E6:E8) -> 399 | F9: =SUM(F6:F8) -> 372 | G9: =SUM(G6:G8) -> 337 | H9: =SUM(H6:H8) -> 1946 | I9: =SUM(I6:I8) -> 2089 | ... M9: =SUM(M6:M8) -> 33976 | N9: =E9/B9*100 -> 1.4524936 | O9: =F9/C9*100 -> 1.3165345 | P9: =G9/D9*100 -> 1.1630716
A11: Quadro 10. Sinistralidade em Portugal por natureza, taxas de variação
A13: =+'1'!A4 -> Janeiro-setembro | B13: AcV | E13: VM | H13: FG | K13: FL | N13: IGR
B14: ∆ (%)
B15: 25/19 | C15: 25/24 | E15: 25/19 | F15: 25/24 | H15: 25/19 | I15: 25/24 | K15: 25/19 | L15: 25/24 | N15: 25/19 | O15: 25/24
A16: Atropelamento | B16: =(D6/B6)-1 -> -0.083722136 | C16: =(D6/C6)-1 -> -0.016142499 | E16: =(G6/E6)-1 -> -0.46 | F16: =(G6/F6)-1 -> -0.46 | H16: =(J6/H6)-1 -> -0.23055556 | I16: =(J6/I6)-1 -> -0.14241486 | K16: =(M6/K6)-1 -> -0.077264422 | L16: =(M6/L6)-1 -> -0.0061849873 | N16: =(P6/N6)-1 -> -0.41065912 | O16: =(P6/O6)-1 -> -0.45114003
A17: Colisão | B17: =(D7/B7)-1 -> 0.070050134 | C17: =(D7/C7)-1 -> 0.029400106 | E17: =(G7/E7)-1 -> 0.039735099 | F17: =(G7/F7)-1 -> -0.0063291139 | H17: =(J7/H7)-1 -> 0.22419929 | I17: =(J7/I7)-1 -> 0.054136874 | K17: =(M7/K7)-1 -> 0.01629538 | L17: =(M7/L7)-1 -> 0.024111411 | N17: =(P7/N7)-1 -> -0.028330481 | O17: =(P7/O7)-1 -> -0.034708778
A18: Despiste | B18: =(D8/B8)-1 -> 0.089271904 | C18: =(D8/C8)-1 -> 0.034848326 | E18: =(G8/E8)-1 -> -0.22727273 | F18: =(G8/F8)-1 -> -0.067073171 | H18: =(J8/H8)-1 -> 0.14670256 | I18: =(J8/I8)-1 -> 0.082592122 | K18: =(M8/K8)-1 -> 0.06488739 | L18: =(M8/L8)-1 -> 0.047632992 | N18: =(P8/N8)-1 -> -0.29060203 | O18: =(P8/O8)-1 -> -0.098489309
A19: Total | B19: =(D9/B9)-1 -> 0.05478704 | C19: =(D9/C9)-1 -> 0.025445923 | E19: =(G9/E9)-1 -> -0.15538847 | F19: =(G9/F9)-1 -> -0.094086022 | H19: =(J9/H9)-1 -> 0.11048304 | I19: =(J9/I9)-1 -> 0.034466252 | K19: =(M9/K9)-1 -> 0.020239025 | L19: =(M9/L9)-1 -> 0.028142589 | N19: =(P9/N9)-1 -> -0.19925872 | O19: =(P9/O9)-1 -> -0.11656582

Sheet 11 e 12
A2: Quadro 11. Sinistralidade em Portugal por localização
A4: =+'1'!A4 -> Janeiro-setembro | B4: AcV | E4: VM | H4: FG | K4: FL | N4: IGR
B5: 2019 | C5: 2024 | D5: 2025 | E5: 2019 | F5: 2024 | G5: 2025 | H5: 2019 | I5: 2024 | J5: 2025 | K5: 2019 | L5: 2024 | M5: 2025 | N5: 2019 | O5: 2024 | P5: 2025
A6: Dentro das localidades | B6: 21796 | C6: 22389 | D6: 23018 | E6: 209 | F6: 211 | G6: 184 | H6: 1283 | I6: 1434 | J6: 1422 | K6: 25829 | L6: 25597 | M6: 26339 | N6: =E6/B6*100 -> 0.95889154 | O6: =F6/C6*100 -> 0.94242708 | P6: =G6/D6*100 -> 0.7993744
A7: Fora das localidades | B7: 5674 | C7: 5867 | D7: 5957 | E7: 190 | F7: 161 | G7: 153 | H7: 663 | I7: 655 | J7: 739 | K7: 7473 | L7: 7449 | M7: 7637 | N7: =E7/B7*100 -> 3.3486077 | O7: =F7/C7*100 -> 2.7441623 | P7: =G7/D7*100 -> 2.5684069
A8: Total | B8: =SUM(B6:B7) -> 27470 | C8: =SUM(C6:C7) -> 28256 | D8: =SUM(D6:D7) -> 28975 | E8: =SUM(E6:E7) -> 399 | F8: =SUM(F6:F7) -> 372 | G8: =SUM(G6:G7) -> 337 | H8: =SUM(H6:H7) -> 1946 | I8: =SUM(I6:I7) -> 2089 | ... M8: =SUM(M6:M7) -> 33976 | N8: =E8/B8*100 -> 1.4524936 | O8: =F8/C8*100 -> 1.3165345 | P8: =G8/D8*100 -> 1.1630716
A10: Quadro 12. Sinistralidade em Portugal, taxas de variação
A12: =+'1'!A4 -> Janeiro-setembro | B12: AcV | E12: VM | H12: FG | K12: FL | N12: IGR
B13: ∆ (%)
B14: 25/19 | C14: 25/24 | E14: 25/19 | F14: 25/24 | H14: 25/19 | I14: 25/24 | K14: 25/19 | L14: 25/24 | N14: 25/19 | O14: 25/24
A15: Dentro das localidades | B15: =(D6/B6)-1 -> 0.056065333 | C15: =(D6/C6)-1 -> 0.028094153 | E15: =(G6/E6)-1 -> -0.11961722 | F15: =(G6/F6)-1 -> -0.12796209 | H15: =(J6/H6)-1 -> 0.10833983 | I15: =(J6/I6)-1 -> -0.0083682008 | K15: =(M6/K6)-1 -> 0.019745248 | L15: =(M6/L6)-1 -> 0.028987772 | N15: =(P6/N6)-1 -> -0.16635577 | O15: =(P6/O6)-1 -> -0.15179178
A16: Fora das localidades | B16: =(D7/B7)-1 -> 0.04987663 | C16: =(D7/C7)-1 -> 0.015340037 | E16: =(G7/E7)-1 -> -0.19473684 | F16: =(G7/F7)-1 -> -0.049689441 | H16: =(J7/H7)-1 -> 0.11463047 | I16: =(J7/I7)-1 -> 0.12824427 | K16: =(M7/K7)-1 -> 0.021945671 | L16: =(M7/L7)-1 -> 0.025238287 | N16: =(P7/N7)-1 -> -0.23299259 | O16: =(P7/O7)-1 -> -0.064046995
A17: Total | B17: =(D8/B8)-1 -> 0.05478704 | C17: =(D8/C8)-1 -> 0.025445923 | E17: =(G8/E8)-1 -> -0.15538847 | F17: =(G8/F8)-1 -> -0.094086022 | H17: =(J8/H8)-1 -> 0.11048304 | I17: =(J8/I8)-1 -> 0.034466252 | K17: =(M8/K8)-1 -> 0.020239025 | L17: =(M8/L8)-1 -> 0.028142589 | N17: =(P8/N8)-1 -> -0.19925872 | O17: =(P8/O8)-1 -> -0.11656582

Sheet 13 e 14
A2: Quadro 13. Sinistralidade em Portugal por tipo de via
A4: =+'1'!A4 -> Janeiro-setembro | B4: AcV | E4: VM | H4: FG | K4: FL | N4: IGR
B5: 2019 | C5: 2024 | D5: 2025 | E5: 2019 | F5: 2024 | G5: 2025 | H5: 2019 | I5: 2024 | J5: 2025 | K5: 2019 | L5: 2024 | M5: 2025 | N5: 2019 | O5: 2024 | P5: 2025
A6: AE | B6: 1475 | C6: 1551 | D6: 1709 | E6: 44 | F6: 32 | G6: 34 | H6: 120 | I6: 109 | J6: 146 | K6: 2145 | L6: 2170 | M6: 2393 | N6: =E6/B6*100 -> 2.9830508 | O6: =F6/C6*100 -> 2.063185 | P6: =G6/D6*100 -> 1.9894675
A7: Arruamento | B7: 17960 | C7: 17695 | D7: 18058 | E7: 153 | F7: 127 | G7: 113 | H7: 996 | I7: 990 | J7: 971 | K7: 20959 | L7: 19963 | M7: 20287 | N7: =E7/B7*100 -> 0.8518931 | O7: =F7/C7*100 -> 0.71771687 | P7: =G7/D7*100 -> 0.62576144
A8: EM | B8: 1002 | C8: 956 | D8: 978 | E8: 25 | F8: 18 | G8: 23 | H8: 132 | I8: 126 | J8: 144 | K8: 1227 | L8: 1056 | M8: 1097 | N8: =E8/B8*100 -> 2.49501 | O8: =F8/C8*100 -> 1.8828452 | P8: =G8/D8*100 -> 2.3517382
A9: EN | B9: 4721 | C9: 5397 | D9: 5587 | E9: 111 | F9: 131 | G9: 109 | H9: 440 | I9: 580 | J9: 611 | K9: 6129 | L9: 6729 | M9: 6978 | N9: =E9/B9*100 -> 2.3511968 | O9: =F9/C9*100 -> 2.4272744 | P9: =G9/D9*100 -> 1.9509576
A10: ER | B10: 286 | C10: 380 | D10: 373 | E10: 5 | F10: 5 | G10: 8 | H10: 30 | I10: 47 | J10: 73 | K10: 366 | L10: 466 | M10: 463 | N10: =E10/B10*100 -> 1.7482517 | O10: =F10/C10*100 -> 1.3157895 | P10: =G10/D10*100 -> 2.1447721
A11: IC | B11: 685 | C11: 653 | D11: 676 | E11: 20 | F11: 20 | G11: 14 | H11: 68 | I11: 53 | J11: 51 | K11: 900 | L11: 819 | M11: 880 | N11: =E11/B11*100 -> 2.919708 | O11: =F11/C11*100 -> 3.0627871 | P11: =G11/D11*100 -> 2.0710059
A12: IP | B12: 180 | C12: 181 | D12: 165 | E12: 10 | F12: 1 | G12: 13 | H12: 22 | I12: 19 | J12: 18 | K12: 234 | L12: 241 | M12: 226 | N12: =E12/B12*100 -> 5.5555556 | O12: =F12/C12*100 -> 0.55248619 | P12: =G12/D12*100 -> 7.8787879
A13: Outras* | B13: 1161 | C13: 1443 | D13: 1429 | E13: 31 | F13: 38 | G13: 23 | H13: 138 | I13: 165 | J13: 147 | K13: 1342 | L13: 1602 | M13: 1652 | N13: =E13/B13*100 -> 2.670112 | O13: =F13/C13*100 -> 2.6334026 | P13: =G13/D13*100 -> 1.6095171
A14: Total | B14: =SUM(B6:B13) -> 27470 | C14: =SUM(C6:C13) -> 28256 | D14: =SUM(D6:D13) -> 28975 | E14: =SUM(E6:E13) -> 399 | F14: =SUM(F6:F13) -> 372 | G14: =SUM(G6:G13) -> 337 | H14: =SUM(H6:H13) -> 1946 | I14: =SUM(I6:I13) -> 2089 | ... M14: =SUM(M6:M13) -> 33976 | N14: =E14/B14*100 -> 1.4524936 | O14: =F14/C14*100 -> 1.3165345 | P14: =G14/D14*100 -> 1.1630716
A15: * Inclui acessos, estradas florestais, pontes, variantes e não definidas
A17: Quadro 14. Sinistralidade em Portugal por tipo de via, taxas de variação
A19: =+'1'!A4 -> Janeiro-setembro | B19: AcV | E19: VM | H19: FG | K19: FL | N19: IGR
B20: ∆ (%)
B21: 25/19 | C21: 25/24 | E21: 25/19 | F21: 25/24 | H21: 25/19 | I21: 25/24 | K21: 25/19 | L21: 25/24 | N21: 25/19 | O21: 25/24
A22: AE | B22: =(D6/B6)-1 -> 0.15864407 | C22: =(D6/C6)-1 -> 0.10186976 | E22: =(G6/E6)-1 -> -0.22727273 | F22: =(G6/F6)-1 -> 0.0625 | H22: =(J6/H6)-1 -> 0.21666667 | I22: =(J6/I6)-1 -> 0.33944954 | K22: =(M6/K6)-1 -> 0.11561772 | L22: =(M6/L6)-1 -> 0.10276498 | N22: =(P6/N6)-1 -> -0.33307623 | O22: =(P6/O6)-1 -> -0.035729959
A23: Arruamento | B23: =(D7/B7)-1 -> 0.0054565702 | C23: =(D7/C7)-1 -> 0.02051427 | E23: =(G7/E7)-1 -> -0.26143791 | F23: =(G7/F7)-1 -> -0.11023622 | H23: =(J7/H7)-1 -> -0.025100402 | I23: =(J7/I7)-1 -> -0.019191919 | K23: =(M7/K7)-1 -> -0.032062598 | L23: =(M7/L7)-1 -> 0.016230026 | N23: =(P7/N7)-1 -> -0.26544605 | O23: =(P7/O7)-1 -> -0.12812216
A24: EM | B24: =(D8/B8)-1 -> -0.023952096 | C24: =(D8/C8)-1 -> 0.023012552 | E24: =(G8/E8)-1 -> -0.08 | F24: =(G8/F8)-1 -> 0.27777778 | H24: =(J8/H8)-1 -> 0.090909091 | I24: =(J8/I8)-1 -> 0.14285714 | K24: =(M8/K8)-1 -> -0.10594947 | L24: =(M8/L8)-1 -> 0.038825758 | N24: =(P8/N8)-1 -> -0.057423313 | O24: =(P8/O8)-1 -> 0.24903431
A25: EN | B25: =(D9/B9)-1 -> 0.18343571 | C25: =(D9/C9)-1 -> 0.035204743 | E25: =(G9/E9)-1 -> -0.018018018 | F25: =(G9/F9)-1 -> -0.16793893 | H25: =(J9/H9)-1 -> 0.38863636 | I25: =(J9/I9)-1 -> 0.053448276 | K25: =(M9/K9)-1 -> 0.13852178 | L25: =(M9/L9)-1 -> 0.037004012 | N25: =(P9/N9)-1 -> -0.17022786 | O25: =(P9/O9)-1 -> -0.19623526
A26: ER | B26: =(D10/B10)-1 -> 0.3041958 | C26: =(D10/C10)-1 -> -0.018421053 | E26: =(G10/E10)-1 -> 0.6 | F26: =(G10/F10)-1 -> 0.6 | H26: =(J10/H10)-1 -> 1.4333333 | I26: =(J10/I10)-1 -> 0.55319149 | K26: =(M10/K10)-1 -> 0.26502732 | L26: =(M10/L10)-1 -> -0.0064377682 | N26: =(P10/N10)-1 -> 0.22680965 | O26: =(P10/O10)-1 -> 0.63002681
A27: IC | B27: =(D11/B11)-1 -> -0.013138686 | C27: =(D11/C11)-1 -> 0.035222052 | E27: =(G11/E11)-1 -> -0.3 | F27: =(G11/F11)-1 -> -0.3 | H27: =(J11/H11)-1 -> -0.25 | I27: =(J11/I11)-1 -> -0.037735849 | K27: =(M11/K11)-1 -> -0.022222222 | L27: =(M11/L11)-1 -> 0.074481074 | N27: =(P11/N11)-1 -> -0.29068047 | O27: =(P11/O11)-1 -> -0.32381657
A28: IP | B28: =(D12/B12)-1 -> -0.083333333 | C28: =(D12/C12)-1 -> -0.08839779 | E28: =(G12/E12)-1 -> 0.3 | F28: - | H28: =(J12/H12)-1 -> -0.18181818 | I28: =(J12/I12)-1 -> -0.052631579 | K28: =(M12/K12)-1 -> -0.034188034 | L28: =(M12/L12)-1 -> -0.062240664 | N28: =(P12/N12)-1 -> 0.41818182 | O28: -
A29: Outras* | B29: =(D13/B13)-1 -> 0.23083549 | C29: =(D13/C13)-1 -> -0.0097020097 | E29: =(G13/E13)-1 -> -0.25806452 | F29: =(G13/F13)-1 -> -0.39473684 | H29: =(J13/H13)-1 -> 0.065217391 | I29: =(J13/I13)-1 -> -0.10909091 | K29: =(M13/K13)-1 -> 0.23099851 | L29: =(M13/L13)-1 -> 0.031210986 | N29: =(P13/N13)-1 -> -0.39720987 | O29: =(P13/O13)-1 -> -0.38880704
A30: Total | B30: =(D14/B14)-1 -> 0.05478704 | C30: =(D14/C14)-1 -> 0.025445923 | E30: =(G14/E14)-1 -> -0.15538847 | F30: =(G14/F14)-1 -> -0.094086022 | H30: =(J14/H14)-1 -> 0.11048304 | I30: =(J14/I14)-1 -> 0.034466252 | K30: =(M14/K14)-1 -> 0.020239025 | L30: =(M14/L14)-1 -> 0.028142589 | N30: =(P14/N14)-1 -> -0.19925872 | O30: =(P14/O14)-1 -> -0.11656582
A31: * Inclui acessos, estradas florestais, pontes, variantes e não definidas

Sheet 15
A2: Quadro 15. Sinistralidade em Portugal por distrito e R. A.
A4: =+'1'!A4 -> Janeiro-setembro | B4: AcV | E4: VM | H4: FG | K4: FL
B5: 2024 | C5: 2025 | D5: ∆(%) 25/24 | E5: 2024 | F5: 2025 | G5: ∆(%) 25/24 | H5: 2024 | I5: 2025 | J5: ∆(%) 25/24 | K5: 2024 | L5: 2025 | M5: ∆(%) 25/24
A6: Aveiro | B6: 2158 | C6: 2184 | D6: =(C6/B6)-1 -> 0.012048193 | E6: 21 | F6: 28 | G6: =(F6/E6)-1 -> 0.33333333 | H6: 153 | I6: 118 | J6: =(I6/H6)-1 -> -0.22875817 | K6: 2478 | L6: 2500 | M6: =(L6/K6)-1 -> 0.0088781275
A7: Beja | B7: 399 | C7: 395 | D7: =(C7/B7)-1 -> -0.010025063 | E7: 16 | F7: 15 | G7: =(F7/E7)-1 -> -0.0625 | H7: 85 | I7: 76 | J7: =(I7/H7)-1 -> -0.10588235 | K7: 435 | L7: 475 | M7: =(L7/K7)-1 -> 0.091954023
A8: Braga | B8: 2449 | C8: 2578 | D8: =(C8/B8)-1 -> 0.052674561 | E8: 35 | F8: 21 | G8: =(F8/E8)-1 -> -0.4 | H8: 164 | I8: 152 | J8: =(I8/H8)-1 -> -0.073170732 | K8: 2941 | L8: 3090 | M8: =(L8/K8)-1 -> 0.05066304
A9: Bragança | B9: 289 | C9: 309 | D9: =(C9/B9)-1 -> 0.069204152 | E9: 9 | F9: 14 | G9: =(F9/E9)-1 -> 0.55555556 | H9: 38 | I9: 53 | J9: =(I9/H9)-1 -> 0.39473684 | K9: 342 | L9: 330 | M9: =(L9/K9)-1 -> -0.035087719
A10: C. Branco | B10: 409 | C10: 419 | D10: =(C10/B10)-1 -> 0.024449878 | E10: 8 | F10: 11 | G10: =(F10/E10)-1 -> 0.375 | H10: 53 | I10: 66 | J10: =(I10/H10)-1 -> 0.24528302 | K10: 467 | L10: 495 | M10: =(L10/K10)-1 -> 0.059957173
A11: Coimbra | B11: 1237 | C11: 1276 | D11: =(C11/B11)-1 -> 0.03152789 | E11: 20 | F11: 17 | G11: =(F11/E11)-1 -> -0.15 | H11: 82 | I11: 78 | J11: =(I11/H11)-1 -> -0.048780488 | K11: 1433 | L11: 1500 | M11: =(L11/K11)-1 -> 0.046755059
A12: Évora | B12: 390 | C12: 338 | D12: =(C12/B12)-1 -> -0.13333333 | E12: 9 | F12: 7 | G12: =(F12/E12)-1 -> -0.22222222 | H12: 58 | I12: 53 | J12: =(I12/H12)-1 -> -0.086206897 | K12: 443 | L12: 386 | M12: =(L12/K12)-1 -> -0.12866817
A13: Faro | B13: 1812 | C13: 1771 | D13: =(C13/B13)-1 -> -0.022626932 | E13: 26 | F13: 25 | G13: =(F13/E13)-1 -> -0.038461538 | H13: 160 | I13: 168 | J13: =(I13/H13)-1 -> 0.05 | K13: 2004 | L13: 1996 | M13: =(L13/K13)-1 -> -0.003992016
A14: Guarda | B14: 369 | C14: 322 | D14: =(C14/B14)-1 -> -0.12737127 | E14: 13 | F14: 5 | G14: =(F14/E14)-1 -> -0.61538462 | H14: 43 | I14: 24 | J14: =(I14/H14)-1 -> -0.44186047 | K14: 427 | L14: 381 | M14: =(L14/K14)-1 -> -0.10772834
A15: Leiria | B15: 1383 | C15: 1452 | D15: =(C15/B15)-1 -> 0.04989154 | E15: 27 | F15: 19 | G15: =(F15/E15)-1 -> -0.2962963 | H15: 134 | I15: 139 | J15: =(I15/H15)-1 -> 0.037313433 | K15: 1589 | L15: 1670 | M15: =(L15/K15)-1 -> 0.050975456
A16: Lisboa | B16: 5617 | C16: 5923 | D16: =(C16/B16)-1 -> 0.054477479 | E16: 47 | F16: 38 | G16: =(F16/E16)-1 -> -0.19148936 | H16: 237 | I16: 284 | J16: =(I16/H16)-1 -> 0.19831224 | K16: 6607 | L16: 6978 | M16: =(L16/K16)-1 -> 0.056152565
A17: Portalegre | B17: 244 | C17: 267 | D17: =(C17/B17)-1 -> 0.094262295 | E17: 7 | F17: 12 | G17: =(F17/E17)-1 -> 0.71428571 | H17: 41 | I17: 80 | J17: =(I17/H17)-1 -> 0.95121951 | K17: 261 | L17: 279 | M17: =(L17/K17)-1 -> 0.068965517
... A25: RA Madeira | B25: 736 | C25: 795 | D25: =(C25/B25)-1 -> 0.080163043 | E25: 7 | F25: 3 | G25: =(F25/E25)-1 -> -0.57142857 | H25: 55 | I25: 67 | J25: =(I25/H25)-1 -> 0.21818182 | K25: 832 | L25: 916 | M25: =(L25/K25)-1 -> 0.10096154
A26: Total | B26: =SUM(B6:B25) -> 28256 | C26: =SUM(C6:C25) -> 28975 | D26: =(C26/B26)-1 -> 0.025445923 | E26: =SUM(E6:E25) -> 372 | F26: =SUM(F6:F25) -> 337 | G26: =(F26/E26)-1 -> -0.094086022 | H26: =SUM(H6:H25) -> 2089 | I26: =SUM(I6:I25) -> 2161 | J26: =(I26/H26)-1 -> 0.034466252 | K26: =SUM(K6:K25) -> 33046 | L26: =SUM(L6:L25) -> 33976 | M26: =(L26/K26)-1 -> 0.028142589

Sheet 16 e 17
A2: Quadro 16. Sinistralidade em Portugal por categoria de utilizador
A4: =+'1'!A4 -> Janeiro-setembro | B4: VM | E4: FG | H4: FL
B5: 2019 | C5: 2024 | D5: 2025 | E5: 2019 | F5: 2024 | G5: 2025 | H5: 2019 | I5: 2024 | J5: 2025
A6: Condutores | B6: 250 | C6: 272 | D6: 254 | E6: 1211 | F6: 1424 | G6: 1531 | H6: 21537 | I6: 22533 | J6: 23430
A7: Passageiros | B7: 97 | C7: 47 | D7: 56 | E7: 355 | F7: 323 | G7: 352 | H7: 8033 | I7: 7080 | J7: 7106
A8: Peões | B8: 52 | C8: 53 | D8: 27 | E8: 380 | F8: 342 | G8: 278 | H8: 3732 | I8: 3433 | J8: 3440
A9: Total | B9: =SUM(B6:B8) -> 399 | C9: =SUM(C6:C8) -> 372 | D9: =SUM(D6:D8) -> 337 | E9: =SUM(E6:E8) -> 1946 | F9: =SUM(F6:F8) -> 2089 | G9: =SUM(G6:G8) -> 2161 | H9: =SUM(H6:H8) -> 33302 | I9: =SUM(I6:I8) -> 33046 | J9: =SUM(J6:J8) -> 33976
A11: Quadro 17. Sinistralidade em Portugal por categoria de utilizador, taxas de variação
A13: =+'1'!A4 -> Janeiro-setembro | B13: VM | E13: FG | H13: FL
B14: ∆ (%)
B15: 25/19 | C15: 25/24 | E15: 25/19 | F15: 25/24 | H15: 25/19 | I15: 25/24
A16: Condutores | B16: =(D6/B6)-1 -> 0.016 | C16: =(D6/C6)-1 -> -0.066176471 | E16: =(G6/E6)-1 -> 0.26424443 | F16: =(G6/F6)-1 -> 0.075140449 | H16: =(J6/H6)-1 -> 0.08789525 | I16: =(J6/I6)-1 -> 0.039808281
A17: Passageiros | B17: =(D7/B7)-1 -> -0.42268041 | C17: =(D7/C7)-1 -> 0.19148936 | E17: =(G7/E7)-1 -> -0.0084507042 | F17: =(G7/F7)-1 -> 0.089783282 | H17: =(J7/H7)-1 -> -0.11539898 | I17: =(J7/I7)-1 -> 0.0036723164
A18: Peões | B18: =(D8/B8)-1 -> -0.48076923 | C18: =(D8/C8)-1 -> -0.49056604 | E18: =(G8/E8)-1 -> -0.26842105 | F18: =(G8/F8)-1 -> -0.1871345 | H18: =(J8/H8)-1 -> -0.078242229 | I18: =(J8/I8)-1 -> 0.0020390329
A19: Total | B19: =(D9/B9)-1 -> -0.15538847 | C19: =(D9/C9)-1 -> -0.094086022 | E19: =(G9/E9)-1 -> 0.11048304 | F19: =(G9/F9)-1 -> 0.034466252 | H19: =(J9/H9)-1 -> 0.020239025 | I19: =(J9/I9)-1 -> 0.028142589

Sheet 18
A2: Quadro 18. Veículos intervenientes em acidentes com vítimas em Portugal por categoria de veículo
A4: =+'1'!A4 -> Janeiro-setembro | B4: Veículos Intervenientes
B5: 2019 | C5: 2024 | D5: 2025 | E5: ∆(%) 25/19 | F5: ∆(%) 25/24
A6: Veículos ligeiros | B6: 33307 | C6: 32252 | D6: 33025 | E6: =(D6/B6)-1 -> -0.0084666887 | F6: =(D6/C6)-1 -> 0.023967506
A7: Veículos pesados | B7: 1231 | C7: 1288 | D7: 1321 | E7: =(D7/B7)-1 -> 0.073111292 | F7: =(D7/C7)-1 -> 0.025621118
A8: Ciclomotores | B8: 1936 | C8: 1338 | D8: 1175 | E8: =(D8/B8)-1 -> -0.39307851 | F8: =(D8/C8)-1 -> -0.12182362
A9: Motociclos | B9: 5905 | C9: 7775 | D9: 8006 | E9: =(D9/B9)-1 -> 0.35580017 | F9: =(D9/C9)-1 -> 0.029710611
A10: Velocípedes | B10: 1893 | C10: 2784 | D10: 3257 | E10: =(D10/B10)-1 -> 0.72054939 | F10: =(D10/C10)-1 -> 0.16989943
A11: Veículos agrícolas | B11: 172 | C11: 186 | D11: 178 | E11: =(D11/B11)-1 -> 0.034883721 | F11: =(D11/C11)-1 -> -0.043010753
A12: Outros* | B12: 570 | C12: 605 | D12: 648 | E12: =(D12/B12)-1 -> 0.13684211 | F12: =(D12/C12)-1 -> 0.07107438
A13: Total | B13: =SUM(B6:B12) -> 45014 | C13: =SUM(C6:C12) -> 46228 | D13: =SUM(D6:D12) -> 47610 | E13: =(D13/B13)-1 -> 0.057670947 | F13: =(D13/C13)-1 -> 0.029895302
A14: * Inclui máquinas industriais, triciclos, quadriciclos, veículos de tração animal veículos sobre carris, desconhecidos e não definidos

Sheet 19 e 20
A2: Quadro 19. Sinistralidade em Portugal por categoria de veículo e peões
A4: =+'1'!A4 -> Janeiro-setembro | B4: VM | E4: FG | H4: FL | K4: Total de vítimas
B5: 2019 | C5: 2024 | D5: 2025 | E5: 2019 | F5: 2024 | G5: 2025 | H5: 2019 | I5: 2024 | J5: 2025 | K5: 2019 | L5: 2024 | M5: 2025
A6: Peões | B6: 52 | C6: 53 | D6: 27 | E6: 380 | F6: 342 | G6: 278 | H6: 3732 | I6: 3433 | J6: 3442 | K6: =B6+E6+H6 -> 4164 | L6: =C6+F6+I6 -> 3828 | M6: =D6+G6+J6 -> 3747
A7: Veículos ligeiros | B7: 177 | C7: 163 | D7: 157 | E7: 774 | F7: 735 | G7: 821 | H7: 19548 | I7: 17710 | J7: 17940 | K7: =B7+E7+H7 -> 20499 | L7: =C7+F7+I7 -> 18608 | M7: =D7+G7+J7 -> 18918
A8: Veículos pesados | B8: 35 | C8: 3 | D8: 7 | E8: 40 | F8: 17 | G8: 45 | H8: 462 | I8: 438 | J8: 529 | K8: =B8+E8+H8 -> 537 | L8: =C8+F8+I8 -> 458 | M8: =D8+G8+J8 -> 581
A9: Ciclomotores | B9: 25 | C9: 15 | D9: 9 | E9: 129 | F9: 113 | G9: 89 | H9: 1847 | I9: 1260 | J9: 1116 | K9: =B9+E9+H9 -> 2001 | L9: =C9+F9+I9 -> 1388 | M9: =D9+G9+J9 -> 1214
A10: Motociclos | B10: 79 | C10: 102 | D10: 105 | E10: 458 | F10: 697 | G10: 664 | H10: 5621 | I10: 7321 | J10: 7588 | K10: =B10+E10+H10 -> 6158 | L10: =C10+F10+I10 -> 8120 | M10: =D10+G10+J10 -> 8357
A11: Velocípedes | B11: 14 | C11: 20 | D11: 24 | E11: 101 | F11: 135 | G11: 195 | H11: 1684 | I11: 2571 | J11: 3002 | K11: =B11+E11+H11 -> 1799 | L11: =C11+F11+I11 -> 2726 | M11: =D11+G11+J11 -> 3221
A12: Veículos agrícolas | B12: 9 | C12: 11 | D12: 5 | E12: 23 | F12: 23 | G12: 23 | H12: 76 | I12: 102 | J12: 101 | K12: =B12+E12+H12 -> 108 | L12: =C12+F12+I12 -> 136 | M12: =D12+G12+J12 -> 129
A13: Outros | B13: 8 | C13: 5 | D13: 3 | E13: 41 | F13: 27 | G13: 46 | H13: 332 | I13: 211 | J13: 258 | K13: =B13+E13+H13 -> 381 | L13: =C13+F13+I13 -> 243 | M13: =D13+G13+J13 -> 307
A14: Total | B14: =SUM(B6:B13) -> 399 | C14: =SUM(C6:C13) -> 372 | D14: =SUM(D6:D13) -> 337 | E14: =SUM(E6:E13) -> 1946 | F14: =SUM(F6:F13) -> 2089 | G14: =SUM(G6:G13) -> 2161 | H14: =SUM(H6:H13) -> 33302 | I14: =SUM(I6:I13) -> 33046 | ... M14: =SUM(M6:M13) -> 36474
A15: * Inclui máquinas industriais, triciclos, quadriciclos, veículos de tração animal veículos sobre carris, desconhecidos e não definidos
A17: Quadro 20. Sinistralidade em Portugal por categoria de veículo e peões, taxas de variação
A19: =+'1'!A4 -> Janeiro-setembro | B19: VM | E19: FG | H19: FL | K19: Total de vítimas
B20: ∆ (%)
B21: 25/19 | C21: 25/24 | E21: 25/19 | F21: 25/24 | H21: 25/19 | I21: 25/24 | K21: 25/19 | L21: 25/24
A22: Peões | B22: =(D6/B6)-1 -> -0.48076923 | C22: =(D6/C6)-1 -> -0.49056604 | E22: =(G6/E6)-1 -> -0.26842105 | F22: =(G6/F6)-1 -> -0.1871345 | H22: =(J6/H6)-1 -> -0.077706324 | I22: =(J6/I6)-1 -> 0.0026216137 | K22: =(M6/K6)-1 -> -0.10014409 | L22: =(M6/L6)-1 -> -0.021159875
A23: Veículos ligeiros | B23: =(D7/B7)-1 -> -0.11299435 | C23: =(D7/C7)-1 -> -0.036809816 | E23: =(G7/E7)-1 -> 0.060723514 | F23: =(G7/F7)-1 -> 0.1170068 | H23: =(J7/H7)-1 -> -0.082259055 | I23: =(J7/I7)-1 -> 0.012987013 | K23: =(M7/K7)-1 -> -0.077125713 | L23: =(M7/L7)-1 -> 0.016659501
A24: Veículos pesados | B24: =(D8/B8)-1 -> -0.8 | C24: =(D8/C8)-1 -> 1.3333333 | E24: =(G8/E8)-1 -> 0.125 | F24: =(G8/F8)-1 -> 1.6470588 | H24: =(J8/H8)-1 -> 0.14502165 | I24: =(J8/I8)-1 -> 0.20776256 | K24: =(M8/K8)-1 -> 0.081936685 | L24: =(M8/L8)-1 -> 0.26855895
A25: Ciclomotores | B25: =(D9/B9)-1 -> -0.64 | C25: =(D9/C9)-1 -> -0.4 | E25: =(G9/E9)-1 -> -0.31007752 | F25: =(G9/F9)-1 -> -0.21238938 | H25: =(J9/H9)-1 -> -0.39577694 | I25: =(J9/I9)-1 -> -0.11428571 | K25: =(M9/K9)-1 -> -0.39330335 | L25: =(M9/L9)-1 -> -0.12536023
A26: Motociclos | B26: =(D10/B10)-1 -> 0.32911392 | C26: =(D10/C10)-1 -> 0.029411765 | E26: =(G10/E10)-1 -> 0.44978166 | F26: =(G10/F10)-1 -> -0.047345768 | H26: =(J10/H10)-1 -> 0.34993773 | I26: =(J10/I10)-1 -> 0.036470428 | K26: =(M10/K10)-1 -> 0.35709646 | L26: =(M10/L10)-1 -> 0.029187192
A27: Velocípedes | B27: =(D11/B11)-1 -> 0.71428571 | C27: =(D11/C11)-1 -> 0.2 | E27: =(G11/E11)-1 -> 0.93069307 | F27: =(G11/F11)-1 -> 0.44444444 | H27: =(J11/H11)-1 -> 0.78266033 | I27: =(J11/I11)-1 -> 0.16763905 | K27: =(M11/K11)-1 -> 0.79043913 | L27: =(M11/L11)-1 -> 0.18158474
A28: Veículos agrícolas | B28: =(D12/B12)-1 -> -0.44444444 | C28: =(D12/C12)-1 -> -0.54545455 | E28: =(G12/E12)-1 -> 0 | F28: =(G12/F12)-1 -> 0 | H28: =(J12/H12)-1 -> 0.32894737 | I28: =(J12/I12)-1 -> -0.0098039216 | K28: =(M12/K12)-1 -> 0.19444444 | L28: =(M12/L12)-1 -> -0.051470588
A29: Outros | B29: =(D13/B13)-1 -> -0.625 | C29: =(D13/C13)-1 -> -0.4 | E29: =(G13/E13)-1 -> 0.12195122 | F29: =(G13/F13)-1 -> 0.7037037 | H29: =(J13/H13)-1 -> -0.22289157 | I29: =(J13/I13)-1 -> 0.22274882 | K29: =(M13/K13)-1 -> -0.19422572 | L29: =(M13/L13)-1 -> 0.26337449
A30: Total | B30: =(D14/B14)-1 -> -0.15538847 | C30: =(D14/C14)-1 -> -0.094086022 | E30: =(G14/E14)-1 -> 0.11048304 | F30: =(G14/F14)-1 -> 0.034466252 | H30: =(J14/H14)-1 -> 0.020239025 | I30: =(J14/I14)-1 -> 0.028142589 | K30: =(M14/K14)-1 -> 0.023199708 | L30: =(M14/L14)-1 -> 0.027234067
A31: * Inclui máquinas industriais, triciclos, quadriciclos, veículos de tração animal veículos sobre carris, desconhecidos e não definidos

Sheet 21
A2: Quadro 21. Vítimas mortais por entidade gestora de via (EGV), resumo janeiro a setembro 2025
A4: Tipo de Gestão | B4: Entidade Gestora | C4: N.º VM / EGV | D4: Total VM | E4: % | F4: Total VM jan a set 2019 | G4: Variação 2025-2019
A5: Concessionária da Rede Rodoviária Nacional | B5: Infraestruturas Portugal | C5: 147 | D5: 147 | E5: 0.43620178 | F5: 157 | G5: -0.063694268
A6: Concessionárias do Estado | B6: Brisa | C6: 16 | D6: 16 | E6: 0.047477745 | F6: 28 | G6: -0.42857143
B7: Concessão Oeste | C7: 5 | D7: 5 | E7: 0.014836795 | F7: 0 | G7: -
B8: Ascendi | C8: 3 | D8: 3 | E8: 0.0089020772 | F8: 5 | G8: -0.4
B9: Concessão Douro Litoral | C9: 1 | D9: 1 | E9: 0.0029673591 | F9: 1 | G9: 0
B10: Concessão Norte Litoral | C10: 1 | D10: 1 | E10: 0.0029673591 | F10: 1 | G10: 0
B11: Interior Norte (NorScut) | C11: 1 | D11: 1 | E11: 0.0029673591 | F11: 0 | G11: -
B12: Concessão Litoral Centro | C12: 0 | D12: 0 | E12: 0 | F12: 1 | G12: -1
B13: Globalvia (Beira Interior) | C13: 0 | D13: 0 | E13: 0 | F13: 1 | G13: -1
B14: Lusoponte | C14: 0 | D14: 0 | E14: 0 | F14: 1 | G14: -1
B15: total | C15: - | D15: 27 | E15: 0.080118694 | F15: 38 | G15: -0.28947368
A16: Gestão Regiões Autónomas | B16: RA Açores | C16: 4 | D16: 4 | E16: 0.011869436 | F16: 3 | G16: 0.33333333
B17: RA Madeira | C17: 3 | D17: 3 | E17: 0.009 | F17: 36 | G17: -0.917
B18: total | C18: - | D18: 7 | E18: 0.021 | F18: 39 | G18: -0.821
A19: Gestão Municipal | B19: Palmela | C19: 6 | D19: 6 | E19: 0.017804154 | F19: - | G19: -
B20: Santa Maria da Feira | C20: 5 | D20: 5 | E20: 0.014836795
B21: Lisboa, Loures, Tavira | C21: 4 | D21: 12 | E21: 0.035608309 | F21: - | G21: -
B22: Alcobaça, Faro, Guimarães, Leiria, Miranda do Corvo, Ovar, Setúbal, Sintra, Vila Nova de Famalicão | C22: 3 | D22: 27 | E22: 0.080118694 | F22: - | G22: -
B23: Albufeira, Almada, Amarante, Aveiro, Barcelos, Benavente, Caminha, Cantanhede, Celorico de Basto, Covilhã, Gondomar, Guarda, Ílhavo, Macedo de Cavaleiros, Maia, Mogadouro, Montemor-o-velho, Oliveira de Azeméis, Paços de Ferreira, Rio Maior, Santa Marta de Penaguião, Seixal, Silves, Tomar, Torre de Moncorvo, Torres Vedras, Vagos, Viana do Castelo, Vila Nova de Gaia | C23: 2 | D23: 58 | E23: 0.17210682 | F23: - | G23: -
B24: Abrantes, Águeda, Ansião, Arouca, Baião, Bragança, Cadaval, Campo Maior, Castanheira de Pêra, Castelo Branco, Castro Daire, Castro Marim, Coimbra, Coruche, Estarreja, Fafe, Figueira da Foz, Figueira de Castelo Rodrigo, Grândola, Loulé, Mafra, Marco de Canaveses, Marinha Grande, Matosinhos, Moita, Montalegre, Montemor-o-novo, Moura, Nisa, Odemira, Odivelas, Oliveira do Hospital, Ourém, Paredes, Ponte de Lima, Portalegre, Portimão, Porto de Mós, Santarém, Seia, Sertã, Sousel, Trofa, Valongo, Vieira do Minho, Vila Franca de Xira, Vila Nova de Cerveira, Viseu | C24: 1 | D24: 48 | E24: 0.14243323 | F24: - | G24: -
B25: total | C25: - | D25: 156 | E25: 0.46290801 | F25: 165 | G25: -0.048484848
B26: TOTAL | C26: - | D26: 337 | E26: 1.0029674 | F26: 399 | G26: -0.15538847

Sheet 22
A2: Quadro 22. Condutores e veículos fiscalizados
A4: =+'1'!A4 -> Janeiro-setembro | B4: N.º Condutores / Veículos fiscalizados presencialmente | E4: N.º Veículos fiscalizados por radar | H4: Total de Condutores / Veículos fiscalizados
A5: Entidade fiscalizadora | B5: 2024 | C5: 2025 | D5: ∆(%) 25/24 | E5: 2024 | F5: 2025 | G5: ∆(%) 25/24 | H5: 2024 | I5: 2025 | J5: ∆(%) 25/24
A6: ANSR | B6: - | C6: - | D6: - | E6: 182233876 | F6: 222929721 | G6: =(F6/E6)-1 -> 0.22331657 | H6: 182233876 | I6: 222929721 | J6: =(I6/H6)-1 -> 0.22331657
A7: GNR | B7: 1341106 | C7: 1553661 | D7: =(C7/B7)-1 -> 0.15849232 | E7: 3170383 | F7: 11686206 | G7: =(F7/E7)-1 -> 2.686055 | H7: 4511489 | I7: 13239867 | J7: =(I7/H7)-1 -> 1.9347001
A8: PSP | B8: 494092 | C8: 521106 | D8: =(C8/B8)-1 -> 0.054674028 | E8: 1658573 | F8: 1840806 | G8: =(F8/E8)-1 -> 0.10987337 | H8: 2152665 | I8: 2361912 | J8: =(I8/H8)-1 -> 0.097203699
A9: PML(1) | B9: 8634 | C9: 27753 | D9: =(C9/B9)-1 -> 2.214385 | E9: 462611 | F9: 910258 | G9: =(F9/E9)-1 -> 0.96765317 | H9: 471245 | I9: 938011 | J9: =(I9/H9)-1 -> 0.99049539
A10: Total | B10: =SUM(B6:B9) -> 1843832 | C10: =SUM(C6:C9) -> 2102520 | D10: =(C10/B10)-1 -> 0.14029912 | E10: =SUM(E6:E9) -> 187525443 | F10: =SUM(F6:F9) -> 237366991 | G10: =(F10/E10)-1 -> 0.26578552 | H10: =SUM(H6:H9) -> 189369275 | I10: =SUM(I6:I9) -> 239469511 | J10: =(I10/H10)-1 -> 0.2645637
A11: (1) Na PML, os veículos fiscalizados por radar fixo correspondem ao número de infrações

Sheet 23
A2: Quadro 23. Infrações
A4: =+'1'!A4 -> Janeiro-setembro | B4: N.º Condutores / Veículos fiscalizados | E4: Total de infrações | H4: Taxa de infração
A5: Entidade fiscalizadora | B5: 2024 | C5: 2025 | D5: ∆(%) 25/24 | E5: 2024 | F5: 2025 | G5: ∆(%) 25/24 | H5: 2024 | I5: 2025 | J5: ∆(%) 25/24
A6: ANSR | B6: 182233876 | C6: 222929721 | D6: =(C6/B6)-1 -> 0.22331657 | E6: 460765 | F6: 422885 | G6: =(F6/E6)-1 -> -0.082211105 | H6: 0.0025284267 | I6: 0.0018969431 | J6: =(I6/H6)-1 -> -0.24975357
A7: GNR | B7: 4511489 | C7: 13239867 | D7: =(C7/B7)-1 -> 1.9347001 | E7: 140735 | F7: 180683 | G7: =(F7/E7)-1 -> 0.28385263 | H7: 0.031194801 | I7: 0.013646889 | J7: =(I7/H7)-1 -> -0.5625268
A8: PSP | B8: 2152665 | C8: 2361912 | D8: =(C8/B8)-1 -> 0.097203699 | E8: 145010 | F8: 177305 | G8: =(F8/E8)-1 -> 0.22270878 | H8: 0.067363013 | I8: 0.075068419 | J8: =(I8/H8)-1 -> 0.11438631
A9: PML(1) | B9: 471245 | C9: 938011 | D9: =(C9/B9)-1 -> 0.99049539 | E9: 180308 | F9: 276902 | G9: =(F9/E9)-1 -> 0.53571666 | H9: 0.17499085 | I9: 0.16417943 | J9: =(I9/H9)-1 -> -0.061782826
A10: Total (2) | B10: =SUM(B6:B9) -> 189369275 | C10: =SUM(C6:C9) -> 239469511 | D10: =(C10/B10)-1 -> 0.2645637 | E10: =SUM(E6:E9) -> 926818 | F10: =SUM(F6:F9) -> 1057775 | G10: =(F10/E10)-1 -> 0.14129743 | H10: 0.004270632 | I10: 0.003805468 | J10: =(I10/H10)-1 -> -0.10892159
A11: (1) Na PML, os veículos fiscalizados por radar fixo correspondem ao número de infrações, pelo que a taxa de infração apenas inclui radares móveis
A12: (2) Taxa de infração global: sem radares fixos PML (fiscalização e infrações)

Sheet 24
A2: Quadro 24. Tipologia de infrações
A4: =+'1'!A4 -> Janeiro-setembro | B4: Infrações
A5: Tipo de infração | B5: 2024 | C5: 2025 | D5: ∆(%) 25/24
A6: Velocidade | B6: 660539 | C6: 676853 | D6: =(C6/B6)-1 -> 0.024698012
A7: Álcool | B7: 22134 | C7: 23847 | D7: =(C7/B7)-1 -> 0.077392247
A8: Seguro | B8: 13215 | C8: 19552 | D8: =(C8/B8)-1 -> 0.47953084
A9: Inspeção periódica obrigatória | B9: 41689 | C9: 60598 | D9: =(C9/B9)-1 -> 0.45357288
A10: Telemóvel | B10: 11785 | C10: 17942 | D10: =(C10/B10)-1 -> 0.52244378
A11: Cintos de segurança | B11: 9859 | C11: 11897 | D11: =(C11/B11)-1 -> 0.20671468
A12: Sistemas de retenção para crianças | B12: 1396 | C12: 1694 | D12: =(C12/B12)-1 -> 0.21346705
A13: Outras | B13: 166201 | C13: 245392 | D13: =(C13/B13)-1 -> 0.47647728
A14: Total | B14: =SUM(B6:B13) -> 926818 | C14: =SUM(C6:C13) -> 1057775 | D14: =(C14/B14)-1 -> 0.14129743

Sheet 25
A2: Quadro 25. Infrações por excesso de velocidade
A4: =+'1'!A4 -> Janeiro-setembro | B4: N.º de veículos fiscalizados por radar | E4: Total de infrações
A5: Entidade fiscalizadora | B5: 2024 | C5: 2025 | D5: ∆(%) 25/24 | E5: 2024 | F5: 2025 | G5: ∆(%) 25/24
E6: N.º infrações Tx. Infração | G6: N.º infrações | H6: Tx. Infração
A7: ANSR | B7: 182233876 | C7: 222929721 | D7: =(C7/B7)-1 -> 0.22331657 | E7: 460765 | F7: 422885 | G7: =(F7/E7)-1 -> -0.082211105
E8: 0.0025284267 | F8: 0.0018969431 | H8: =(F8-E8)/E8 -> -0.24975357
A9: GNR | B9: 3170383 | C9: 11686206 | D9: =(C9/B9)-1 -> 2.686055 | E9: 55226 | F9: 66131 | G9: =(F9/E9)-1 -> 0.19746134
E10: 0.017419346 | F10: 0.0056588939 | H10: =(F10-E10)/E10 -> -0.67513742
A11: PSP | B11: 1658573 | C11: 1840806 | D11: =(C11/B11)-1 -> 0.10987337 | E11: 22919 | F11: 32404 | G11: =(F11/E11)-1 -> 0.41384877
E12: 0.013818505 | F12: 0.017603159 | H12: =(F12-E12)/E12 -> 0.27388296
A13: PML (1) | B13: 462611 | C13: 910258 | D13: =(C13/B13)-1 -> 0.96765317 | E13: 121629 | F13: 155433 | G13: =(F13/E13)-1 -> 0.27792714
E14: 0.0088107135 | F14: 0.010995562 | H14: =(F14-E14)/E14 -> 0.24797636
B15: =SUM(B7:B14) -> 187525443 | C15: =SUM(C7:C14) -> 237366991 | D15: =(C15/B15)-1 -> 0.26578552 | E15: =E7+E9+E11+E13 -> 660539 | F15: =F7+F9+F11+F13 -> 676853 | G15: =(F15/E15)-1 -> 0.024698012
A16: Total (2) | E16: 0.0028917887 | F16: 0.0022334209 | H16: =(F16-E16)/E16 -> -0.22766801
A17: (1) Na PML, os veículos fiscalizados por radar fixo correspondem ao número de infrações, pelo que a taxa de infração apenas inclui radares móveis
A18: (2) Taxa de infração global: sem radares fixos PML (fiscalização e infrações)

Sheet 26
A2: Quadro 26. Infrações por influência de álcool
A4: =+'1'!A4 -> Janeiro-setembro | B4: Testes efetuados | E4: Infrações
A5: Influência de álcool | B5: 2024 | C5: 2025 | D5: ∆(%) 25/24 | E5: 2024 | F5: 2025 | G5: ∆(%) 25/24
E6: N.º infrações Tx. Infração | G6: N.º infrações | H6: Tx. Infração
A7: Total | B7: 1342901 | C7: 1453793 | D7: =(C7/B7)-1 -> 0.082576452 | E7: 22134 | F7: 23847 | G7: =(F7/E7)-1 -> 0.077392247
E8: =E7/B7 -> 0.016482228 | F8: =F7/C7 -> 0.016403298 | H8: =(F8/E8)-1 -> -0.0047887655

Sheet 27
A2: Quadro 27. Detenções
A4: =+'1'!A4 -> Janeiro-setembro | B4: Detenções
A5: Tipo de infração | B5: 2024 | C5: 2025 | D5: ∆(%) 25/24
A6: Álcool | B6: 10384 | C6: 13650 | D6: =(C6/B6)-1 -> 0.31452234
A7: Falta de habilitação legal para condução | B7: 5963 | C7: 8293 | D7: =(C7/B7)-1 -> 0.39074291
A8: Outras | B8: 2796 | C8: 8227 | D8: =(C8/B8)-1 -> 1.9424177
A9: Total | B9: =SUM(B6:B8) -> 19143 | C9: =SUM(C6:C8) -> 30170 | D9: =(C9/B9)-1 -> 0.57603301

Sheet 28
A2: Quadro 28. Número de pontos disponíveis dos condutores que se encontravam sancionados com subtração de pontos em setembro de 2025
A4: Nº de pontos disponíveis | B4: Nº de condutores
A5: 0 | B5: 3872
A6: 1 | B6: 7
A7: 2 | B7: 49
A8: 3 | B8: 7798
A9: 4 | B9: 1139
A10: 5 | B10: 3111
A11: 6 | B11: 1383
A12: 7 | B12: 11133
A13: 8 | B13: 2721
A14: 9 | B14: 62687
A15: 10 | B15: 16363
A16: 11 | B16: 121756
... A18: 13 | B18: 549295
A19: Total | B19: =SUM(B5:B18) -> 813686

Sheet 29
A2: Quadro 29. Número de cartas cassadas, 2016 – setembro de 2025
A5: Ano | B5: 2016 | C5: 2017 | D5: 2018 | E5: 2019 | F5: 2020 | G5: 2021 | H5: 2022 | I5: 2023 | J5: 2024 | K5: 2025 (p) | L5: Total
A6: Nº de cartas cassadas | B6: 16 | C6: 64 | D6: 182 | E6: 668 | F6: 443 | G6: 439 | H6: 598 | I6: 577 | J6: 438 | K6: 311 | L6: =SUM(B6:K6) -> 3736
A7: (p) provisório
