Workbook

Sheet Índice
A1: SINISTRALIDADE RODOVIÁRIA A 30 DIAS
A3: QUADROS DE RESULTADOS
A5: Ano 2024
A7: SINISTRALIDADE
A9: ='1.1'!A1 -> Quadro 1.1 Sinistralidade em Portugal por mês
A10: ='1.2'!A1 -> Quadro 1.2 Sinistralidade em Portugal por dia da semana
A11: ='1.3'!A1 -> Quadro 1.3 Sinistralidade em Portugal por período horário
A12: ='1.4'!A1 -> Quadro 1.4 Sinistralidade em Portugal por fatores atmosféricos
A13: ='1.5'!A1 -> Quadro 1.5 Sinistralidade em Portugal por condições de luminosidade
A14: ='1.6'!A1 -> Quadro 1.6 Sinistralidade em Portugal por natureza do acidente
A15: ='1.7'!A1 -> Quadro 1.7 Sinistralidade em Portugal por natureza detalhada do acidente
A16: ='1.8'!A1 -> Quadro 1.8 Sinistralidade em Portugal por localização do acidente
A17: ='1.9'!A1 -> Quadro 1.9 Sinistralidade em Portugal por tipo de via
A18: ='1.10'!A1 -> Quadro 1.10 Sinistralidade em Portugal por distrito e R.A.
A20: VEÍCULOS INTERVENIENTES
A22: ='2.1'!A1 -> Quadro 2.1 Veículos intervenientes em acidentes com vítimas em Portugal por categoria e natureza do acidente
A23: ='2.2'!A1 -> Quadro 2.2 Veículos intervenientes em acidentes com vítimas em Portugal por categoria e idade do veículo
A24: Quadro 2.3 Veículos intervenientes em acidentes com vítimas em Portugal por NUTS I e categoria de veículo
A26: VÍTIMAS
A28: ='3.1'!A1 -> Quadro 3.1 Vítimas em Portugal por categoria de utente
A29: ='3.2'!A1 -> Quadro 3.2 Vítimas em Portugal por categoria de veículo
A30: ='3.3'!A1 -> Quadro 3.3 Vítimas em Portugal por sexo
A31: ='3.4'!A1 -> Quadro 3.4 Vítimas em Portugal por grupo etário
A32: ='3.5'!A1 -> Quadro 3.5 Vítimas mortais em Portugal por milhão de habitantes, segundo o grupo etário
A34: PEÕES
A36: ='4.1'!A1 -> Quadro 4.1 Peões vítimas em Portugal por regiões NUTS I
A37: ='4.2'!A1 -> Quadro 4.2 Evolução peões vítimas em Portugal, 2019 a 2024
A38: ='4.3'!A1 -> Quadro 4.3 Peões vítimas em Portugal por mês
A39: ='4.4'!A1 -> Quadro 4.4 Peões vítimas em Portugal por dia da semana
A40: ='4.5'!A1 -> Quadro 4.5 Peões vítimas em Portugal por período horário
A41: ='4.6'!A1 -> Quadro 4.6 Peões vítimas em Portugal por fatores atmosféricos
A42: ='4.7'!A1 -> Quadro 4.7 Peões vítimas em Portugal segundo a luminosidade
A43: ='4.8'!A1 -> Quadro 4.8 Peões vítimas em Portugal segundo a localização
A44: ='4.9'!A1 -> Quadro 4.9 Peões vítimas em Portugal por tipo de via
A45: ='4.10'!A1 -> Quadro 4.10 Peões vítimas em Portugal por distrito e R.A.
A46: ='4.11'!A1 -> Quadro 4.11 Peões vítimas em Portugal por ação do peão
A47: ='4.12'!A1 -> Quadro 4.12 Peões vítimas em Portugal por sexo
A48: ='4.13'!A1 -> Quadro 4.13 Peões vítimas em Portugal por grupo etário
A50: PASSAGEIROS
A52: ='5.1'!A1 -> Quadro 5.1 Passageiros vítimas em Portugal, por NUTS I
A53: ='5.2'!A1 -> Quadro 5.2 Passageiros vítimas em Portugal, 2019 a 2024
A54: ='5.3'!A1 -> Quadro 5.3 Passageiros vítimas em Portugal por mês
A55: ='5.4'!A1 -> Quadro 5.4 Passageiros vítimas em Portugal por dia da semana
A56: ='5.5'!A1 -> Quadro 5.5 Passageiros vítimas em Portugal por período horário
A57: ='5.6'!A1 -> Quadro 5.6 Passageiros vítimas em Portugal por fatores atmosféricos
A58: ='5.7'!A1 -> Quadro 5.7 Passageiros vítimas em Portugal por luminosidade
A59: ='5.8'!A1 -> Quadro 5.8 Passageiros vítimas em Portugal por natureza do acidente
A60: ='5.9'!A1 -> Quadro 5.9 Passageiros vítimas em Portugal por localização
A61: ='5.10'!A1 -> Quadro 5.10 Passageiros vítimas em Portugal por tipo de via
A62: ='5.11'!A1 -> Quadro 5.11 Passageiros vítimas em Portugal por distrito e R.A.
A63: ='5.12'!A1 -> Quadro 5.12 Passageiros vítimas em Portugal por grupo etário
A64: ='5.13'!A1 -> Quadro 5.13 Passageiros vítimas em Portugal por acesssório de segurança
A65: ='5.14'!A1 -> Quadro 5.14 Passageiros vítimas em Portugal por sexo
A67: CONDUTORES
A69: ='6.1'!A1 -> Quadro 6.1 Condutores vítimas em Portugal por região NUTS I
A70: ='6.2'!A1 -> Quadro 6.2 Evolução dos condutores vítimas em Portugal, 2019 a 2024
A71: ='6.3'!A1 -> Quadro 6.3 Condutores vítimas em Portugal por mês
A72: ='6.4'!A1 -> Quadro 6.4 Condutores vítimas em Portugal por dia da semana
A73: ='6.5'!A1 -> Quadro 6.5 Condutores vítimas em Portugal por período horário
A74: ='6.6'!A1 -> Quadro 6.6 Condutores vítimas em Portugal por fatores atmosféricos
A75: ='6.7'!A1 -> Quadro 6.7 Condutores vítimas em Portugal por luminosidade
A76: ='6.8'!A1 -> Quadro 6.8 Condutores vítimas em Portugal por natureza do acidente
A77: ='6.9'!A1 -> Quadro 6.9 Condutores vítimas em Portugal por localização
A78: ='6.10'!A1 -> Quadro 6.10 Condutores vítimas em Portugal por tipo de via
A79: ='6.11'!A1 -> Quadro 6.11 Condutores vítimas em Portugal por distrito e R.A.
A80: ='6.12'!A1 -> Quadro 6.12 Condutores vítimas em Portugal por situação da licença de condução
A81: ='6.13'!A1 -> Quadro 6.13 Condutores vítimas em Portugal por categoria de veículo
A82: ='6.14'!A1 -> Quadro 6.14 Condutores vítimas em Portugal por ações dos condutores
A83: ='6.15'!A1 -> Quadro 6.15 Condutores vítimas em Portugal por sexo
A84: ='6.16'!A1 -> Quadro 6.16 Condutores vítimas em Portugal por acessórios de segurança
A85: ='6.17'!A1 -> Quadro 6.17 Condutores vítimas em Portugal por grupo etário

Sheet Siglas
A1: SIGLAS E ABREVIATURAS
A3: ACAP | B3: Associação Automóvel de Portugal
A4: ANSR | B4: Autoridade Nacional de Segurança Rodoviária
A5: CE | B5: Comissão Europeia
A6: BEAV | B6: Boletim Estatístico de Acidente de Viação
A7: GNR | B7: Guarda Nacional Republicana
A8: PSP | B8: Polícia de Segurança Pública
A9: PML | B9: Polícia Municipal
A10: SINCRO | B10: Sistema Nacional de Controlo de Velocidade
A11: p.p. | B11: Pontos percentuais
A12: IGR | B12: Índice de gravidade
A13: EUROSTAT | B13: Serviço de Estatística da União Europeia
A14: IMT | B14: Instituto da Mobilidade e dos Transportes
... A23: AcV | B23: Acidente com vítimas

Sheet 1.1
A1: Quadro 1.1 Sinistralidade em Portugal por mês
A3: Mês | B3: AcV | F3: VM | J3: FG | N3: FL
B4: 2019 | C4: 2023 | D4: 2024 | E4: ∆(%) 24/23 | F4: 2019 | G4: 2023 | H4: 2024 | I4: ∆(%) 24/23 | J4: 2019 | K4: 2023 | L4: 2024 | M4: ∆(%) 24/23 | N4: 2019 | O4: 2023 | P4: 2024 | Q4: ∆(%) 24/23
A5: Jan | B5: 2953 | C5: 2780 | D5: 2798 | E5: =D5/C5-1 -> 0.0064748201 | F5: 68 | G5: 57 | H5: 45 | I5: =H5/G5-1 -> -0.21052632 | J5: 155 | K5: 177 | L5: 187 | M5: =L5/K5-1 -> 0.056497175 | N5: 3515 | O5: 3252 | P5: 3245 | Q5: =P5/O5-1 -> -0.0021525215
A6: Fev | B6: 2470 | C6: 2423 | D6: 2720 | E6: =D6/C6-1 -> 0.12257532 | F6: 48 | G6: 46 | H6: 41 | I6: =H6/G6-1 -> -0.10869565 | J6: 140 | K6: 161 | L6: 176 | M6: =L6/K6-1 -> 0.093167702 | N6: 2937 | O6: 2795 | P6: 3199 | Q6: =P6/O6-1 -> 0.14454383
A7: Mar | B7: 2998 | C7: 2800 | D7: 2768 | E7: =D7/C7-1 -> -0.011428571 | F7: 46 | G7: 43 | H7: 43 | I7: =H7/G7-1 -> 0 | J7: 202 | K7: 174 | L7: 172 | M7: =L7/K7-1 -> -0.011494253 | N7: 3603 | O7: 3248 | P7: 3217 | Q7: =P7/O7-1 -> -0.009544335
A8: Abr | B8: 2791 | C8: 2960 | D8: 3057 | E8: =D8/C8-1 -> 0.03277027 | F8: 71 | G8: 67 | H8: 43 | I8: =H8/G8-1 -> -0.35820896 | J8: 175 | K8: 222 | L8: 220 | M8: =L8/K8-1 -> -0.009009009 | N8: 3429 | O8: 3492 | P8: 3504 | Q8: =P8/O8-1 -> 0.0034364261
A9: Mai | B9: 3219 | C9: 3157 | D9: 3337 | E9: =D9/C9-1 -> 0.057016155 | F9: 55 | G9: 42 | H9: 56 | I9: =H9/G9-1 -> 0.33333333 | J9: 211 | K9: 198 | L9: 227 | M9: =L9/K9-1 -> 0.14646465 | N9: 3850 | O9: 3623 | P9: 3864 | Q9: =P9/O9-1 -> 0.066519459
A10: Jun | B10: 2978 | C10: 3193 | D10: 3235 | E10: =D10/C10-1 -> 0.013153774 | F10: 48 | G10: 54 | H10: 49 | I10: =H10/G10-1 -> -0.092592593 | J10: 211 | K10: 245 | L10: 228 | M10: =L10/K10-1 -> -0.069387755 | N10: 3613 | O10: 3686 | P10: 3783 | Q10: =P10/O10-1 -> 0.026315789
A11: Jul | B11: 3397 | C11: 3525 | D11: 3587 | E11: =D11/C11-1 -> 0.017588652 | F11: 49 | G11: 66 | H11: 65 | I11: =H11/G11-1 -> -0.015151515 | J11: 221 | K11: 274 | L11: 274 | M11: =L11/K11-1 -> 0 | N11: 4147 | O11: 4226 | P11: 4179 | Q11: =P11/O11-1 -> -0.011121628
A12: Ago | B12: 3448 | C12: 3544 | D12: 3388 | E12: =D12/C12-1 -> -0.044018059 | F12: 75 | G12: 64 | H12: 72 | I12: =H12/G12-1 -> 0.125 | J12: 297 | K12: 285 | L12: 265 | M12: =L12/K12-1 -> -0.070175439 | N12: 4303 | O12: 4247 | P12: 4071 | Q12: =P12/O12-1 -> -0.041441017
A13: Set | B13: 3216 | C13: 3229 | D13: 3366 | E13: =D13/C13-1 -> 0.042427996 | F13: 65 | G13: 67 | H13: 64 | I13: =H13/G13-1 -> -0.044776119 | J13: 226 | K13: 210 | L13: 243 | M13: =L13/K13-1 -> 0.15714286 | N13: 3887 | O13: 3811 | P13: 3975 | Q13: =P13/O13-1 -> 0.043033325
A14: Out | B14: 3445 | C14: 3140 | D14: 3363 | E14: =D14/C14-1 -> 0.071019108 | F14: 56 | G14: 55 | H14: 45 | I14: =H14/G14-1 -> -0.18181818 | J14: 189 | K14: 187 | L14: 204 | M14: =L14/K14-1 -> 0.090909091 | N14: 4095 | O14: 3638 | P14: 4014 | Q14: =P14/O14-1 -> 0.10335349
A15: Nov | B15: 3203 | C15: 2974 | D15: 3111 | E15: =D15/C15-1 -> 0.046065905 | F15: 54 | G15: 29 | H15: 41 | I15: =H15/G15-1 -> 0.4137931 | J15: 180 | K15: 173 | L15: 212 | M15: =L15/K15-1 -> 0.22543353 | N15: 3814 | O15: 3487 | P15: 3687 | Q15: =P15/O15-1 -> 0.057355893
A16: Dez | B16: 3133 | C16: 2870 | D16: 3307 | E16: =D16/C16-1 -> 0.15226481 | F16: 53 | G16: 52 | H16: 54 | I16: =H16/G16-1 -> 0.038461538 | J16: 176 | K16: 194 | L16: 218 | M16: =L16/K16-1 -> 0.12371134 | N16: 3741 | O16: 3368 | P16: 3869 | Q16: =P16/O16-1 -> 0.14875297
A17: Total | B17: =SUM(B5:B16) -> 37251 | C17: 36595 | D17: =SUM(D5:D16) -> 38037 | E17: =D17/C17-1 -> 0.03940429 | F17: =SUM(F5:F16) -> 688 | G17: =SUM(G5:G16) -> 642 | H17: =SUM(H5:H16) -> 618 | I17: =H17/G17-1 -> -0.037383178 | J17: =SUM(J5:J16) -> 2383 | K17: =SUM(K5:K16) -> 2500 | L17: =SUM(L5:L16) -> 2626 | M17: =L17/K17-1 -> 0.0504 | N17: =SUM(N5:N16) -> 44934 | O17: =SUM(O5:O16) -> 42873 | P17: =SUM(P5:P16) -> 44607 | Q17: =P17/O17-1 -> 0.040445035

Sheet 1.2
A1: Quadro 1.2 Sinistralidade em Portugal por dia da semana
A3: Dia da semana | B3: AcV | F3: VM | J3: FG | N3: FL
B4: 2019 | C4: 2023 | D4: 2024 | E4: ∆(%) 24/23 | F4: 2019 | G4: 2023 | H4: 2024 | I4: ∆(%) 24/23 | J4: 2019 | K4: 2023 | L4: 2024 | M4: ∆(%) 24/23 | N4: 2019 | O4: 2023 | P4: 2024 | Q4: ∆(%) 24/23
A5: 2.ª feira | B5: 5279 | C5: 5315 | D5: 5499 | E5: =D5/C5-1 -> 0.034619003 | F5: 91 | G5: 83 | H5: 60 | I5: =H5/G5-1 -> -0.27710843 | J5: 255 | K5: 325 | L5: 355 | M5: =L5/K5-1 -> 0.092307692 | N5: 6330 | O5: 6116 | P5: 6365 | Q5: =P5/O5-1 -> 0.040712884
A6: 3.ª feira | B6: 5388 | C6: 5138 | D6: 5592 | E6: =D6/C6-1 -> 0.08836123 | F6: 84 | G6: 66 | H6: 81 | I6: =H6/G6-1 -> 0.22727273 | J6: 326 | K6: 302 | L6: 346 | M6: =L6/K6-1 -> 0.14569536 | N6: 6452 | O6: 5969 | P6: 6508 | Q6: =P6/O6-1 -> 0.090299883
A7: 4.ª feira | B7: 5333 | C7: 5235 | D7: 5611 | E7: =D7/C7-1 -> 0.07182426 | F7: 98 | G7: 62 | H7: 71 | I7: =H7/G7-1 -> 0.14516129 | J7: 284 | K7: 320 | L7: 362 | M7: =L7/K7-1 -> 0.13125 | N7: 6384 | O7: 6065 | P7: 6418 | Q7: =P7/O7-1 -> 0.058202803
A8: 5.ª feira | B8: 5593 | C8: 5229 | D8: 5436 | E8: =D8/C8-1 -> 0.039586919 | F8: 88 | G8: 87 | H8: 79 | I8: =H8/G8-1 -> -0.091954023 | J8: 303 | K8: 295 | L8: 294 | M8: =L8/K8-1 -> -0.0033898305 | N8: 6588 | O8: 6154 | P8: 6359 | Q8: =P8/O8-1 -> 0.033311667
A9: 6.ª feira | B9: 5789 | C9: 5814 | D9: 5981 | E9: =D9/C9-1 -> 0.02872377 | F9: 104 | G9: 91 | H9: 102 | I9: =H9/G9-1 -> 0.12087912 | J9: 365 | K9: 335 | L9: 393 | M9: =L9/K9-1 -> 0.17313433 | N9: 6901 | O9: 6796 | P9: 6954 | Q9: =P9/O9-1 -> 0.02324897
A10: Sábado | B10: 5274 | C10: 5173 | D10: 5181 | E10: =D10/C10-1 -> 0.0015464914 | F10: 108 | G10: 131 | H10: 100 | I10: =H10/G10-1 -> -0.23664122 | J10: 441 | K10: 481 | L10: 432 | M10: =L10/K10-1 -> -0.1018711 | N10: 6454 | O10: 6159 | P10: 6201 | Q10: =P10/O10-1 -> 0.0068192888
A11: Domingo | B11: 4595 | C11: 4691 | D11: 4737 | E11: =D11/C11-1 -> 0.0098060115 | F11: 115 | G11: 122 | H11: 125 | I11: =H11/G11-1 -> 0.024590164 | J11: 409 | K11: 442 | L11: 444 | M11: =L11/K11-1 -> 0.0045248869 | N11: 5825 | O11: 5614 | P11: 5802 | Q11: =P11/O11-1 -> 0.033487709
A12: Total | B12: =SUM(B5:B11) -> 37251 | C12: =SUM(C5:C11) -> 36595 | D12: =SUM(D5:D11) -> 38037 | E12: =D12/C12-1 -> 0.03940429 | F12: =SUM(F5:F11) -> 688 | G12: =SUM(G5:G11) -> 642 | H12: =SUM(H5:H11) -> 618 | I12: =H12/G12-1 -> -0.037383178 | J12: =SUM(J5:J11) -> 2383 | K12: =SUM(K5:K11) -> 2500 | L12: =SUM(L5:L11) -> 2626 | M12: =L12/K12-1 -> 0.0504 | N12: =SUM(N5:N11) -> 44934 | O12: =SUM(O5:O11) -> 42873 | P12: =SUM(P5:P11) -> 44607 | Q12: =P12/O12-1 -> 0.040445035

Sheet 1.3
A1: Quadro 1.3 Sinistralidade em Portugal por período horário
A3: Período horário | B3: AcV | F3: VM | J3: FG | N3: FL
B4: 2019 | C4: 2023 | D4: 2024 | E4: ∆(%) 24/23 | F4: 2019 | G4: 2023 | H4: 2024 | I4: ∆(%) 24/23 | J4: 2019 | K4: 2023 | L4: 2024 | M4: ∆(%) 24/23 | N4: 2019 | O4: 2023 | P4: 2024 | Q4: ∆(%) 24/23
A5: [00:00-03:00[ | B5: 1387 | C5: 1274 | D5: 1309 | E5: =D5/C5-1 -> 0.027472527 | F5: 43 | G5: 44 | H5: 43 | I5: =H5/G5-1 -> -0.022727273 | J5: 155 | K5: 145 | L5: 136 | M5: =L5/K5-1 -> -0.062068966 | N5: 1656 | O5: 1525 | P5: 1558 | Q5: =P5/O5-1 -> 0.021639344
A6: [03:00-06:00[ | B6: 797 | C6: 791 | D6: 779 | E6: =D6/C6-1 -> -0.01517067 | F6: 26 | G6: 39 | H6: 32 | I6: =H6/G6-1 -> -0.17948718 | J6: 99 | K6: 107 | L6: 82 | M6: =L6/K6-1 -> -0.23364486 | N6: 937 | O6: 915 | P6: 890 | Q6: =P6/O6-1 -> -0.027322404
A7: [06:00-09:00[ | B7: 4157 | C7: 4043 | D7: 4367 | E7: =D7/C7-1 -> 0.080138511 | F7: 57 | G7: 69 | H7: 86 | I7: =H7/G7-1 -> 0.24637681 | J7: 225 | K7: 242 | L7: 282 | M7: =L7/K7-1 -> 0.16528926 | N7: 4975 | O7: 4681 | P7: 5094 | Q7: =P7/O7-1 -> 0.088229011
A8: [09:00-12:00[ | B8: 6047 | C8: 6014 | D8: 6404 | E8: =D8/C8-1 -> 0.064848686 | F8: 83 | G8: 83 | H8: 65 | I8: =H8/G8-1 -> -0.21686747 | J8: 294 | K8: 292 | L8: 320 | M8: =L8/K8-1 -> 0.095890411 | N8: 7098 | O8: 6961 | P8: 7391 | Q8: =P8/O8-1 -> 0.061772734
A9: [12:00-15:00[ | B9: 6561 | C9: 6560 | D9: 6837 | E9: =D9/C9-1 -> 0.04222561 | F9: 78 | G9: 97 | H9: 83 | I9: =H9/G9-1 -> -0.1443299 | J9: 326 | K9: 411 | L9: 439 | M9: =L9/K9-1 -> 0.068126521 | N9: 7969 | O9: 7692 | P9: 8075 | Q9: =P9/O9-1 -> 0.049791992
A10: [15:00-18:00[ | B10: 7745 | C10: 7989 | D10: 8095 | E10: =D10/C10-1 -> 0.013268244 | F10: 142 | G10: 104 | H10: 112 | I10: =H10/G10-1 -> 0.076923077 | J10: 464 | K10: 560 | L10: 542 | M10: =L10/K10-1 -> -0.032142857 | N10: 9561 | O10: 9567 | P10: 9572 | Q10: =P10/O10-1 -> 0.00052262987
A11: [18:00-21:00[ | B11: 7463 | C11: 7198 | D11: 7282 | E11: =D11/C11-1 -> 0.011669908 | F11: 181 | G11: 149 | H11: 131 | I11: =H11/G11-1 -> -0.12080537 | J11: 534 | K11: 518 | L11: 579 | M11: =L11/K11-1 -> 0.11776062 | N11: 8971 | O11: 8314 | P11: 8528 | Q11: =P11/O11-1 -> 0.025739716
A12: [21:00-00:00[ | B12: 3094 | C12: 2726 | D12: 2964 | E12: =D12/C12-1 -> 0.08730741 | F12: 78 | G12: 57 | H12: 66 | I12: =H12/G12-1 -> 0.15789474 | J12: 286 | K12: 225 | L12: 246 | M12: =L12/K12-1 -> 0.093333333 | N12: 3767 | O12: 3218 | P12: 3499 | Q12: =P12/O12-1 -> 0.087321318
A13: Total | B13: =SUM(B5:B12) -> 37251 | C13: =SUM(C5:C12) -> 36595 | D13: =SUM(D5:D12) -> 38037 | E13: =D13/C13-1 -> 0.03940429 | F13: =SUM(F5:F12) -> 688 | G13: =SUM(G5:G12) -> 642 | H13: =SUM(H5:H12) -> 618 | I13: =H13/G13-1 -> -0.037383178 | J13: =SUM(J5:J12) -> 2383 | K13: =SUM(K5:K12) -> 2500 | L13: =SUM(L5:L12) -> 2626 | M13: =L13/K13-1 -> 0.0504 | N13: =SUM(N5:N12) -> 44934 | O13: =SUM(O5:O12) -> 42873 | P13: =SUM(P5:P12) -> 44607 | Q13: =P13/O13-1 -> 0.040445035

Sheet 1.4
A1: Quadro 1.4 Sinistralidade em Portugal por fatores atmosféricos
A3: Fatores atmosféricos | B3: AcV | F3: VM | J3: FG | N3: FL
B4: 2019 | C4: 2023 | D4: 2024 | E4: ∆(%) 24/23 | F4: 2019 | G4: 2023 | H4: 2024 | I4: ∆(%) 24/23 | J4: 2019 | K4: 2023 | L4: 2024 | M4: ∆(%) 24/23 | N4: 2019 | O4: 2023 | P4: 2024 | Q4: ∆(%) 24/23
A5: Bom tempo | B5: 29835 | C5: 30949 | D5: 31629 | E5: =D5/C5-1 -> 0.021971631 | F5: 593 | G5: 573 | H5: 544 | I5: =H5/G5-1 -> -0.05061082 | J5: 2031 | K5: 2221 | L5: 2271 | M5: =L5/K5-1 -> 0.022512382 | N5: 35778 | O5: 35960 | P5: 36834 | Q5: =P5/O5-1 -> 0.024304783
A6: Chuva | B6: 7055 | C6: 5320 | D6: 6074 | E6: =D6/C6-1 -> 0.14172932 | F6: 88 | G6: 60 | H6: 66 | I6: =H6/G6-1 -> 0.1 | J6: 313 | K6: 249 | L6: 330 | M6: =L6/K6-1 -> 0.3253012 | N6: 8682 | O6: 6489 | P6: 7379 | Q6: =P6/O6-1 -> 0.13715519
A7: Nevoeiro | B7: 234 | C7: 215 | D7: 210 | E7: =D7/C7-1 -> -0.023255814 | F7: 3 | G7: 6 | H7: 5 | I7: =H7/G7-1 -> -0.16666667 | J7: 30 | K7: 25 | L7: 20 | M7: =L7/K7-1 -> -0.2 | N7: 302 | O7: 296 | P7: 251 | Q7: =P7/O7-1 -> -0.15202703
A8: Vento | B8: 30 | C8: 38 | D8: 55 | E8: =D8/C8-1 -> 0.44736842 | F8: 1 | G8: 2 | H8: 3 | I8: =H8/G8-1 -> 0.5 | J8: 3 | K8: 2 | L8: 2 | M8: =L8/K8-1 -> 0 | N8: 29 | O8: 44 | P8: 57 | Q8: =P8/O8-1 -> 0.29545455
A9: Neve | B9: 8 | C9: 20 | D9: 7 | E9: =D9/C9-1 -> -0.65 | F9: 0 | G9: 1 | H9: 0 | I9: =H9/G9-1 -> -1 | J9: 0 | K9: 2 | L9: 0 | M9: =L9/K9-1 -> -1 | N9: 14 | O9: 23 | P9: 13 | Q9: =P9/O9-1 -> -0.43478261
A10: Fumo | B10: 5 | C10: 2 | D10: 2 | E10: =D10/C10-1 -> 0 | F10: 2 | G10: 0 | H10: 0 | I10: - | J10: 5 | K10: 0 | L10: 0 | M10: - | N10: 7 | O10: 2 | P10: 2 | Q10: =P10/O10-1 -> 0
A11: Granizo | B11: 31 | C11: 11 | D11: 19 | E11: =D11/C11-1 -> 0.72727273 | F11: 1 | G11: 0 | H11: 0 | I11: - | J11: 1 | K11: 1 | L11: 1 | M11: =L11/K11-1 -> 0 | N11: 55 | O11: 14 | P11: 30 | Q11: =P11/O11-1 -> 1.1428571
A12: n.d. | B12: 53 | C12: 40 | D12: 41 | E12: =D12/C12-1 -> 0.025 | F12: 0 | G12: 0 | H12: 0 | I12: - | J12: 0 | K12: 0 | L12: 2 | M12: - | N12: 67 | O12: 45 | P12: 41 | Q12: =P12/O12-1 -> -0.088888889
A13: Total | B13: =SUM(B5:B12) -> 37251 | C13: =SUM(C5:C12) -> 36595 | D13: =SUM(D5:D12) -> 38037 | E13: =D13/C13-1 -> 0.03940429 | F13: =SUM(F5:F12) -> 688 | G13: =SUM(G5:G12) -> 642 | H13: =SUM(H5:H12) -> 618 | I13: =H13/G13-1 -> -0.037383178 | J13: =SUM(J5:J12) -> 2383 | K13: =SUM(K5:K12) -> 2500 | L13: =SUM(L5:L12) -> 2626 | M13: =L13/K13-1 -> 0.0504 | N13: =SUM(N5:N12) -> 44934 | O13: =SUM(O5:O12) -> 42873 | P13: =SUM(P5:P12) -> 44607 | Q13: =P13/O13-1 -> 0.040445035
A14: n.d. - não definido

Sheet 1.5
A1: Quadro 1.5 Sinistralidade em Portugal por condições de luminosidade
A3: Luminosidade | B3: AcV | F3: VM | J3: FG | N3: FL
B4: 2019 | C4: 2023 | D4: 2024 | E4: ∆(%) 24/23 | F4: 2019 | G4: 2023 | H4: 2024 | I4: ∆(%) 24/23 | J4: 2019 | K4: 2023 | L4: 2024 | M4: ∆(%) 24/23 | N4: 2019 | O4: 2023 | P4: 2024 | Q4: ∆(%) 24/23
A5: Dia | B5: 26208 | C5: 26915 | D5: 27981 | E5: =D5/C5-1 -> 0.039606168 | F5: 406 | G5: 391 | H5: 368 | I5: =H5/G5-1 -> -0.058823529 | J5: 1434 | K5: 1686 | L5: 1761 | M5: =L5/K5-1 -> 0.044483986 | N5: 31690 | O5: 31560 | P5: 32851 | Q5: =P5/O5-1 -> 0.04090621
A6: Noite | B6: 9463 | C6: 8334 | D6: 9016 | E6: =D6/C6-1 -> 0.081833453 | F6: 256 | G6: 219 | H6: 222 | I6: =H6/G6-1 -> 0.01369863 | J6: 843 | K6: 715 | L6: 761 | M6: =L6/K6-1 -> 0.064335664 | N6: 11350 | O6: 9742 | P6: 10556 | Q6: =P6/O6-1 -> 0.083555738
A7: Aurora/Crepúsculo | B7: 1559 | C7: 1345 | D7: 1040 | E7: =D7/C7-1 -> -0.2267658 | F7: 26 | G7: 32 | H7: 28 | I7: =H7/G7-1 -> -0.125 | J7: 105 | K7: 99 | L7: 104 | M7: =L7/K7-1 -> 0.050505051 | N7: 1867 | O7: 1570 | P7: 1200 | Q7: =P7/O7-1 -> -0.23566879
A8: n.d. | B8: 21 | C8: 1 | D8: 0 | E8: =D8/C8-1 -> -1 | F8: 0 | G8: 0 | H8: 0 | I8: - | J8: 1 | K8: 0 | L8: 0 | M8: - | N8: 27 | O8: 1 | P8: 0 | Q8: =P8/O8-1 -> -1
A9: Total | B9: =SUM(B5:B8) -> 37251 | C9: =SUM(C5:C8) -> 36595 | D9: =SUM(D5:D8) -> 38037 | E9: =D9/C9-1 -> 0.03940429 | F9: =SUM(F5:F8) -> 688 | G9: =SUM(G5:G8) -> 642 | H9: =SUM(H5:H8) -> 618 | I9: =H9/G9-1 -> -0.037383178 | J9: =SUM(J5:J8) -> 2383 | K9: =SUM(K5:K8) -> 2500 | L9: =SUM(L5:L8) -> 2626 | M9: =L9/K9-1 -> 0.0504 | N9: =SUM(N5:N8) -> 44934 | O9: =SUM(O5:O8) -> 42873 | P9: =SUM(P5:P8) -> 44607 | Q9: =P9/O9-1 -> 0.040445035
A10: n.d. - não definido

Sheet 1.6
A1: Quadro 1.6 Sinistralidade em Portugal por natureza do acidente
A3: Natureza | B3: AcV | F3: VM | J3: FG | N3: FL
B4: 2019 | C4: 2023 | D4: 2024 | E4: ∆(%) 24/23 | F4: 2019 | G4: 2023 | H4: 2024 | I4: ∆(%) 24/23 | J4: 2019 | K4: 2023 | L4: 2024 | M4: ∆(%) 24/23 | N4: 2019 | O4: 2023 | P4: 2024 | Q4: ∆(%) 24/23
A5: Atropelamento | B5: 5565 | C5: 4873 | D5: 5073 | E5: =D5/C5-1 -> 0.041042479 | F5: 134 | G5: 106 | H5: 107 | I5: =H5/G5-1 -> 0.0094339623 | J5: 427 | K5: 346 | L5: 404 | M5: =L5/K5-1 -> 0.16763006 | N5: 5513 | O5: 4787 | P5: 5030 | Q5: =P5/O5-1 -> 0.050762482
A6: Colisão | B6: 19518 | C6: 19238 | D6: 20356 | E6: =D6/C6-1 -> 0.058114149 | F6: 265 | G6: 260 | H6: 275 | I6: =H6/G6-1 -> 0.057692308 | J6: 1012 | K6: 1152 | L6: 1214 | M6: =L6/K6-1 -> 0.053819444 | N6: 25880 | O6: 24565 | P6: 26016 | Q6: =P6/O6-1 -> 0.059067779
A7: Despiste | B7: 12168 | C7: 12484 | D7: 12608 | E7: =D7/C7-1 -> 0.0099327139 | F7: 289 | G7: 276 | H7: 236 | I7: =H7/G7-1 -> -0.14492754 | J7: 944 | K7: 1002 | L7: 1008 | M7: =L7/K7-1 -> 0.005988024 | N7: 13541 | O7: 13521 | P7: 13561 | Q7: =P7/O7-1 -> 0.0029583611
A8: Total | B8: =SUM(B5:B7) -> 37251 | C8: =SUM(C5:C7) -> 36595 | D8: =SUM(D5:D7) -> 38037 | E8: =D8/C8-1 -> 0.03940429 | F8: =SUM(F5:F7) -> 688 | G8: =SUM(G5:G7) -> 642 | H8: =SUM(H5:H7) -> 618 | I8: =H8/G8-1 -> -0.037383178 | J8: =SUM(J5:J7) -> 2383 | K8: =SUM(K5:K7) -> 2500 | L8: =SUM(L5:L7) -> 2626 | M8: =L8/K8-1 -> 0.0504 | N8: =SUM(N5:N7) -> 44934 | O8: =SUM(O5:O7) -> 42873 | P8: =SUM(P5:P7) -> 44607 | Q8: =P8/O8-1 -> 0.040445035

Sheet 1.7
A1: Quadro 1.7 Sinistralidade em Portugal por natureza detalhada do acidente
A3: Natureza | C3: AcV | G3: VM | K3: FG | O3: FL
C4: 2019 | D4: 2023 | E4: 2024 | F4: ∆(%) 24/23 | G4: 2019 | H4: 2023 | I4: 2024 | J4: ∆(%) 24/23 | K4: 2019 | L4: 2023 | M4: 2024 | N4: ∆(%) 24/23 | O4: 2019 | P4: 2023 | Q4: 2024 | R4: ∆(%) 24/23
A5: Atropelamento | B5: Atropelamento com fuga | C5: 495 | D5: 532 | E5: 602 | F5: =E5/D5-1 -> 0.13157895 | G5: 11 | H5: 11 | I5: 11 | J5: =I5/H5-1 -> 0 | K5: 36 | L5: 34 | M5: 39 | N5: =M5/L5-1 -> 0.14705882 | O5: 468 | P5: 514 | Q5: 583 | R5: =Q5/P5-1 -> 0.13424125
B6: Atropelamento de animais | C6: 71 | D6: 116 | E6: 128 | F6: =E6/D6-1 -> 0.10344828 | G6: 1 | H6: 0 | I6: 0 | J6: - | K6: 0 | L6: 4 | M6: 3 | N6: =M6/L6-1 -> -0.25 | O6: 75 | P6: 119 | Q6: 140 | R6: =Q6/P6-1 -> 0.17647059
B7: Atropelamento de peões | C7: 4999 | D7: 4225 | E7: 4343 | F7: =E7/D7-1 -> 0.027928994 | G7: 122 | H7: 95 | I7: 96 | J7: =I7/H7-1 -> 0.010526316 | K7: 391 | L7: 308 | M7: 362 | N7: =M7/L7-1 -> 0.17532468 | O7: 4970 | P7: 4154 | Q7: 4307 | R7: =Q7/P7-1 -> 0.036831969
B8: Total | C8: =SUM(C5:C7) -> 5565 | D8: =SUM(D5:D7) -> 4873 | E8: =SUM(E5:E7) -> 5073 | F8: =E8/D8-1 -> 0.041042479 | G8: =SUM(G5:G7) -> 134 | H8: =SUM(H5:H7) -> 106 | I8: =SUM(I5:I7) -> 107 | J8: =I8/H8-1 -> 0.0094339623 | K8: =SUM(K5:K7) -> 427 | L8: =SUM(L5:L7) -> 346 | M8: =SUM(M5:M7) -> 404 | N8: =M8/L8-1 -> 0.16763006 | O8: =SUM(O5:O7) -> 5513 | P8: =SUM(P5:P7) -> 4787 | Q8: =SUM(Q5:Q7) -> 5030 | R8: =Q8/P8-1 -> 0.050762482
A9: Colisão | B9: Colisão choque em cadeia | C9: 723 | D9: 665 | E9: 698 | F9: =E9/D9-1 -> 0.04962406 | G9: 6 | H9: 5 | I9: 1 | J9: =I9/H9-1 -> -0.8 | K9: 14 | L9: 15 | M9: 12 | N9: =M9/L9-1 -> -0.2 | O9: 1174 | P9: 1081 | Q9: 1107 | R9: =Q9/P9-1 -> 0.024051804
B10: Colisão com fuga | C10: 631 | D10: 689 | E10: 811 | F10: =E10/D10-1 -> 0.17706821 | G10: 3 | H10: 5 | I10: 8 | J10: =I10/H10-1 -> 0.6 | K10: 30 | L10: 28 | M10: 34 | N10: =M10/L10-1 -> 0.21428571 | O10: 739 | P10: 757 | Q10: 882 | R10: =Q10/P10-1 -> 0.1651255
B11: Colisão com outras situações | C11: 3269 | D11: 2384 | E11: 2540 | F11: =E11/D11-1 -> 0.065436242 | G11: 33 | H11: 22 | I11: 19 | J11: =I11/H11-1 -> -0.13636364 | K11: 136 | L11: 122 | M11: 119 | N11: =M11/L11-1 -> -0.024590164 | O11: 4214 | P11: 2886 | Q11: 3090 | R11: =Q11/P11-1 -> 0.070686071
B12: Colisão com veiculo ou obstáculo na faixa de rodagem | C12: 1067 | D12: 1412 | E12: 1511 | F12: =E12/D12-1 -> 0.070113314 | G12: 13 | H12: 20 | I12: 23 | J12: =I12/H12-1 -> 0.15 | K12: 57 | L12: 95 | M12: 99 | N12: =M12/L12-1 -> 0.042105263 | O12: 1323 | P12: 1743 | Q12: 1823 | R12: =Q12/P12-1 -> 0.045897877
B13: Colisão frontal | C13: 2834 | D13: 2779 | E13: 2987 | F13: =E13/D13-1 -> 0.074847067 | G13: 110 | H13: 111 | I13: 120 | J13: =I13/H13-1 -> 0.081081081 | K13: 326 | L13: 368 | M13: 414 | N13: =M13/L13-1 -> 0.125 | O13: 4271 | P13: 4084 | Q13: 4455 | R13: =Q13/P13-1 -> 0.090842311
B14: Colisão lateral com outro veículo em movimento | C14: 6714 | D14: 7231 | E14: 7477 | F14: =E14/D14-1 -> 0.034020191 | G14: 63 | H14: 64 | I14: 69 | J14: =I14/H14-1 -> 0.078125 | K14: 298 | L14: 400 | M14: 393 | N14: =M14/L14-1 -> -0.0175 | O14: 8460 | P14: 8683 | Q14: 9104 | R14: =Q14/P14-1 -> 0.048485546
B15: Colisão traseira com outro veículo em movimento | C15: 4280 | D15: 4078 | E15: 4332 | F15: =E15/D15-1 -> 0.062285434 | G15: 37 | H15: 33 | I15: 35 | J15: =I15/H15-1 -> 0.060606061 | K15: 151 | L15: 124 | M15: 143 | N15: =M15/L15-1 -> 0.15322581 | O15: 5699 | P15: 5331 | Q15: 5555 | R15: =Q15/P15-1 -> 0.042018383
B16: Total | C16: =SUM(C9:C15) -> 19518 | D16: =SUM(D9:D15) -> 19238 | E16: =SUM(E9:E15) -> 20356 | F16: =E16/D16-1 -> 0.058114149 | G16: =SUM(G9:G15) -> 265 | H16: =SUM(H9:H15) -> 260 | I16: =SUM(I9:I15) -> 275 | J16: =I16/H16-1 -> 0.057692308 | K16: =SUM(K9:K15) -> 1012 | L16: =SUM(L9:L15) -> 1152 | M16: =SUM(M9:M15) -> 1214 | N16: =M16/L16-1 -> 0.053819444 | O16: =SUM(O9:O15) -> 25880 | P16: =SUM(P9:P15) -> 24565 | Q16: =SUM(Q9:Q15) -> 26016 | R16: =Q16/P16-1 -> 0.059067779
A17: Despiste | B17: Despiste com capotamento | C17: 2060 | D17: 2161 | E17: 2206 | F17: =E17/D17-1 -> 0.020823693 | G17: 105 | H17: 65 | I17: 51 | J17: =I17/H17-1 -> -0.21538462 | K17: 225 | L17: 205 | M17: 221 | N17: =M17/L17-1 -> 0.07804878 | O17: 2554 | P17: 2589 | Q17: 2591 | R17: =Q17/P17-1 -> 0.00077249903
B18: Despiste com colisão com veículo imobil. ou obstáculo | C18: 1193 | D18: 1583 | E18: 1632 | F18: =E18/D18-1 -> 0.030953885 | G18: 31 | H18: 52 | I18: 44 | J18: =I18/H18-1 -> -0.15384615 | K18: 106 | L18: 152 | M18: 162 | N18: =M18/L18-1 -> 0.065789474 | O18: 1336 | P18: 1718 | Q18: 1783 | R18: =Q18/P18-1 -> 0.037834692
B19: Despiste com dispositivo de retenção | C19: 570 | D19: 468 | E19: 457 | F19: =E19/D19-1 -> -0.023504274 | G19: 1 | H19: 9 | I19: 5 | J19: =I19/H19-1 -> -0.44444444 | K19: 21 | L19: 39 | M19: 27 | N19: =M19/L19-1 -> -0.30769231 | O19: 630 | P19: 519 | Q19: 501 | R19: =Q19/P19-1 -> -0.034682081
B20: Despiste com fuga | C20: 101 | D20: 133 | E20: 127 | F20: =E20/D20-1 -> -0.045112782 | G20: 0 | H20: 5 | I20: 1 | J20: =I20/H20-1 -> -0.8 | K20: 19 | L20: 7 | M20: 9 | N20: =M20/L20-1 -> 0.28571429 | O20: 111 | P20: 143 | Q20: 137 | R20: =Q20/P20-1 -> -0.041958042
B21: Despiste com transposição do dispositivo de retenção lateral | C21: 189 | D21: 173 | E21: 175 | F21: =E21/D21-1 -> 0.011560694 | G21: 13 | H21: 9 | I21: 8 | J21: =I21/H21-1 -> -0.11111111 | K21: 18 | L21: 25 | M21: 25 | N21: =M21/L21-1 -> 0 | O21: 227 | P21: 191 | Q21: 206 | R21: =Q21/P21-1 -> 0.078534031
B22: Despiste sem dispositivo de retenção | C22: 1892 | D22: 1949 | E22: 1899 | F22: =E22/D22-1 -> -0.025654182 | G22: 20 | H22: 21 | I22: 8 | J22: =I22/H22-1 -> -0.61904762 | K22: 100 | L22: 98 | M22: 97 | N22: =M22/L22-1 -> -0.010204082 | O22: 1975 | P22: 2020 | Q22: 1967 | R22: =Q22/P22-1 -> -0.026237624
B23: Despiste simples | C23: 6163 | D23: 6017 | E23: 6112 | F23: =E23/D23-1 -> 0.015788599 | G23: 119 | H23: 115 | I23: 119 | J23: =I23/H23-1 -> 0.034782609 | K23: 455 | L23: 476 | M23: 467 | N23: =M23/L23-1 -> -0.018907563 | O23: 6708 | P23: 6341 | Q23: 6376 | R23: =Q23/P23-1 -> 0.0055196341
B24: Total | C24: =SUM(C17:C23) -> 12168 | D24: =SUM(D17:D23) -> 12484 | E24: =SUM(E17:E23) -> 12608 | F24: =E24/D24-1 -> 0.0099327139 | G24: =SUM(G17:G23) -> 289 | H24: =SUM(H17:H23) -> 276 | I24: =SUM(I17:I23) -> 236 | J24: =I24/H24-1 -> -0.14492754 | K24: =SUM(K17:K23) -> 944 | L24: =SUM(L17:L23) -> 1002 | M24: =SUM(M17:M23) -> 1008 | N24: =M24/L24-1 -> 0.005988024 | O24: =SUM(O17:O23) -> 13541 | P24: =SUM(P17:P23) -> 13521 | Q24: =SUM(Q17:Q23) -> 13561 | R24: =Q24/P24-1 -> 0.0029583611
A25: Total | C25: =C24+C16+C8 -> 37251 | D25: =D24+D16+D8 -> 36595 | E25: =E24+E16+E8 -> 38037 | F25: =E25/D25-1 -> 0.03940429 | G25: =G24+G16+G8 -> 688 | H25: =H24+H16+H8 -> 642 | I25: =I24+I16+I8 -> 618 | J25: =I25/H25-1 -> -0.037383178 | K25: =K24+K16+K8 -> 2383 | L25: =L24+L16+L8 -> 2500 | M25: =M24+M16+M8 -> 2626 | N25: =M25/L25-1 -> 0.0504 | O25: =O24+O16+O8 -> 44934 | P25: =P24+P16+P8 -> 42873 | Q25: =Q24+Q16+Q8 -> 44607 | R25: =Q25/P25-1 -> 0.040445035

Sheet 1.8
A1: Quadro 1.8 Sinistralidade em Portugal por localização do acidente
A3: Localização | B3: AcV | F3: VM | J3: FG | N3: FL
B4: 2019 | C4: 2023 | D4: 2024 | E4: ∆(%) 24/23 | F4: 2019 | G4: 2023 | H4: 2024 | I4: ∆(%) 24/23 | J4: 2019 | K4: 2023 | L4: 2024 | M4: ∆(%) 24/23 | N4: 2019 | O4: 2023 | P4: 2024 | Q4: ∆(%) 24/23
A5: Dentro das localidades | B5: 29438 | C5: 28983 | D5: 30075 | E5: =D5/C5-1 -> 0.037677259 | F5: 394 | G5: 350 | H5: 355 | I5: =H5/G5-1 -> 0.014285714 | J5: 1559 | K5: 1682 | L5: 1782 | M5: =L5/K5-1 -> 0.059453032 | N5: 34669 | O5: 33107 | P5: 34481 | Q5: =P5/O5-1 -> 0.041501797
A6: Fora das localidades | B6: 7813 | C6: 7612 | D6: 7962 | E6: =D6/C6-1 -> 0.045980032 | F6: 294 | G6: 292 | H6: 263 | I6: =H6/G6-1 -> -0.099315068 | J6: 824 | K6: 818 | L6: 844 | M6: =L6/K6-1 -> 0.031784841 | N6: 10265 | O6: 9766 | P6: 10126 | Q6: =P6/O6-1 -> 0.036862584
A7: Total | B7: =SUM(B5:B6) -> 37251 | C7: =SUM(C5:C6) -> 36595 | D7: =SUM(D5:D6) -> 38037 | E7: =D7/C7-1 -> 0.03940429 | F7: =SUM(F5:F6) -> 688 | G7: =SUM(G5:G6) -> 642 | H7: =SUM(H5:H6) -> 618 | I7: =H7/G7-1 -> -0.037383178 | J7: =SUM(J5:J6) -> 2383 | K7: =SUM(K5:K6) -> 2500 | L7: =SUM(L5:L6) -> 2626 | M7: =L7/K7-1 -> 0.0504 | N7: =SUM(N5:N6) -> 44934 | O7: =SUM(O5:O6) -> 42873 | P7: =SUM(P5:P6) -> 44607 | Q7: =P7/O7-1 -> 0.040445035

Sheet 1.9
A1: Quadro 1.9 Sinistralidade em Portugal por tipo de via
A3: Tipo de via | B3: AcV | F3: VM | J3: FG | N3: FL
B4: 2019 | C4: 2023 | D4: 2024 | E4: ∆(%) 24/23 | F4: 2019 | G4: 2023 | H4: 2024 | I4: ∆(%) 24/23 | J4: 2019 | K4: 2023 | L4: 2024 | M4: ∆(%) 24/23 | N4: 2019 | O4: 2023 | P4: 2024 | Q4: ∆(%) 24/23
A5: AE | B5: 2146 | C5: 2010 | D5: 2172 | E5: =D5/C5-1 -> 0.080597015 | F5: 67 | G5: 49 | H5: 46 | I5: =H5/G5-1 -> -0.06122449 | J5: 168 | K5: 150 | L5: 150 | M5: =L5/K5-1 -> 0 | N5: 3084 | O5: 2836 | P5: 3024 | Q5: =P5/O5-1 -> 0.06629055
A6: Arruamento | B6: 24298 | C6: 22986 | D6: 23819 | E6: =D6/C6-1 -> 0.03623945 | F6: 295 | G6: 221 | H6: 211 | I6: =H6/G6-1 -> -0.045248869 | J6: 1204 | K6: 1158 | L6: 1241 | M6: =L6/K6-1 -> 0.071675302 | N6: 28157 | O6: 25828 | P6: 26924 | Q6: =P6/O6-1 -> 0.042434567
A7: EM | B7: 1335 | C7: 1264 | D7: 1234 | E7: =D7/C7-1 -> -0.023734177 | F7: 40 | G7: 31 | H7: 32 | I7: =H7/G7-1 -> 0.032258065 | J7: 157 | K7: 135 | L7: 144 | M7: =L7/K7-1 -> 0.066666667 | N7: 1609 | O7: 1481 | P7: 1376 | Q7: =P7/O7-1 -> -0.070898042
A8: EN | B8: 6372 | C8: 6965 | D8: 7229 | E8: =D8/C8-1 -> 0.037903805 | F8: 180 | G8: 199 | H8: 217 | I8: =H8/G8-1 -> 0.090452261 | J8: 549 | K8: 716 | L8: 734 | M8: =L8/K8-1 -> 0.025139665 | N8: 8241 | O8: 8668 | P8: 8985 | Q8: =P8/O8-1 -> 0.036571297
A9: ER | B9: 361 | C9: 509 | D9: 515 | E9: =D9/C9-1 -> 0.011787819 | F9: 10 | G9: 22 | H9: 12 | I9: =H9/G9-1 -> -0.45454545 | J9: 32 | K9: 72 | L9: 70 | M9: =L9/K9-1 -> -0.027777778 | N9: 468 | O9: 613 | P9: 639 | Q9: =P9/O9-1 -> 0.042414356
A10: IC | B10: 966 | C10: 829 | D10: 948 | E10: =D10/C10-1 -> 0.14354644 | F10: 31 | G10: 41 | H10: 34 | I10: =H10/G10-1 -> -0.17073171 | J10: 82 | K10: 67 | L10: 76 | M10: =L10/K10-1 -> 0.13432836 | N10: 1265 | O10: 1101 | P10: 1206 | Q10: =P10/O10-1 -> 0.095367847
A11: IP | B11: 263 | C11: 218 | D11: 242 | E11: =D11/C11-1 -> 0.11009174 | F11: 19 | G11: 17 | H11: 11 | I11: =H11/G11-1 -> -0.35294118 | J11: 26 | K11: 26 | L11: 24 | M11: =L11/K11-1 -> -0.076923077 | N11: 349 | O11: 269 | P11: 326 | Q11: =P11/O11-1 -> 0.21189591
A12: Outras vias* | B12: 1510 | C12: 1814 | D12: 1878 | E12: =D12/C12-1 -> 0.035281147 | F12: 46 | G12: 62 | H12: 55 | I12: =H12/G12-1 -> -0.11290323 | J12: 165 | K12: 176 | L12: 187 | M12: =L12/K12-1 -> 0.0625 | N12: 1761 | O12: 2077 | P12: 2127 | Q12: =P12/O12-1 -> 0.024073182
A13: Total | B13: =SUM(B5:B12) -> 37251 | C13: =SUM(C5:C12) -> 36595 | D13: =SUM(D5:D12) -> 38037 | E13: =D13/C13-1 -> 0.03940429 | F13: =SUM(F5:F12) -> 688 | G13: =SUM(G5:G12) -> 642 | H13: =SUM(H5:H12) -> 618 | I13: =H13/G13-1 -> -0.037383178 | J13: =SUM(J5:J12) -> 2383 | K13: =SUM(K5:K12) -> 2500 | L13: =SUM(L5:L12) -> 2626 | M13: =L13/K13-1 -> 0.0504 | N13: =SUM(N5:N12) -> 44934 | O13: =SUM(O5:O12) -> 42873 | P13: =SUM(P5:P12) -> 44607 | Q13: =P13/O13-1 -> 0.040445035
A14: *Inclui acessos, estradas florestais, pontes, variantes e não definidas

Sheet 1.10
A1: Quadro 1.10 Sinistralidade em Portugal por distrito e R.A.
A3: Distrito e R.A. | B3: AcV | F3: VM | J3: FG | N3: FL
B4: 2019 | C4: 2023 | D4: 2024 | E4: ∆(%) 24/23 | F4: 2019 | G4: 2023 | H4: 2024 | I4: ∆(%) 24/23 | J4: 2019 | K4: 2023 | L4: 2024 | M4: ∆(%) 24/23 | N4: 2019 | O4: 2023 | P4: 2024 | Q4: ∆(%) 24/23
A5: Aveiro | B5: 2815 | C5: 2868 | D5: 2898 | E5: =D5/C5-1 -> 0.010460251 | F5: 42 | G5: 44 | H5: 39 | I5: =H5/G5-1 -> -0.11363636 | J5: 135 | K5: 189 | L5: 190 | M5: =L5/K5-1 -> 0.0052910053 | N5: 3362 | O5: 3339 | P5: 3385 | Q5: =P5/O5-1 -> 0.01377658
A6: Beja | B6: 468 | C6: 486 | D6: 520 | E6: =D6/C6-1 -> 0.069958848 | F6: 37 | G6: 28 | H6: 28 | I6: =H6/G6-1 -> 0 | J6: 68 | K6: 83 | L6: 106 | M6: =L6/K6-1 -> 0.27710843 | N6: 566 | O6: 570 | P6: 578 | Q6: =P6/O6-1 -> 0.014035088
A7: Braga | B7: 3180 | C7: 3291 | D7: 3312 | E7: =D7/C7-1 -> 0.0063810392 | F7: 45 | G7: 50 | H7: 44 | I7: =H7/G7-1 -> -0.12 | J7: 153 | K7: 181 | L7: 220 | M7: =L7/K7-1 -> 0.21546961 | N7: 3988 | O7: 3951 | P7: 4028 | Q7: =P7/O7-1 -> 0.019488737
A8: Bragança | B8: 412 | C8: 394 | D8: 393 | E8: =D8/C8-1 -> -0.0025380711 | F8: 8 | G8: 7 | H8: 10 | I8: =H8/G8-1 -> 0.42857143 | J8: 48 | K8: 47 | L8: 48 | M8: =L8/K8-1 -> 0.021276596 | N8: 488 | O8: 472 | P8: 469 | Q8: =P8/O8-1 -> -0.0063559322
A9: C. Branco | B9: 527 | C9: 565 | D9: 547 | E9: =D9/C9-1 -> -0.031858407 | F9: 14 | G9: 24 | H9: 14 | I9: =H9/G9-1 -> -0.41666667 | J9: 66 | K9: 72 | L9: 64 | M9: =L9/K9-1 -> -0.11111111 | N9: 628 | O9: 660 | P9: 616 | Q9: =P9/O9-1 -> -0.066666667
A10: Coimbra | B10: 1624 | C10: 1602 | D10: 1635 | E10: =D10/C10-1 -> 0.020599251 | F10: 40 | G10: 36 | H10: 32 | I10: =H10/G10-1 -> -0.11111111 | J10: 79 | K10: 83 | L10: 103 | M10: =L10/K10-1 -> 0.24096386 | N10: 1952 | O10: 1856 | P10: 1897 | Q10: =P10/O10-1 -> 0.022090517
A11: Évora | B11: 444 | C11: 458 | D11: 515 | E11: =D11/C11-1 -> 0.12445415 | F11: 17 | G11: 12 | H11: 16 | I11: =H11/G11-1 -> 0.33333333 | J11: 71 | K11: 76 | L11: 68 | M11: =L11/K11-1 -> -0.10526316 | N11: 545 | O11: 532 | P11: 591 | Q11: =P11/O11-1 -> 0.11090226
A12: Faro | B12: 2154 | C12: 2149 | D12: 2363 | E12: =D12/C12-1 -> 0.099581201 | F12: 44 | G12: 43 | H12: 43 | I12: =H12/G12-1 -> 0 | J12: 214 | K12: 184 | L12: 199 | M12: =L12/K12-1 -> 0.081521739 | N12: 2449 | O12: 2401 | P12: 2606 | Q12: =P12/O12-1 -> 0.085381091
A13: Guarda | B13: 433 | C13: 440 | D13: 480 | E13: =D13/C13-1 -> 0.090909091 | F13: 19 | G13: 15 | H13: 19 | I13: =H13/G13-1 -> 0.26666667 | J13: 58 | K13: 50 | L13: 48 | M13: =L13/K13-1 -> -0.04 | N13: 509 | O13: 527 | P13: 558 | Q13: =P13/O13-1 -> 0.058823529
A14: Leiria | B14: 1822 | C14: 1802 | D14: 1857 | E14: =D14/C14-1 -> 0.030521643 | F14: 45 | G14: 38 | H14: 45 | I14: =H14/G14-1 -> 0.18421053 | J14: 123 | K14: 151 | L14: 177 | M14: =L14/K14-1 -> 0.17218543 | N14: 2132 | O14: 2117 | P14: 2120 | Q14: =P14/O14-1 -> 0.0014170997
A15: Lisboa | B15: 8232 | C15: 7248 | D15: 7694 | E15: =D15/C15-1 -> 0.061534216 | F15: 76 | G15: 60 | H15: 76 | I15: =H15/G15-1 -> 0.26666667 | J15: 337 | K15: 298 | L15: 313 | M15: =L15/K15-1 -> 0.05033557 | N15: 9820 | O15: 8460 | P15: 9035 | Q15: =P15/O15-1 -> 0.067966903
A16: Portalegre | B16: 303 | C16: 331 | D16: 326 | E16: =D16/C16-1 -> -0.01510574 | F16: 17 | G16: 19 | H16: 11 | I16: =H16/G16-1 -> -0.42105263 | J16: 52 | K16: 41 | L16: 62 | M16: =L16/K16-1 -> 0.51219512 | N16: 365 | O16: 389 | P16: 364 | Q16: =P16/O16-1 -> -0.064267352
... A24: R.A. Madeira | B24: 936 | C24: 1001 | D24: 1018 | E24: =D24/C24-1 -> 0.016983017 | F24: 41 | G24: 11 | H24: 11 | I24: =H24/G24-1 -> 0 | J24: 109 | K24: 97 | L24: 73 | M24: =L24/K24-1 -> -0.24742268 | N24: 1065 | O24: 1124 | P24: 1159 | Q24: =P24/O24-1 -> 0.03113879
A25: Total | B25: =SUM(B5:B24) -> 37251 | C25: =SUM(C5:C24) -> 36595 | D25: =SUM(D5:D24) -> 38037 | E25: =D25/C25-1 -> 0.03940429 | F25: =SUM(F5:F24) -> 688 | G25: =SUM(G5:G24) -> 642 | H25: =SUM(H5:H24) -> 618 | I25: =H25/G25-1 -> -0.037383178 | J25: =SUM(J5:J24) -> 2383 | K25: =SUM(K5:K24) -> 2500 | L25: =SUM(L5:L24) -> 2626 | M25: =L25/K25-1 -> 0.0504 | N25: =SUM(N5:N24) -> 44934 | O25: =SUM(O5:O24) -> 42873 | P25: =SUM(P5:P24) -> 44607 | Q25: =P25/O25-1 -> 0.040445035

Sheet 2.1
A1: Quadro 2.1 Veículos intervenientes em acidentes com vítimas em Portugal por categoria e natureza do acidente
A3: Categoria veículo e natureza | C3: Atropelamento | G3: Colisão | K3: Despiste | O3: Total
C4: 2019 | D4: 2023 | E4: 2024 | F4: ∆(%) 24/23 | G4: 2019 | H4: 2023 | I4: 2024 | J4: ∆(%) 24/23 | K4: 2019 | L4: 2023 | M4: 2024 | N4: ∆(%) 24/23 | O4: 2019 | P4: 2023 | Q4: 2024 | R4: ∆(%) 24/23
A5: Veículo Ligeiro | B5: Passageiros | C5: 3999 | D5: 3421 | E5: 3550 | F5: =E5/D5-1 -> 0.037708272 | G5: 26869 | H5: 24957 | I5: 26450 | J5: =I5/H5-1 -> 0.059822895 | K5: 6460 | L5: 6510 | M5: 6496 | N5: =M5/L5-1 -> -0.0021505376 | O5: =C5+G5+K5 -> 37328 | P5: =D5+H5+L5 -> 34888 | Q5: =E5+I5+M5 -> 36496 | R5: =Q5/P5-1 -> 0.046090346
B6: Mercadorias | C6: 822 | D6: 753 | E6: 693 | F6: =E6/D6-1 -> -0.079681275 | G6: 5528 | H6: 5178 | I6: 5101 | J6: =I6/H6-1 -> -0.014870606 | K6: 1376 | L6: 1231 | M6: 1192 | N6: =M6/L6-1 -> -0.03168156 | O6: =C6+G6+K6 -> 7726 | P6: =D6+H6+L6 -> 7162 | Q6: =E6+I6+M6 -> 6986 | R6: =Q6/P6-1 -> -0.024574141
B7: Outros | C7: 35 | D7: 40 | E7: 25 | F7: =E7/D7-1 -> -0.375 | G7: 322 | H7: 256 | I7: 262 | J7: =I7/H7-1 -> 0.0234375 | K7: 94 | L7: 48 | M7: 63 | N7: =M7/L7-1 -> 0.3125 | O7: =C7+G7+K7 -> 451 | P7: =D7+H7+L7 -> 344 | Q7: =E7+I7+M7 -> 350 | R7: =Q7/P7-1 -> 0.01744186
B8: n.d. | C8: 108 | D8: 103 | E8: 116 | F8: =E8/D8-1 -> 0.12621359 | G8: 39 | H8: 38 | I8: 43 | J8: =I8/H8-1 -> 0.13157895 | K8: 13 | L8: 6 | M8: 4 | N8: =M8/L8-1 -> -0.33333333 | O8: =C8+G8+K8 -> 160 | P8: =D8+H8+L8 -> 147 | Q8: =E8+I8+M8 -> 163 | R8: =Q8/P8-1 -> 0.10884354
B9: Total | C9: =SUM(C5:C8) -> 4964 | D9: =SUM(D5:D8) -> 4317 | E9: =SUM(E5:E8) -> 4384 | F9: =E9/D9-1 -> 0.015520037 | G9: =SUM(G5:G8) -> 32758 | H9: =SUM(H5:H8) -> 30429 | I9: =SUM(I5:I8) -> 31856 | J9: =I9/H9-1 -> 0.046896053 | K9: =SUM(K5:K8) -> 7943 | L9: =SUM(L5:L8) -> 7795 | M9: =SUM(M5:M8) -> 7755 | N9: =M9/L9-1 -> -0.0051314945 | O9: =SUM(O5:O8) -> 45665 | P9: =SUM(P5:P8) -> 42541 | Q9: =SUM(Q5:Q8) -> 43995 | R9: =Q9/P9-1 -> 0.034178792
A10: Veículo Pesado | B10: Passageiros | C10: 104 | D10: 109 | E10: 122 | F10: =E10/D10-1 -> 0.11926606 | G10: 364 | H10: 353 | I10: 415 | J10: =I10/H10-1 -> 0.17563739 | K10: 26 | L10: 31 | M10: 27 | N10: =M10/L10-1 -> -0.12903226 | O10: =C10+G10+K10 -> 494 | P10: =D10+H10+L10 -> 493 | Q10: =E10+I10+M10 -> 564 | R10: =Q10/P10-1 -> 0.14401623
B11: Mercadorias | C11: 50 | D11: 38 | E11: 37 | F11: =E11/D11-1 -> -0.026315789 | G11: 590 | H11: 579 | I11: 586 | J11: =I11/H11-1 -> 0.01208981 | K11: 131 | L11: 102 | M11: 125 | N11: =M11/L11-1 -> 0.2254902 | O11: =C11+G11+K11 -> 771 | P11: =D11+H11+L11 -> 719 | Q11: =E11+I11+M11 -> 748 | R11: =Q11/P11-1 -> 0.040333797
B12: Outros | C12: 21 | D12: 17 | E12: 17 | F12: =E12/D12-1 -> 0 | G12: 314 | H12: 298 | I12: 343 | J12: =I12/H12-1 -> 0.15100671 | K12: 75 | L12: 63 | M12: 76 | N12: =M12/L12-1 -> 0.20634921 | O12: =C12+G12+K12 -> 410 | P12: =D12+H12+L12 -> 378 | Q12: =E12+I12+M12 -> 436 | R12: =Q12/P12-1 -> 0.15343915
B13: n.d. | C13: 3 | D13: 1 | E13: 0 | F13: =E13/D13-1 -> -1 | G13: 1 | H13: 1 | I13: 1 | J13: =I13/H13-1 -> 0 | K13: 0 | L13: 0 | M13: 0 | N13: - | O13: =C13+G13+K13 -> 4 | P13: =D13+H13+L13 -> 2 | Q13: =E13+I13+M13 -> 1 | R13: =Q13/P13-1 -> -0.5
B14: Total | C14: =SUM(C10:C13) -> 178 | D14: =SUM(D10:D13) -> 165 | E14: =SUM(E10:E13) -> 176 | F14: =E14/D14-1 -> 0.066666667 | G14: =SUM(G10:G13) -> 1269 | H14: =SUM(H10:H13) -> 1231 | I14: =SUM(I10:I13) -> 1345 | J14: =I14/H14-1 -> 0.092607636 | K14: =SUM(K10:K13) -> 232 | L14: =SUM(L10:L13) -> 196 | M14: =SUM(M10:M13) -> 228 | N14: =M14/L14-1 -> 0.16326531 | O14: =SUM(O10:O13) -> 1679 | P14: =SUM(P10:P13) -> 1592 | Q14: =SUM(Q10:Q13) -> 1749 | R14: =Q14/P14-1 -> 0.09861809
A15: Ciclomotor | C15: 73 | D15: 32 | E15: 36 | F15: =E15/D15-1 -> 0.125 | G15: 1399 | H15: 1011 | I15: 939 | J15: =I15/H15-1 -> -0.071216617 | K15: 1034 | L15: 842 | M15: 704 | N15: =M15/L15-1 -> -0.16389549 | O15: =C15+G15+K15 -> 2506 | P15: =D15+H15+L15 -> 1885 | Q15: =E15+I15+M15 -> 1679 | R15: =Q15/P15-1 -> -0.10928382
A16: Motociclo cilindrada <= 125cc | C16: 136 | D16: 146 | E16: 175 | F16: =E16/D16-1 -> 0.19863014 | G16: 2694 | H16: 3450 | I16: 3658 | J16: =I16/H16-1 -> 0.060289855 | K16: 1621 | L16: 1924 | M16: 2045 | N16: =M16/L16-1 -> 0.062889813 | O16: =C16+G16+K16 -> 4451 | P16: =D16+H16+L16 -> 5520 | Q16: =E16+I16+M16 -> 5878 | R16: =Q16/P16-1 -> 0.064855072
A17: Motociclo cilindrada > 125cc | C17: 93 | D17: 89 | E17: 115 | F17: =E17/D17-1 -> 0.29213483 | G17: 1898 | H17: 2437 | I17: 2613 | J17: =I17/H17-1 -> 0.072219943 | K17: 1096 | L17: 1396 | M17: 1510 | N17: =M17/L17-1 -> 0.081661891 | O17: =C17+G17+K17 -> 3087 | P17: =D17+H17+L17 -> 3922 | Q17: =E17+I17+M17 -> 4238 | R17: =Q17/P17-1 -> 0.080571137
A18: Velocípede | C18: 139 | D18: 149 | E18: 155 | F18: =E18/D18-1 -> 0.040268456 | G18: 1612 | H18: 2132 | I18: 2401 | J18: =I18/H18-1 -> 0.12617261 | K18: 680 | L18: 1048 | M18: 1145 | N18: =M18/L18-1 -> 0.092557252 | O18: =C18+G18+K18 -> 2431 | P18: =D18+H18+L18 -> 3329 | Q18: =E18+I18+M18 -> 3701 | R18: =Q18/P18-1 -> 0.11174527
A19: Quadriciclo | C19: 15 | D19: 15 | E19: 22 | F19: =E19/D19-1 -> 0.46666667 | G19: 125 | H19: 119 | I19: 117 | J19: =I19/H19-1 -> -0.016806723 | K19: 207 | L19: 143 | M19: 152 | N19: =M19/L19-1 -> 0.062937063 | O19: =C19+G19+K19 -> 347 | P19: =D19+H19+L19 -> 277 | Q19: =E19+I19+M19 -> 291 | R19: =Q19/P19-1 -> 0.050541516
A20: Triciclo | C20: 10 | D20: 5 | E20: 10 | F20: =E20/D20-1 -> 1 | G20: 23 | H20: 21 | I20: 19 | J20: =I20/H20-1 -> -0.095238095 | K20: 14 | L20: 15 | M20: 14 | N20: =M20/L20-1 -> -0.066666667 | O20: =C20+G20+K20 -> 47 | P20: =D20+H20+L20 -> 41 | Q20: =E20+I20+M20 -> 43 | R20: =Q20/P20-1 -> 0.048780488
A21: Veículo agrícola | C21: 10 | D21: 5 | E21: 14 | F21: =E21/D21-1 -> 1.8 | G21: 113 | H21: 109 | I21: 115 | J21: =I21/H21-1 -> 0.055045872 | K21: 93 | L21: 81 | M21: 110 | N21: =M21/L21-1 -> 0.35802469 | O21: =C21+G21+K21 -> 216 | P21: =D21+H21+L21 -> 195 | Q21: =E21+I21+M21 -> 239 | R21: =Q21/P21-1 -> 0.22564103
A22: Outros* | C22: 123 | D22: 122 | E22: 172 | F22: =E22/D22-1 -> 0.40983607 | G22: 193 | H22: 245 | I22: 244 | J22: =I22/H22-1 -> -0.0040816327 | K22: 27 | L22: 31 | M22: 29 | N22: =M22/L22-1 -> -0.064516129 | O22: =C22+G22+K22 -> 343 | P22: =D22+H22+L22 -> 398 | Q22: =E22+I22+M22 -> 445 | R22: =Q22/P22-1 -> 0.11809045
A23: Total | C23: =SUM(C15:C22)+C14+C9 -> 5741 | D23: =SUM(D15:D22)+D14+D9 -> 5045 | E23: =SUM(E15:E22)+E14+E9 -> 5259 | F23: =E23/D23-1 -> 0.042418236 | G23: =SUM(G15:G22)+G14+G9 -> 42084 | H23: =SUM(H15:H22)+H14+H9 -> 41184 | I23: =SUM(I15:I22)+I14+I9 -> 43307 | J23: =I23/H23-1 -> 0.051549145 | K23: =SUM(K15:K22)+K14+K9 -> 12947 | L23: =SUM(L15:L22)+L14+L9 -> 13471 | M23: =SUM(M15:M22)+M14+M9 -> 13692 | N23: =M23/L23-1 -> 0.016405612 | O23: =SUM(O15:O22)+O14+O9 -> 60772 | P23: =SUM(P15:P22)+P14+P9 -> 59700 | Q23: =SUM(Q15:Q22)+Q14+Q9 -> 62258 | R23: =Q23/P23-1 -> 0.042847571
A24: * Inclui veículos de tração animal, veículos sobre carris, máquinas industriais e não definidos

Sheet 2.2
A1: Quadro 2.2 Veículos intervenientes em acidentes com vítimas em Portugal por categoria e idade do veículo
A3: Categoria e idade do veículo | B3: ≤ 4 anos | E3: 5 a 9 anos | H3: 10 a 14 anos | K3: 15 a 19 anos | N3: 20 a 24 anos | Q3: ≥ 25 anos | T3: n.d. | W3: Total
B4: 2019 | C4: 2023 | D4: 2024 | E4: 2019 | F4: 2023 | G4: 2024 | H4: 2019 | I4: 2023 | J4: 2024 | K4: 2019 | L4: 2023 | M4: 2024 | N4: 2019 | O4: 2023 | P4: 2024 | Q4: 2019 | R4: 2023 | S4: 2024 | T4: 2019 | U4: 2023 | V4: 2024 | W4: 2019 | X4: 2023 | Y4: 2024
A5: Veículo ligeiro | B5: 7963 | C5: 5733 | D5: 6068 | E5: 7072 | F5: 8075 | G5: 8825 | H5: 9078 | I5: 6567 | J5: 6395 | K5: 9960 | L5: 7945 | M5: 7680 | N5: 7697 | O5: 8038 | P5: 7700 | Q5: 3408 | R5: 5927 | S5: 7043 | T5: 487 | U5: 256 | V5: 284 | W5: =T5+Q5+N5+K5+H5+E5+B5 -> 45665 | X5: =U5+R5+O5+L5+I5+F5+C5 -> 42541 | Y5: =V5+S5+P5+M5+J5+G5+D5 -> 43995
A6: Veículo pesado | B6: 325 | C6: 401 | D6: 447 | E6: 342 | F6: 348 | G6: 444 | H6: 423 | I6: 294 | J6: 306 | K6: 322 | L6: 297 | M6: 268 | N6: 169 | O6: 131 | P6: 165 | Q6: 74 | R6: 107 | S6: 114 | T6: 24 | U6: 14 | V6: 5 | W6: =T6+Q6+N6+K6+H6+E6+B6 -> 1679 | X6: =U6+R6+O6+L6+I6+F6+C6 -> 1592 | Y6: =V6+S6+P6+M6+J6+G6+D6 -> 1749
A7: Ciclomotor | B7: 464 | C7: 269 | D7: 235 | E7: 311 | F7: 288 | G7: 234 | H7: 669 | I7: 199 | J7: 125 | K7: 205 | L7: 284 | M7: 368 | N7: 281 | O7: 178 | P7: 125 | Q7: 559 | R7: 662 | S7: 578 | T7: 17 | U7: 5 | V7: 14 | W7: =T7+Q7+N7+K7+H7+E7+B7 -> 2506 | X7: =U7+R7+O7+L7+I7+F7+C7 -> 1885 | Y7: =V7+S7+P7+M7+J7+G7+D7 -> 1679
A8: Motociclo cilindrada <= 125cc | B8: 2057 | C8: 2307 | D8: 2625 | E8: 1211 | F8: 1548 | G8: 1538 | H8: 500 | I8: 834 | J8: 843 | K8: 229 | L8: 269 | M8: 318 | N8: 232 | O8: 185 | P8: 166 | Q8: 206 | R8: 362 | S8: 357 | T8: 16 | U8: 15 | V8: 31 | W8: =T8+Q8+N8+K8+H8+E8+B8 -> 4451 | X8: =U8+R8+O8+L8+I8+F8+C8 -> 5520 | Y8: =V8+S8+P8+M8+J8+G8+D8 -> 5878
A9: Motociclo cilindrada > 125cc | B9: 1007 | C9: 1360 | D9: 1510 | E9: 405 | F9: 691 | G9: 855 | H9: 483 | I9: 346 | J9: 318 | K9: 472 | L9: 531 | M9: 497 | N9: 420 | O9: 534 | P9: 464 | Q9: 285 | R9: 451 | S9: 569 | T9: 15 | U9: 9 | V9: 25 | W9: =T9+Q9+N9+K9+H9+E9+B9 -> 3087 | X9: =U9+R9+O9+L9+I9+F9+C9 -> 3922 | Y9: =V9+S9+P9+M9+J9+G9+D9 -> 4238
A10: Velocípede | B10: 207 | C10: 450 | D10: 487 | E10: 57 | F10: 45 | G10: 53 | H10: 11 | I10: 26 | J10: 14 | K10: 14 | L10: 3 | M10: 3 | N10: 3 | O10: 9 | P10: 18 | Q10: 5 | R10: 4 | S10: 6 | T10: 2134 | U10: 2792 | V10: 3120 | W10: =T10+Q10+N10+K10+H10+E10+B10 -> 2431 | X10: =U10+R10+O10+L10+I10+F10+C10 -> 3329 | Y10: =V10+S10+P10+M10+J10+G10+D10 -> 3701
A11: Quadriciclo | B11: 55 | C11: 49 | D11: 62 | E11: 54 | F11: 37 | G11: 46 | H11: 144 | I11: 48 | J11: 41 | K11: 76 | L11: 82 | M11: 87 | N11: 18 | O11: 42 | P11: 33 | Q11: 0 | R11: 18 | S11: 18 | T11: 0 | U11: 1 | V11: 4 | W11: =T11+Q11+N11+K11+H11+E11+B11 -> 347 | X11: =U11+R11+O11+L11+I11+F11+C11 -> 277 | Y11: =V11+S11+P11+M11+J11+G11+D11 -> 291
A12: Triciclo | B12: 22 | C12: 11 | D12: 18 | E12: 10 | F12: 13 | G12: 10 | H12: 8 | I12: 11 | J12: 7 | K12: 3 | L12: 2 | M12: 4 | N12: 2 | O12: 2 | P12: 2 | Q12: 1 | R12: 1 | S12: 2 | T12: 1 | U12: 1 | V12: 0 | W12: =T12+Q12+N12+K12+H12+E12+B12 -> 47 | X12: =U12+R12+O12+L12+I12+F12+C12 -> 41 | Y12: =V12+S12+P12+M12+J12+G12+D12 -> 43
A13: Veículo agrícola | B13: 55 | C13: 68 | D13: 53 | E13: 20 | F13: 23 | G13: 33 | H13: 20 | I13: 15 | J13: 20 | K13: 35 | L13: 20 | M13: 9 | N13: 22 | O13: 15 | P13: 19 | Q13: 60 | R13: 53 | S13: 82 | T13: 4 | U13: 1 | V13: 23 | W13: =T13+Q13+N13+K13+H13+E13+B13 -> 216 | X13: =U13+R13+O13+L13+I13+F13+C13 -> 195 | Y13: =V13+S13+P13+M13+J13+G13+D13 -> 239
A14: Outros* | B14: 48 | C14: 30 | D14: 15 | E14: 8 | F14: 6 | G14: 4 | H14: 2 | I14: 4 | J14: 8 | K14: 3 | L14: 4 | M14: 4 | N14: 3 | O14: 3 | P14: 1 | Q14: 2 | R14: 4 | S14: 1 | T14: 277 | U14: 347 | V14: 412 | W14: =T14+Q14+N14+K14+H14+E14+B14 -> 343 | X14: =U14+R14+O14+L14+I14+F14+C14 -> 398 | Y14: =V14+S14+P14+M14+J14+G14+D14 -> 445
A15: Total | B15: =SUM(B5:B14) -> 12203 | C15: =SUM(C5:C14) -> 10678 | D15: =SUM(D5:D14) -> 11520 | E15: =SUM(E5:E14) -> 9490 | F15: =SUM(F5:F14) -> 11074 | G15: =SUM(G5:G14) -> 12042 | H15: =SUM(H5:H14) -> 11338 | I15: =SUM(I5:I14) -> 8344 | ... Y15: =SUM(Y5:Y14) -> 62258
A16: * Inclui veículos de tração animal, veículos sobre carris, máquinas industriais e não definidos
A19: Categoria e idade do veículo | B19: ≤ 4 anos | E19: 5 a 9 anos | H19: 10 a 14 anos | K19: 15 a 19 anos | N19: 20 a 24 anos | Q19: > 25 anos | T19: n.d. | W19: Total
B20: ∆(%) 23/19 | C20: ∆(%) 24/19 | D20: ∆(%) 24/23 | E20: ∆(%) 23/19 | F20: ∆(%) 24/19 | G20: ∆(%) 24/23 | H20: ∆(%) 23/19 | I20: ∆(%) 24/19 | J20: ∆(%) 24/23 | K20: ∆(%) 23/19 | L20: ∆(%) 24/19 | M20: ∆(%) 24/23 | N20: ∆(%) 23/19 | O20: ∆(%) 24/19 | P20: ∆(%) 24/23 | Q20: ∆(%) 23/19 | R20: ∆(%) 24/19 | S20: ∆(%) 24/23 | T20: ∆(%) 23/19 | U20: ∆(%) 24/19 | V20: ∆(%) 24/23 | W20: ∆(%) 23/19 | X20: ∆(%) 24/19 | Y20: ∆(%) 24/23
A21: Veículo ligeiro | B21: =C5/B5-1 -> -0.28004521 | C21: =D5/B5-1 -> -0.23797564 | D21: =D5/C5-1 -> 0.05843363 | E21: =F5/E5-1 -> 0.14182692 | F21: =G5/E5-1 -> 0.24787896 | G21: =G5/F5-1 -> 0.092879257 | H21: =I5/H5-1 -> -0.27660278 | I21: =J5/H5-1 -> -0.29554968 | J21: =J5/I5-1 -> -0.026191564 | K21: =L5/K5-1 -> -0.20230924 | L21: =M5/K5-1 -> -0.22891566 | M21: =M5/L5-1 -> -0.033354311 | N21: =O5/N5-1 -> 0.044302975 | O21: =P5/N5-1 -> 0.00038976225 | P21: =P5/O5-1 -> -0.042050261 | Q21: =R5/Q5-1 -> 0.73914319 | R21: =S5/Q5-1 -> 1.066608 | S21: =S5/R5-1 -> 0.18829087 | T21: =U5/T5-1 -> -0.47433265 | U21: =V5/T5-1 -> -0.41683778 | V21: =V5/U5-1 -> 0.109375 | W21: =X5/W5-1 -> -0.068411256 | X21: =Y5/W5-1 -> -0.036570678 | Y21: =Y5/X5-1 -> 0.034178792
A22: Veículo pesado | B22: =C6/B6-1 -> 0.23384615 | C22: =D6/B6-1 -> 0.37538462 | D22: =D6/C6-1 -> 0.11471322 | E22: =F6/E6-1 -> 0.01754386 | F22: =G6/E6-1 -> 0.29824561 | G22: =G6/F6-1 -> 0.27586207 | H22: =I6/H6-1 -> -0.30496454 | I22: =J6/H6-1 -> -0.27659574 | J22: =J6/I6-1 -> 0.040816327 | K22: =L6/K6-1 -> -0.077639752 | L22: =M6/K6-1 -> -0.16770186 | M22: =M6/L6-1 -> -0.097643098 | N22: =O6/N6-1 -> -0.22485207 | O22: =P6/N6-1 -> -0.023668639 | P22: =P6/O6-1 -> 0.25954198 | Q22: =R6/Q6-1 -> 0.44594595 | R22: =S6/Q6-1 -> 0.54054054 | S22: =S6/R6-1 -> 0.065420561 | T22: =U6/T6-1 -> -0.41666667 | U22: =V6/T6-1 -> -0.79166667 | V22: =V6/U6-1 -> -0.64285714 | W22: =X6/W6-1 -> -0.051816557 | X22: =Y6/W6-1 -> 0.041691483 | Y22: =Y6/X6-1 -> 0.09861809
A23: Ciclomotor | B23: =C7/B7-1 -> -0.42025862 | C23: =D7/B7-1 -> -0.49353448 | D23: =D7/C7-1 -> -0.12639405 | E23: =F7/E7-1 -> -0.073954984 | F23: =G7/E7-1 -> -0.24758842 | G23: =G7/F7-1 -> -0.1875 | H23: =I7/H7-1 -> -0.70254111 | I23: =J7/H7-1 -> -0.81315396 | J23: =J7/I7-1 -> -0.3718593 | K23: =L7/K7-1 -> 0.38536585 | L23: =M7/K7-1 -> 0.79512195 | M23: =M7/L7-1 -> 0.29577465 | N23: =O7/N7-1 -> -0.36654804 | O23: =P7/N7-1 -> -0.55516014 | P23: =P7/O7-1 -> -0.29775281 | Q23: =R7/Q7-1 -> 0.1842576 | R23: =S7/Q7-1 -> 0.033989267 | S23: =S7/R7-1 -> -0.12688822 | T23: =U7/T7-1 -> -0.70588235 | U23: =V7/T7-1 -> -0.17647059 | V23: =V7/U7-1 -> 1.8 | W23: =X7/W7-1 -> -0.24780527 | X23: =Y7/W7-1 -> -0.33000798 | Y23: =Y7/X7-1 -> -0.10928382
A24: Motociclo cilindrada <= 125cc | B24: =C8/B8-1 -> 0.12153622 | C24: =D8/B8-1 -> 0.27613029 | D24: =D8/C8-1 -> 0.13784135 | E24: =F8/E8-1 -> 0.27828241 | F24: =G8/E8-1 -> 0.27002477 | G24: =G8/F8-1 -> -0.0064599483 | H24: =I8/H8-1 -> 0.668 | I24: =J8/H8-1 -> 0.686 | J24: =J8/I8-1 -> 0.010791367 | K24: =L8/K8-1 -> 0.17467249 | L24: =M8/K8-1 -> 0.38864629 | M24: =M8/L8-1 -> 0.18215613 | N24: =O8/N8-1 -> -0.20258621 | O24: =P8/N8-1 -> -0.28448276 | P24: =P8/O8-1 -> -0.1027027 | Q24: =R8/Q8-1 -> 0.75728155 | R24: =S8/Q8-1 -> 0.73300971 | S24: =S8/R8-1 -> -0.013812155 | T24: =U8/T8-1 -> -0.0625 | U24: =V8/T8-1 -> 0.9375 | V24: =V8/U8-1 -> 1.0666667 | W24: =X8/W8-1 -> 0.24017075 | X24: =Y8/W8-1 -> 0.32060211 | Y24: =Y8/X8-1 -> 0.064855072
A25: Motociclo cilindrada > 125cc | B25: =C9/B9-1 -> 0.35054618 | C25: =D9/B9-1 -> 0.49950348 | D25: =D9/C9-1 -> 0.11029412 | E25: =F9/E9-1 -> 0.70617284 | F25: =G9/E9-1 -> 1.1111111 | G25: =G9/F9-1 -> 0.23733719 | H25: =I9/H9-1 -> -0.28364389 | I25: =J9/H9-1 -> -0.34161491 | J25: =J9/I9-1 -> -0.080924855 | K25: =L9/K9-1 -> 0.125 | L25: =M9/K9-1 -> 0.052966102 | M25: =M9/L9-1 -> -0.064030132 | N25: =O9/N9-1 -> 0.27142857 | O25: =P9/N9-1 -> 0.1047619 | P25: =P9/O9-1 -> -0.13108614 | Q25: =R9/Q9-1 -> 0.58245614 | R25: =S9/Q9-1 -> 0.99649123 | S25: =S9/R9-1 -> 0.2616408 | T25: =U9/T9-1 -> -0.4 | U25: =V9/T9-1 -> 0.66666667 | V25: =V9/U9-1 -> 1.7777778 | W25: =X9/W9-1 -> 0.27048915 | X25: =Y9/W9-1 -> 0.3728539 | Y25: =Y9/X9-1 -> 0.080571137
A26: Velocípede | B26: =C10/B10-1 -> 1.173913 | C26: =D10/B10-1 -> 1.352657 | D26: =D10/C10-1 -> 0.082222222 | E26: =F10/E10-1 -> -0.21052632 | F26: =G10/E10-1 -> -0.070175439 | G26: =G10/F10-1 -> 0.17777778 | H26: =I10/H10-1 -> 1.3636364 | I26: =J10/H10-1 -> 0.27272727 | J26: =J10/I10-1 -> -0.46153846 | K26: =L10/K10-1 -> -0.78571429 | L26: =M10/K10-1 -> -0.78571429 | M26: =M10/L10-1 -> 0 | N26: =O10/N10-1 -> 2 | O26: =P10/N10-1 -> 5 | P26: =P10/O10-1 -> 1 | Q26: =R10/Q10-1 -> -0.2 | R26: =S10/Q10-1 -> 0.2 | S26: =S10/R10-1 -> 0.5 | T26: =U10/T10-1 -> 0.30834114 | U26: =V10/T10-1 -> 0.46204311 | V26: =V10/U10-1 -> 0.11747851 | W26: =X10/W10-1 -> 0.36939531 | X26: =Y10/W10-1 -> 0.52241876 | Y26: =Y10/X10-1 -> 0.11174527
A27: Quadriciclo | B27: =C11/B11-1 -> -0.10909091 | C27: =D11/B11-1 -> 0.12727273 | D27: =D11/C11-1 -> 0.26530612 | E27: =F11/E11-1 -> -0.31481481 | F27: =G11/E11-1 -> -0.14814815 | G27: =G11/F11-1 -> 0.24324324 | H27: =I11/H11-1 -> -0.66666667 | I27: =J11/H11-1 -> -0.71527778 | J27: =J11/I11-1 -> -0.14583333 | K27: =L11/K11-1 -> 0.078947368 | L27: =M11/K11-1 -> 0.14473684 | M27: =M11/L11-1 -> 0.06097561 | N27: =O11/N11-1 -> 1.3333333 | O27: =P11/N11-1 -> 0.83333333 | P27: =P11/O11-1 -> -0.21428571 | Q27: - | R27: - | S27: =S11/R11-1 -> 0 | T27: - | U27: - | V27: =V11/U11-1 -> 3 | W27: =X11/W11-1 -> -0.20172911 | X27: =Y11/W11-1 -> -0.16138329 | Y27: =Y11/X11-1 -> 0.050541516
A28: Triciclo | B28: =C12/B12-1 -> -0.5 | C28: =D12/B12-1 -> -0.18181818 | D28: =D12/C12-1 -> 0.63636364 | E28: =F12/E12-1 -> 0.3 | F28: =G12/E12-1 -> 0 | G28: =G12/F12-1 -> -0.23076923 | H28: =I12/H12-1 -> 0.375 | I28: =J12/H12-1 -> -0.125 | J28: =J12/I12-1 -> -0.36363636 | K28: =L12/K12-1 -> -0.33333333 | L28: =M12/K12-1 -> 0.33333333 | M28: =M12/L12-1 -> 1 | N28: =O12/N12-1 -> 0 | O28: =P12/N12-1 -> 0 | P28: - | Q28: =R12/Q12-1 -> 0 | R28: =S12/Q12-1 -> 1 | S28: =S12/R12-1 -> 1 | T28: =U12/T12-1 -> 0 | U28: =V12/T12-1 -> -1 | V28: - | W28: =X12/W12-1 -> -0.12765957 | X28: =Y12/W12-1 -> -0.085106383 | Y28: =Y12/X12-1 -> 0.048780488
A29: Veículo agrícola | B29: =C13/B13-1 -> 0.23636364 | C29: =D13/B13-1 -> -0.036363636 | D29: =D13/C13-1 -> -0.22058824 | E29: =F13/E13-1 -> 0.15 | F29: =G13/E13-1 -> 0.65 | G29: =G13/F13-1 -> 0.43478261 | H29: =I13/H13-1 -> -0.25 | I29: =J13/H13-1 -> 0 | J29: =J13/I13-1 -> 0.33333333 | K29: =L13/K13-1 -> -0.42857143 | L29: =M13/K13-1 -> -0.74285714 | M29: =M13/L13-1 -> -0.55 | N29: =O13/N13-1 -> -0.31818182 | O29: =P13/N13-1 -> -0.13636364 | P29: =P13/O13-1 -> 0.26666667 | Q29: =R13/Q13-1 -> -0.11666667 | R29: =S13/Q13-1 -> 0.36666667 | S29: =S13/R13-1 -> 0.54716981 | T29: =U13/T13-1 -> -0.75 | U29: =V13/T13-1 -> 4.75 | V29: =V13/U13-1 -> 22 | W29: =X13/W13-1 -> -0.097222222 | X29: =Y13/W13-1 -> 0.10648148 | Y29: =Y13/X13-1 -> 0.22564103
A30: Outros* | B30: =C14/B14-1 -> -0.375 | C30: =D14/B14-1 -> -0.6875 | D30: =D14/C14-1 -> -0.5 | E30: =F14/E14-1 -> -0.25 | F30: =G14/E14-1 -> -0.5 | G30: =G14/F14-1 -> -0.33333333 | H30: =I14/H14-1 -> 1 | I30: =J14/H14-1 -> 3 | J30: =J14/I14-1 -> 1 | K30: =L14/K14-1 -> 0.33333333 | L30: =M14/K14-1 -> 0.33333333 | M30: =M14/L14-1 -> 0 | N30: =O14/N14-1 -> 0 | O30: =P14/N14-1 -> -0.66666667 | P30: =P14/O14-1 -> -0.66666667 | Q30: =R14/Q14-1 -> 1 | R30: =S14/Q14-1 -> -0.5 | S30: =S14/R14-1 -> -0.75 | T30: =U14/T14-1 -> 0.25270758 | U30: =V14/T14-1 -> 0.48736462 | V30: =V14/U14-1 -> 0.18731988 | W30: =X14/W14-1 -> 0.16034985 | X30: =Y14/W14-1 -> 0.29737609 | Y30: =Y14/X14-1 -> 0.11809045
A31: Total | B31: =C15/B15-1 -> -0.12496927 | C31: =D15/B15-1 -> -0.055969843 | D31: =D15/C15-1 -> 0.078853718 | E31: =F15/E15-1 -> 0.16691254 | F31: =G15/E15-1 -> 0.26891465 | G31: =G15/F15-1 -> 0.087411956 | H31: =I15/H15-1 -> -0.26406774 | I31: =J15/H15-1 -> -0.28761686 | J31: =J15/I15-1 -> -0.031999041 | K31: =L15/K15-1 -> -0.16626911 | L31: =M15/K15-1 -> -0.18385016 | M31: =M15/L15-1 -> -0.02108721 | N31: =O15/N15-1 -> 0.032779473 | O31: =P15/N15-1 -> -0.017407031 | P31: =P15/O15-1 -> -0.04859363 | Q31: =R15/Q15-1 -> 0.64978261 | R31: =S15/Q15-1 -> 0.90652174 | S31: =S15/R15-1 -> 0.15561998 | T31: =U15/T15-1 -> 0.15663866 | U31: =V15/T15-1 -> 0.31697479 | V31: =V15/U15-1 -> 0.13862249 | W31: =X15/W15-1 -> -0.017639702 | X31: =Y15/W15-1 -> 0.02445205 | Y31: =Y15/X15-1 -> 0.042847571
A32: * Inclui veículos de tração animal, veículos sobre carris, máquinas industriais e não definidos

Sheet 2.3
A1: Quadro 2.3 Veículos intervenientes em acidentes com vítimas em Portugal por NUTS I e categoria de veículo
A4: NUTS I e categoria de veículo | B4: Veículos intervenientes
B5: 2019 | C5: 2023 | D5: 2024 | E5: 2024 (%) | F5: ∆(%) 24/23 | G5: ∆(%) 24/19
A6: Continente | B6: =SUM(B7:B16) -> 58300 | C6: =SUM(C7:C16) -> 57041 | D6: =SUM(D7:D16) -> 59494 | E6: =D6/$D$6 -> 1 | F6: =D6/C6-1 -> 0.043004155 | G6: =D6/B6-1 -> 0.020480274
A7: Veículo ligeiro | B7: 43934 | C7: 40663 | D7: 42106 | E7: =D7/$D$6 -> 0.70773523 | F7: =D7/C7-1 -> 0.035486806 | G7: =D7/B7-1 -> -0.041607866
A8: Veículo pesado | B8: 1620 | C8: 1533 | D8: 1673 | E8: =D8/$D$6 -> 0.028120483 | F8: =D8/C8-1 -> 0.091324201 | G8: =D8/B8-1 -> 0.032716049
A9: Ciclomotor | B9: 2378 | C9: 1784 | D9: 1587 | E9: =D9/$D$6 -> 0.026674959 | F9: =D9/C9-1 -> -0.11042601 | G9: =D9/B9-1 -> -0.33263246
A10: Motociclo cilindrada <= 125cc | B10: 4155 | C10: 5199 | D10: 5508 | E10: =D10/$D$6 -> 0.092580764 | F10: =D10/C10-1 -> 0.059434507 | G10: =D10/B10-1 -> 0.32563177
A11: Motociclo cilindrada > 125cc | B11: 2946 | C11: 3737 | D11: 4038 | E11: =D11/$D$6 -> 0.06787239 | F11: =D11/C11-1 -> 0.080545892 | G11: =D11/B11-1 -> 0.3706721
A12: Velocípede | B12: 2344 | C12: 3239 | D12: 3602 | E12: =D12/$D$6 -> 0.06054392 | F12: =D12/C12-1 -> 0.11207163 | G12: =D12/B12-1 -> 0.53668942
A13: Quadriciclo | B13: 326 | C13: 262 | D13: 275 | E13: =D13/$D$6 -> 0.0046223149 | F13: =D13/C13-1 -> 0.049618321 | G13: =D13/B13-1 -> -0.15644172
A14: Triciclo | B14: 47 | C14: 40 | D14: 37 | E14: =D14/$D$6 -> 0.00062191145 | F14: =D14/C14-1 -> -0.075 | G14: =D14/B14-1 -> -0.21276596
A15: Veículo agrícola | B15: 212 | C15: 189 | D15: 228 | E15: =D15/$D$6 -> 0.0038323192 | F15: =D15/C15-1 -> 0.20634921 | G15: =D15/B15-1 -> 0.075471698
A16: Outros* | B16: 338 | C16: 395 | D16: 440 | E16: =D16/$D$6 -> 0.0073957038 | F16: =D16/C16-1 -> 0.11392405 | G16: =D16/B16-1 -> 0.30177515
A17: R.A. Açores | B17: =SUM(B18:B27) -> 961 | C17: =SUM(C18:C27) -> 1013 | D17: =SUM(D18:D27) -> 1083 | E17: =D17/$D$17 -> 1 | F17: =D17/C17-1 -> 0.069101678 | G17: =D17/B17-1 -> 0.12695109
A18: Veículo ligeiro | B18: 719 | C18: 776 | D18: 811 | E18: =D18/$D$17 -> 0.7488458 | F18: =D18/C18-1 -> 0.045103093 | G18: =D18/B18-1 -> 0.12795549
A19: Veículo pesado | B19: 15 | C19: 15 | D19: 21 | E19: =D19/$D$17 -> 0.019390582 | F19: =D19/C19-1 -> 0.4 | G19: =D19/B19-1 -> 0.4
A20: Ciclomotor | B20: 78 | C20: 63 | D20: 62 | E20: =D20/$D$17 -> 0.057248384 | F20: =D20/C20-1 -> -0.015873016 | G20: =D20/B20-1 -> -0.20512821
A21: Motociclo cilindrada <= 125cc | B21: 56 | C21: 45 | D21: 73 | E21: =D21/$D$17 -> 0.067405355 | F21: =D21/C21-1 -> 0.62222222 | G21: =D21/B21-1 -> 0.30357143
A22: Motociclo cilindrada > 125cc | B22: 32 | C22: 48 | D22: 41 | E22: =D22/$D$17 -> 0.037857802 | F22: =D22/C22-1 -> -0.14583333 | G22: =D22/B22-1 -> 0.28125
A23: Velocípede | B23: 44 | C23: 48 | D23: 44 | E23: =D23/$D$17 -> 0.040627886 | F23: =D23/C23-1 -> -0.083333333 | G23: =D23/B23-1 -> 0
A24: Quadriciclo | B24: 11 | C24: 11 | D24: 14 | E24: =D24/$D$17 -> 0.012927054 | F24: =D24/C24-1 -> 0.27272727 | G24: =D24/B24-1 -> 0.27272727
A25: Triciclo | B25: 0 | C25: 0 | D25: 2 | E25: =D25/$D$17 -> 0.0018467221 | F25: - | G25: -
A26: Veículo agrícola | B26: 4 | C26: 5 | D26: 11 | E26: =D26/$D$17 -> 0.010156971 | F26: =D26/C26-1 -> 1.2 | G26: =D26/B26-1 -> 1.75
A27: Outros* | B27: 2 | C27: 2 | D27: 4 | E27: =D27/$D$17 -> 0.0036934441 | F27: =D27/C27-1 -> 1 | G27: =D27/B27-1 -> 1
A28: R.A. Madeira | B28: =SUM(B29:B38) -> 1511 | C28: =SUM(C29:C38) -> 1646 | D28: =SUM(D29:D38) -> 1681 | E28: =D28/$D$28 -> 1 | F28: =D28/C28-1 -> 0.02126367 | G28: =D28/B28-1 -> 0.11250827
A29: Veículo ligeiro | B29: 1012 | C29: 1102 | D29: 1078 | E29: =D29/$D$28 -> 0.64128495 | F29: =D29/C29-1 -> -0.021778584 | G29: =D29/B29-1 -> 0.065217391
A30: Veículo pesado | B30: 44 | C30: 44 | D30: 55 | E30: =D30/$D$28 -> 0.03271862 | F30: =D30/C30-1 -> 0.25 | G30: =D30/B30-1 -> 0.25
A31: Ciclomotor | B31: 50 | C31: 38 | D31: 30 | E31: =D31/$D$28 -> 0.01784652 | F31: =D31/C31-1 -> -0.21052632 | G31: =D31/B31-1 -> -0.4
A32: Motociclo cilindrada <= 125cc | B32: 240 | C32: 276 | D32: 297 | E32: =D32/$D$28 -> 0.17668055 | F32: =D32/C32-1 -> 0.076086957 | G32: =D32/B32-1 -> 0.2375
A33: Motociclo cilindrada > 125cc | B33: 109 | C33: 137 | D33: 159 | E33: =D33/$D$28 -> 0.094586556 | F33: =D33/C33-1 -> 0.16058394 | G33: =D33/B33-1 -> 0.4587156
A34: Velocípede | B34: 43 | C34: 42 | D34: 55 | E34: =D34/$D$28 -> 0.03271862 | F34: =D34/C34-1 -> 0.30952381 | G34: =D34/B34-1 -> 0.27906977
A35: Quadriciclo | B35: 10 | C35: 4 | D35: 2 | E35: =D35/$D$28 -> 0.001189768 | F35: =D35/C35-1 -> -0.5 | G35: =D35/B35-1 -> -0.8
A36: Triciclo | B36: 0 | C36: 1 | D36: 4 | E36: =D36/$D$28 -> 0.002379536 | F36: =D36/C36-1 -> 3 | G36: -
A37: Veículo agrícola | B37: 0 | C37: 1 | D37: 0 | E37: =D37/$D$28 -> 0 | F37: =D37/C37-1 -> -1 | G37: -
A38: Outros* | B38: 3 | C38: 1 | D38: 1 | E38: =D38/$D$28 -> 0.000594884 | F38: =D38/C38-1 -> 0 | G38: =D38/B38-1 -> -0.66666667
A39: Portugal | B39: =B28+B17+B6 -> 60772 | C39: =C28+C17+C6 -> 59700 | D39: =D28+D17+D6 -> 62258 | E39: - | F39: =D39/C39-1 -> 0.042847571 | G39: =D39/B39-1 -> 0.02445205
A40: * Inclui veículos de tração animal, veículos sobre carris, máquinas industriais e não definidos

Sheet 3.1
A1: Quadro 3.1 Vítimas em Portugal por categoria de utente
A3: Categoria de utente | B3: VM | F3: FG | J3: FL | N3: Total de vítimas | R3: VM/100 vítimas | U3: FG/100 vítimas
B4: 2019 | C4: 2023 | D4: 2024 | E4: ∆(%) 24/23 | F4: 2019 | G4: 2023 | H4: 2024 | I4: ∆(%) 24/23 | J4: 2019 | K4: 2023 | L4: 2024 | M4: ∆(%) 24/23 | N4: 2019 | O4: 2023 | P4: 2024 | Q4: ∆(%) 24/23 | R4: 2019 | S4: 2023 | T4: 2024 | U4: 2019 | V4: 2023 | W4: 2024
A5: Condutor | B5: 403 | C5: 428 | D5: 431 | E5: =D5/C5-1 -> 0.0070093458 | F5: 1515 | G5: 1784 | H5: 1775 | I5: =H5/G5-1 -> -0.005044843 | J5: 28876 | K5: 29024 | L5: 30263 | M5: =L5/K5-1 -> 0.042688809 | N5: =B5+F5+J5 -> 30794 | O5: =C5+G5+K5 -> 31236 | P5: =D5+H5+L5 -> 32469 | Q5: =P5/O5-1 -> 0.039473684 | R5: =(B5/(N5/100)) -> 1.3086965 | S5: =(C5/(O5/100)) -> 1.3702139 | T5: =(D5/(P5/100)) -> 1.32742 | U5: =(F5/(N5/100)) -> 4.9197896 | V5: =(G5/(O5/100)) -> 5.7113587 | W5: =(H5/(P5/100)) -> 5.4667529
A6: Passageiro | B6: 145 | C6: 105 | D6: 76 | E6: =D6/C6-1 -> -0.27619048 | F6: 418 | G6: 366 | H6: 425 | I6: =H6/G6-1 -> 0.16120219 | J6: 10667 | K6: 9201 | L6: 9497 | M6: =L6/K6-1 -> 0.032170416 | N6: =B6+F6+J6 -> 11230 | O6: =C6+G6+K6 -> 9672 | P6: =D6+H6+L6 -> 9998 | Q6: =P6/O6-1 -> 0.033705542 | R6: =(B6/(N6/100)) -> 1.2911843 | S6: =(C6/(O6/100)) -> 1.0856079 | T6: =(D6/(P6/100)) -> 0.76015203 | U6: =(F6/(N6/100)) -> 3.7221728 | V6: =(G6/(O6/100)) -> 3.7841191 | W6: =(H6/(P6/100)) -> 4.2508502
A7: Peão | B7: 140 | C7: 109 | D7: 111 | E7: =D7/C7-1 -> 0.018348624 | F7: 450 | G7: 350 | H7: 426 | I7: =H7/G7-1 -> 0.21714286 | J7: 5391 | K7: 4648 | L7: 4847 | M7: =L7/K7-1 -> 0.042814114 | N7: =B7+F7+J7 -> 5981 | O7: =C7+G7+K7 -> 5107 | P7: =D7+H7+L7 -> 5384 | Q7: =P7/O7-1 -> 0.054239279 | R7: =(B7/(N7/100)) -> 2.3407457 | S7: =(C7/(O7/100)) -> 2.1343254 | T7: =(D7/(P7/100)) -> 2.0616642 | U7: =(F7/(N7/100)) -> 7.5238254 | V7: =(G7/(O7/100)) -> 6.8533386 | W7: =(H7/(P7/100)) -> 7.9123328
A8: Total | B8: =SUM(B5:B7) -> 688 | C8: =SUM(C5:C7) -> 642 | D8: =SUM(D5:D7) -> 618 | E8: =D8/C8-1 -> -0.037383178 | F8: =SUM(F5:F7) -> 2383 | G8: =SUM(G5:G7) -> 2500 | H8: =SUM(H5:H7) -> 2626 | I8: =H8/G8-1 -> 0.0504 | J8: =SUM(J5:J7) -> 44934 | K8: =SUM(K5:K7) -> 42873 | L8: =SUM(L5:L7) -> 44607 | M8: =L8/K8-1 -> 0.040445035 | N8: =SUM(N5:N7) -> 48005 | O8: =SUM(O5:O7) -> 46015 | P8: =SUM(P5:P7) -> 47851 | Q8: =P8/O8-1 -> 0.039900033 | R8: =(B8/(N8/100)) -> 1.433184 | S8: =(C8/(O8/100)) -> 1.3951972 | T8: =(D8/(P8/100)) -> 1.2915091 | U8: =(F8/(N8/100)) -> 4.9640662 | V8: =(G8/(O8/100)) -> 5.433011 | W8: =(H8/(P8/100)) -> 5.4878686

Sheet 3.2
A1: Quadro 3.2 Vítimas em Portugal por categoria de veículo
A3: Categoria de veículo e peões | B3: VM | F3: FG | J3: FL | N3: Total de vítimas | R3: VM/100 vítimas | U3: FG/100 vítimas
B4: 2019 | C4: 2023 | D4: 2024 | E4: ∆(%) 24/23 | F4: 2019 | G4: 2023 | H4: 2024 | I4: ∆(%) 24/23 | J4: 2019 | K4: 2023 | L4: 2024 | M4: ∆(%) 24/23 | N4: 2019 | O4: 2023 | P4: 2024 | Q4: ∆(%) 24/23 | R4: 2019 | S4: 2023 | T4: 2024 | U4: 2019 | V4: 2023 | W4: 2024
A5: Peões | B5: 140 | C5: 109 | D5: 111 | E5: =D5/C5-1 -> 0.018348624 | F5: 450 | G5: 350 | H5: 426 | I5: =H5/G5-1 -> 0.21714286 | J5: 5391 | K5: 4648 | L5: 4847 | M5: =L5/K5-1 -> 0.042814114 | N5: =B5+F5+J5 -> 5981 | O5: =C5+G5+K5 -> 5107 | P5: =D5+H5+L5 -> 5384 | Q5: =P5/O5-1 -> 0.054239279 | R5: =(B5/(N5/100)) -> 2.3407457 | S5: =(C5/(O5/100)) -> 2.1343254 | T5: =(D5/(P5/100)) -> 2.0616642 | U5: =(F5/(N5/100)) -> 7.5238254 | V5: =(G5/(O5/100)) -> 6.8533386 | W5: =(H5/(P5/100)) -> 7.9123328
A6: Veículo ligeiro | B6: 293 | C6: 276 | D6: 262 | E6: =D6/C6-1 -> -0.050724638 | F6: 981 | G6: 974 | H6: 985 | I6: =H6/G6-1 -> 0.011293634 | J6: 26734 | K6: 23626 | L6: 24243 | M6: =L6/K6-1 -> 0.026115297 | N6: =B6+F6+J6 -> 28008 | O6: =C6+G6+K6 -> 24876 | P6: =D6+H6+L6 -> 25490 | Q6: =P6/O6-1 -> 0.024682425 | R6: =(B6/(N6/100)) -> 1.0461297 | S6: =(C6/(O6/100)) -> 1.1095031 | T6: =(D6/(P6/100)) -> 1.0278541 | U6: =(F6/(N6/100)) -> 3.5025707 | V6: =(G6/(O6/100)) -> 3.9154205 | W6: =(H6/(P6/100)) -> 3.8642605
A7: Veículo pesado | B7: 37 | C7: 9 | D7: 3 | E7: =D7/C7-1 -> -0.66666667 | F7: 45 | G7: 28 | H7: 27 | I7: =H7/G7-1 -> -0.035714286 | J7: 600 | K7: 503 | L7: 567 | M7: =L7/K7-1 -> 0.12723658 | N7: =B7+F7+J7 -> 682 | O7: =C7+G7+K7 -> 540 | P7: =D7+H7+L7 -> 597 | Q7: =P7/O7-1 -> 0.10555556 | R7: =(B7/(N7/100)) -> 5.4252199 | S7: =(C7/(O7/100)) -> 1.6666667 | T7: =(D7/(P7/100)) -> 0.50251256 | U7: =(F7/(N7/100)) -> 6.5982405 | V7: =(G7/(O7/100)) -> 5.1851852 | W7: =(H7/(P7/100)) -> 4.5226131
A8: Ciclomotor | B8: 36 | C8: 29 | D8: 25 | E8: =D8/C8-1 -> -0.13793103 | F8: 158 | G8: 131 | H8: 125 | I8: =H8/G8-1 -> -0.045801527 | J8: 2391 | K8: 1787 | L8: 1596 | M8: =L8/K8-1 -> -0.10688304 | N8: =B8+F8+J8 -> 2585 | O8: =C8+G8+K8 -> 1947 | P8: =D8+H8+L8 -> 1746 | Q8: =P8/O8-1 -> -0.10323575 | R8: =(B8/(N8/100)) -> 1.3926499 | S8: =(C8/(O8/100)) -> 1.489471 | T8: =(D8/(P8/100)) -> 1.4318442 | U8: =(F8/(N8/100)) -> 6.1121857 | V8: =(G8/(O8/100)) -> 6.7282999 | W8: =(H8/(P8/100)) -> 7.1592211
A9: Motociclo <= 125cc | B9: 37 | C9: 48 | D9: 41 | E9: =D9/C9-1 -> -0.14583333 | F9: 215 | G9: 295 | H9: 334 | I9: =H9/G9-1 -> 0.13220339 | J9: 4330 | K9: 5352 | L9: 5709 | M9: =L9/K9-1 -> 0.066704036 | N9: =B9+F9+J9 -> 4582 | O9: =C9+G9+K9 -> 5695 | P9: =D9+H9+L9 -> 6084 | Q9: =P9/O9-1 -> 0.068305531 | R9: =(B9/(N9/100)) -> 0.80750764 | S9: =(C9/(O9/100)) -> 0.8428446 | T9: =(D9/(P9/100)) -> 0.67389875 | U9: =(F9/(N9/100)) -> 4.6922741 | V9: =(G9/(O9/100)) -> 5.1799824 | W9: =(H9/(P9/100)) -> 5.4898093
A10: Motociclo > 125cc | B10: 90 | C10: 117 | D10: 124 | E10: =D10/C10-1 -> 0.05982906 | F10: 342 | G10: 499 | H10: 494 | I10: =H10/G10-1 -> -0.01002004 | J10: 2790 | K10: 3491 | L10: 3816 | M10: =L10/K10-1 -> 0.093096534 | N10: =B10+F10+J10 -> 3222 | O10: =C10+G10+K10 -> 4107 | P10: =D10+H10+L10 -> 4434 | Q10: =P10/O10-1 -> 0.079620161 | R10: =(B10/(N10/100)) -> 2.7932961 | S10: =(C10/(O10/100)) -> 2.8487947 | T10: =(D10/(P10/100)) -> 2.7965719 | U10: =(F10/(N10/100)) -> 10.614525 | V10: =(G10/(O10/100)) -> 12.149988 | W10: =(H10/(P10/100)) -> 11.141182
A11: Velocípede | B11: 27 | C11: 33 | D11: 30 | E11: =D11/C11-1 -> -0.090909091 | F11: 121 | G11: 180 | H11: 171 | I11: =H11/G11-1 -> -0.05 | J11: 2172 | K11: 3046 | L11: 3431 | M11: =L11/K11-1 -> 0.12639527 | N11: =B11+F11+J11 -> 2320 | O11: =C11+G11+K11 -> 3259 | P11: =D11+H11+L11 -> 3632 | Q11: =P11/O11-1 -> 0.11445229 | R11: =(B11/(N11/100)) -> 1.1637931 | S11: =(C11/(O11/100)) -> 1.0125805 | T11: =(D11/(P11/100)) -> 0.82599119 | U11: =(F11/(N11/100)) -> 5.2155172 | V11: =(G11/(O11/100)) -> 5.5231666 | W11: =(H11/(P11/100)) -> 4.7081498
A12: Quadriciclo | B12: 12 | C12: 9 | D12: 8 | E12: =D12/C12-1 -> -0.11111111 | F12: 40 | G12: 21 | H12: 27 | I12: =H12/G12-1 -> 0.28571429 | J12: 319 | K12: 243 | L12: 221 | M12: =L12/K12-1 -> -0.090534979 | N12: =B12+F12+J12 -> 371 | O12: =C12+G12+K12 -> 273 | P12: =D12+H12+L12 -> 256 | Q12: =P12/O12-1 -> -0.062271062 | R12: =(B12/(N12/100)) -> 3.2345013 | S12: =(C12/(O12/100)) -> 3.2967033 | T12: =(D12/(P12/100)) -> 3.125 | U12: =(F12/(N12/100)) -> 10.781671 | V12: =(G12/(O12/100)) -> 7.6923077 | W12: =(H12/(P12/100)) -> 10.546875
A13: Triciclo | B13: 0 | C13: 0 | D13: 0 | E13: - | F13: 1 | G13: 5 | H13: 3 | I13: =H13/G13-1 -> -0.4 | J13: 45 | K13: 35 | L13: 34 | M13: =L13/K13-1 -> -0.028571429 | N13: =B13+F13+J13 -> 46 | O13: =C13+G13+K13 -> 40 | P13: =D13+H13+L13 -> 37 | Q13: =P13/O13-1 -> -0.075 | R13: =(B13/(N13/100)) -> 0 | S13: =(C13/(O13/100)) -> 0 | T13: =(D13/(P13/100)) -> 0 | U13: =(F13/(N13/100)) -> 2.173913 | V13: =(G13/(O13/100)) -> 12.5 | W13: =(H13/(P13/100)) -> 8.1081081
A14: Veículo agrícola | B14: 15 | C14: 12 | D14: 13 | E14: =D14/C14-1 -> 0.083333333 | F14: 25 | G14: 14 | H14: 31 | I14: =H14/G14-1 -> 1.2142857 | J14: 105 | K14: 108 | L14: 124 | M14: =L14/K14-1 -> 0.14814815 | N14: =B14+F14+J14 -> 145 | O14: =C14+G14+K14 -> 134 | P14: =D14+H14+L14 -> 168 | Q14: =P14/O14-1 -> 0.25373134 | R14: =(B14/(N14/100)) -> 10.344828 | S14: =(C14/(O14/100)) -> 8.9552239 | T14: =(D14/(P14/100)) -> 7.7380952 | U14: =(F14/(N14/100)) -> 17.241379 | V14: =(G14/(O14/100)) -> 10.447761 | W14: =(H14/(P14/100)) -> 18.452381
A15: Outros* | B15: 1 | C15: 0 | D15: 1 | E15: 1 | F15: 5 | G15: 3 | H15: 3 | I15: =H15/G15-1 -> 0 | J15: 57 | K15: 34 | L15: 19 | M15: =L15/K15-1 -> -0.44117647 | N15: =B15+F15+J15 -> 63 | O15: =C15+G15+K15 -> 37 | P15: =D15+H15+L15 -> 23 | Q15: =P15/O15-1 -> -0.37837838 | R15: =(B15/(N15/100)) -> 1.5873016 | S15: =(C15/(O15/100)) -> 0 | T15: =(D15/(P15/100)) -> 4.3478261 | U15: =(F15/(N15/100)) -> 7.9365079 | V15: =(G15/(O15/100)) -> 8.1081081 | W15: =(H15/(P15/100)) -> 13.043478
A16: Total | B16: =SUM(B5:B15) -> 688 | C16: =SUM(C5:C15) -> 642 | D16: =SUM(D5:D15) -> 618 | E16: =D16/C16-1 -> -0.037383178 | F16: =SUM(F5:F15) -> 2383 | G16: =SUM(G5:G15) -> 2500 | H16: =SUM(H5:H15) -> 2626 | I16: =H16/G16-1 -> 0.0504 | J16: =SUM(J5:J15) -> 44934 | K16: =SUM(K5:K15) -> 42873 | L16: =SUM(L5:L15) -> 44607 | M16: =L16/K16-1 -> 0.040445035 | N16: =SUM(N5:N15) -> 48005 | O16: =SUM(O5:O15) -> 46015 | P16: =SUM(P5:P15) -> 47851 | Q16: =P16/O16-1 -> 0.039900033 | R16: =(B16/(N16/100)) -> 1.433184 | S16: =(C16/(O16/100)) -> 1.3951972 | T16: =(D16/(P16/100)) -> 1.2915091 | U16: =(F16/(N16/100)) -> 4.9640662 | V16: =(G16/(O16/100)) -> 5.433011 | W16: =(H16/(P16/100)) -> 5.4878686
A17: * Inclui veículos de tração animal, veículos sobre carris, máquinas industriais e não definidos

Sheet 3.3
A1: Quadro 3.3 Vítimas em Portugal por sexo
A3: Sexo | B3: VM | F3: FG | J3: FL | N3: Total de vítimas
B4: 2019 | C4: 2023 | D4: 2024 | E4: ∆(%) 24/23 | F4: 2019 | G4: 2023 | H4: 2024 | I4: ∆(%) 24/23 | J4: 2019 | K4: 2023 | L4: 2024 | M4: ∆(%) 24/23 | N4: 2019 | O4: 2023 | P4: 2024 | Q4: ∆(%) 24/23
A5: Feminino | B5: 182 | C5: 131 | D5: 121 | E5: =D5/C5-1 -> -0.076335878 | F5: 604 | G5: 589 | H5: 691 | I5: =H5/G5-1 -> 0.17317487 | J5: 19276 | K5: 17480 | L5: 18079 | M5: =L5/K5-1 -> 0.034267735 | N5: =B5+F5+J5 -> 20062 | O5: =C5+G5+K5 -> 18200 | P5: =D5+H5+L5 -> 18891 | Q5: =P5/O5-1 -> 0.037967033
A6: Masculino | B6: 505 | C6: 510 | D6: 497 | E6: -0.025490196 | F6: 1775 | G6: 1911 | H6: 1935 | I6: 0.01255887 | J6: 25642 | K6: 25389 | L6: 26517 | M6: 0.04442869 | N6: 27922 | O6: 27810 | P6: 28949 | Q6: 0.04095649
A7: n.d. | B7: 1 | C7: 1 | D7: 0 | E7: - | F7: 4 | G7: 0 | H7: 0 | I7: - | J7: 16 | K7: 4 | L7: 11 | M7: =L7/K7-1 -> 1.75 | N7: =B7+F7+J7 -> 21 | O7: =C7+G7+K7 -> 5 | P7: =D7+H7+L7 -> 11 | Q7: =P7/O7-1 -> 1.2
A8: Total | B8: =SUM(B5:B7) -> 688 | C8: =SUM(C5:C7) -> 642 | D8: =SUM(D5:D7) -> 618 | E8: =D8/C8-1 -> -0.037383178 | F8: =SUM(F5:F7) -> 2383 | G8: =SUM(G5:G7) -> 2500 | H8: =SUM(H5:H7) -> 2626 | I8: =H8/G8-1 -> 0.0504 | J8: =SUM(J5:J7) -> 44934 | K8: =SUM(K5:K7) -> 42873 | L8: =SUM(L5:L7) -> 44607 | M8: =L8/K8-1 -> 0.040445035 | N8: =SUM(N5:N7) -> 48005 | O8: =SUM(O5:O7) -> 46015 | P8: =SUM(P5:P7) -> 47851 | Q8: =P8/O8-1 -> 0.039900033

Sheet 3.4
A1: Quadro 3.4 Vítimas em Portugal por grupo etário
A3: Grupo etário | B3: VM | F3: FG | J3: FL | N3: Total de vítimas
B4: 2019 | C4: 2023 | D4: 2024 | E4: ∆(%) 24/23 | F4: 2019 | G4: 2023 | H4: 2024 | I4: ∆(%) 24/23 | J4: 2019 | K4: 2023 | L4: 2024 | M4: ∆(%) 24/23 | N4: 2019 | O4: 2023 | P4: 2024 | Q4: ∆(%) 24/23
A5: <=14 | B5: 14 | C5: 11 | D5: 9 | E5: =D5/C5-1 -> -0.18181818 | F5: 91 | G5: 75 | H5: 82 | I5: =H5/G5-1 -> 0.093333333 | J5: 2435 | K5: 2201 | L5: 2135 | M5: =L5/K5-1 -> -0.02998637 | N5: =B5+F5+J5 -> 2540 | O5: =C5+G5+K5 -> 2287 | P5: =D5+H5+L5 -> 2226 | Q5: =P5/O5-1 -> -0.026672497
A6: 15_19 | B6: 24 | C6: 34 | D6: 30 | E6: =D6/C6-1 -> -0.11764706 | F6: 133 | G6: 171 | H6: 185 | I6: =H6/G6-1 -> 0.081871345 | J6: 3336 | K6: 3292 | L6: 3511 | M6: =L6/K6-1 -> 0.066524909 | N6: =B6+F6+J6 -> 3493 | O6: =C6+G6+K6 -> 3497 | P6: =D6+H6+L6 -> 3726 | Q6: =P6/O6-1 -> 0.065484701
A7: 20_24 | B7: 58 | C7: 48 | D7: 61 | E7: =D7/C7-1 -> 0.27083333 | F7: 219 | G7: 262 | H7: 275 | I7: =H7/G7-1 -> 0.049618321 | J7: 5039 | K7: 4697 | L7: 4993 | M7: =L7/K7-1 -> 0.063018948 | N7: =B7+F7+J7 -> 5316 | O7: =C7+G7+K7 -> 5007 | P7: =D7+H7+L7 -> 5329 | Q7: =P7/O7-1 -> 0.064309966
A8: 25_29 | B8: 46 | C8: 48 | D8: 50 | E8: =D8/C8-1 -> 0.041666667 | F8: 218 | G8: 236 | H8: 245 | I8: =H8/G8-1 -> 0.038135593 | J8: 4156 | K8: 4217 | L8: 4603 | M8: =L8/K8-1 -> 0.091534266 | N8: =B8+F8+J8 -> 4420 | O8: =C8+G8+K8 -> 4501 | P8: =D8+H8+L8 -> 4898 | Q8: =P8/O8-1 -> 0.088202622
A9: 30_34 | B9: 38 | C9: 36 | D9: 40 | E9: =D9/C9-1 -> 0.11111111 | F9: 192 | G9: 207 | H9: 236 | I9: =H9/G9-1 -> 0.14009662 | J9: 3616 | K9: 3569 | L9: 3795 | M9: =L9/K9-1 -> 0.06332306 | N9: =B9+F9+J9 -> 3846 | O9: =C9+G9+K9 -> 3812 | P9: =D9+H9+L9 -> 4071 | Q9: =P9/O9-1 -> 0.067943337
A10: 35_39 | B10: 47 | C10: 41 | D10: 34 | E10: =D10/C10-1 -> -0.17073171 | F10: 199 | G10: 173 | H10: 200 | I10: =H10/G10-1 -> 0.15606936 | J10: 3389 | K10: 3242 | L10: 3200 | M10: =L10/K10-1 -> -0.012954966 | N10: =B10+F10+J10 -> 3635 | O10: =C10+G10+K10 -> 3456 | P10: =D10+H10+L10 -> 3434 | Q10: =P10/O10-1 -> -0.0063657407
A11: 40_44 | B11: 42 | C11: 44 | D11: 46 | E11: =D11/C11-1 -> 0.045454545 | F11: 219 | G11: 191 | H11: 189 | I11: =H11/G11-1 -> -0.010471204 | J11: 3718 | K11: 3151 | L11: 3274 | M11: =L11/K11-1 -> 0.039035227 | N11: =B11+F11+J11 -> 3979 | O11: =C11+G11+K11 -> 3386 | P11: =D11+H11+L11 -> 3509 | Q11: =P11/O11-1 -> 0.036326048
A12: 45_49 | B12: 54 | C12: 43 | D12: 51 | E12: =D12/C12-1 -> 0.18604651 | F12: 161 | G12: 226 | H12: 213 | I12: =H12/G12-1 -> -0.057522124 | J12: 3479 | K12: 3354 | L12: 3372 | M12: =L12/K12-1 -> 0.0053667263 | N12: =B12+F12+J12 -> 3694 | O12: =C12+G12+K12 -> 3623 | P12: =D12+H12+L12 -> 3636 | Q12: =P12/O12-1 -> 0.0035881866
A13: 50_54 | B13: 37 | C13: 59 | D13: 38 | E13: =D13/C13-1 -> -0.3559322 | F13: 163 | G13: 178 | H13: 214 | I13: =H13/G13-1 -> 0.20224719 | J13: 3148 | K13: 3120 | L13: 3152 | M13: =L13/K13-1 -> 0.01025641 | N13: =B13+F13+J13 -> 3348 | O13: =C13+G13+K13 -> 3357 | P13: =D13+H13+L13 -> 3404 | Q13: =P13/O13-1 -> 0.014000596
A14: 55_59 | B14: 35 | C14: 39 | D14: 40 | E14: =D14/C14-1 -> 0.025641026 | F14: 151 | G14: 179 | H14: 158 | I14: =H14/G14-1 -> -0.11731844 | J14: 3049 | K14: 2677 | L14: 2865 | M14: =L14/K14-1 -> 0.070227867 | N14: =B14+F14+J14 -> 3235 | O14: =C14+G14+K14 -> 2895 | P14: =D14+H14+L14 -> 3063 | Q14: =P14/O14-1 -> 0.058031088
A15: 60_64 | B15: 47 | C15: 43 | D15: 38 | E15: =D15/C15-1 -> -0.11627907 | F15: 145 | G15: 157 | H15: 168 | I15: =H15/G15-1 -> 0.070063694 | J15: 2506 | K15: 2461 | L15: 2640 | M15: =L15/K15-1 -> 0.072734661 | N15: =B15+F15+J15 -> 2698 | O15: =C15+G15+K15 -> 2661 | P15: =D15+H15+L15 -> 2846 | Q15: =P15/O15-1 -> 0.069522736
A16: 65_69 | B16: 60 | C16: 51 | D16: 46 | E16: =D16/C16-1 -> -0.098039216 | F16: 147 | G16: 130 | H16: 125 | I16: =H16/G16-1 -> -0.038461538 | J16: 1999 | K16: 2008 | L16: 2119 | M16: =L16/K16-1 -> 0.055278884 | N16: =B16+F16+J16 -> 2206 | O16: =C16+G16+K16 -> 2189 | P16: =D16+H16+L16 -> 2290 | Q16: =P16/O16-1 -> 0.04613979
... A19: >=80 | B19: 74 | C19: 70 | D19: 61 | E19: =D19/C19-1 -> -0.12857143 | F19: 124 | G19: 103 | H19: 113 | I19: =H19/G19-1 -> 0.097087379 | J19: 1740 | K19: 1665 | L19: 1738 | M19: =L19/K19-1 -> 0.043843844 | N19: =B19+F19+J19 -> 1938 | O19: =C19+G19+K19 -> 1838 | P19: =D19+H19+L19 -> 1912 | Q19: =P19/O19-1 -> 0.040261153
A20: n.d. | B20: 2 | C20: 0 | D20: 0 | E20: - | F20: 6 | G20: 0 | H20: 0 | I20: - | J20: 41 | K20: 3 | L20: 4 | M20: =L20/K20-1 -> 0.33333333 | N20: =B20+F20+J20 -> 49 | O20: =C20+G20+K20 -> 3 | P20: =D20+H20+L20 -> 4 | Q20: =P20/O20-1 -> 0.33333333
A21: Total | B21: =SUM(B5:B20) -> 688 | C21: =SUM(C5:C20) -> 642 | D21: =SUM(D5:D20) -> 618 | E21: =D21/C21-1 -> -0.037383178 | F21: =SUM(F5:F20) -> 2383 | G21: =SUM(G5:G20) -> 2500 | H21: =SUM(H5:H20) -> 2626 | I21: =H21/G21-1 -> 0.0504 | J21: =SUM(J5:J20) -> 44934 | K21: =SUM(K5:K20) -> 42873 | L21: =SUM(L5:L20) -> 44607 | M21: =L21/K21-1 -> 0.040445035 | N21: =SUM(N5:N20) -> 48005 | O21: =SUM(O5:O20) -> 46015 | P21: =SUM(P5:P20) -> 47851 | Q21: =P21/O21-1 -> 0.039900033
A22: n.d. - não definido

Sheet 3.5
A1: Quadro 3.5 Vítimas mortais em Portugal por milhão de habitantes, segundo o grupo etário
A3: Grupo etário | B3: População (2024) | C3: VM | D3: VM/milhão habitantes de Portugal
A5: <=14 | B5: 1359489 | C5: 9 | D5: =+C5/B5*1000000 -> 6.6201345
A6: 15-19 | B6: 527160 | C6: 30 | D6: =+C6/B6*1000000 -> 56.908718
A7: 20-24 | B7: 570891 | C7: 61 | D7: =+C7/B7*1000000 -> 106.85052
A8: 25-29 | B8: 592964 | C8: 50 | D8: =+C8/B8*1000000 -> 84.322151
A9: 30-34 | B9: 610414 | C9: 40 | D9: =+C9/B9*1000000 -> 65.529297
A10: 35-39 | B10: 627948 | C10: 34 | D10: =+C10/B10*1000000 -> 54.144611
A11: 40-44 | B11: 724210 | C11: 46 | D11: =+C11/B11*1000000 -> 63.517488
A12: 45-49 | B12: 814504 | C12: 51 | D12: =+C12/B12*1000000 -> 62.614794
A13: 50-54 | B13: 802104 | C13: 38 | D13: =+C13/B13*1000000 -> 47.375403
A14: 55-59 | B14: 755290 | C14: 40 | D14: =+C14/B14*1000000 -> 52.95979
A15: 60-64 | B15: 749317 | C15: 38 | D15: =+C15/B15*1000000 -> 50.712849
A16: 65-69 | B16: 695772 | C16: 46 | D16: =+C16/B16*1000000 -> 66.113612
... A19: >=80 | B19: 762291 | C19: 61 | D19: =+C19/B19*1000000 -> 80.021934
A20: Total | B20: =SUM(B5:B19) -> 10749635 | C20: =SUM(C5:C19) -> 618 | D20: =+C20/B20*1000000 -> 57.490324

Sheet 4.1
A1: Quadro 4.1 Peões vítimas em Portugal por regiões NUTS I
A3: Regiões | B3: VM | F3: FG | J3: FL | N3: Total de peões vítimas
B4: 2019 | C4: 2023 | D4: 2024 | E4: ∆(%) 24/23 | F4: 2019 | G4: 2023 | H4: 2024 | I4: ∆(%) 24/23 | J4: 2019 | K4: 2023 | L4: 2024 | M4: ∆(%) 24/23 | N4: 2019 | O4: 2023 | P4: 2024 | Q4: ∆(%) 24/23
A5: Continente | B5: 134 | C5: 102 | D5: 107 | E5: =D5/C5-1 -> 0.049019608 | F5: 409 | G5: 321 | H5: 397 | I5: =H5/G5-1 -> 0.23676012 | J5: 5180 | K5: 4450 | L5: 4648 | M5: =L5/K5-1 -> 0.044494382 | N5: =B5+F5+J5 -> 5723 | O5: =C5+G5+K5 -> 4873 | P5: =D5+H5+L5 -> 5152 | Q5: =P5/O5-1 -> 0.057254258
A6: R.A. Açores | B6: 5 | C6: 4 | D6: 2 | E6: =D6/C6-1 -> -0.5 | F6: 24 | G6: 15 | H6: 14 | I6: =H6/G6-1 -> -0.066666667 | J6: 77 | K6: 58 | L6: 71 | M6: =L6/K6-1 -> 0.22413793 | N6: =B6+F6+J6 -> 106 | O6: =C6+G6+K6 -> 77 | P6: =D6+H6+L6 -> 87 | Q6: =P6/O6-1 -> 0.12987013
A7: R.A. Madeira | B7: 1 | C7: 3 | D7: 2 | E7: =D7/C7-1 -> -0.33333333 | F7: 17 | G7: 14 | H7: 15 | I7: =H7/G7-1 -> 0.071428571 | J7: 134 | K7: 140 | L7: 128 | M7: =L7/K7-1 -> -0.085714286 | N7: =B7+F7+J7 -> 152 | O7: =C7+G7+K7 -> 157 | P7: =D7+H7+L7 -> 145 | Q7: =P7/O7-1 -> -0.076433121
A8: Total | B8: =SUM(B5:B7) -> 140 | C8: =SUM(C5:C7) -> 109 | D8: =SUM(D5:D7) -> 111 | E8: =D8/C8-1 -> 0.018348624 | F8: =SUM(F5:F7) -> 450 | G8: =SUM(G5:G7) -> 350 | H8: =SUM(H5:H7) -> 426 | I8: =H8/G8-1 -> 0.21714286 | J8: =SUM(J5:J7) -> 5391 | K8: =SUM(K5:K7) -> 4648 | L8: =SUM(L5:L7) -> 4847 | M8: =L8/K8-1 -> 0.042814114 | N8: =SUM(N5:N7) -> 5981 | O8: =SUM(O5:O7) -> 5107 | P8: =SUM(P5:P7) -> 5384 | Q8: =P8/O8-1 -> 0.054239279

Sheet 4.2
A1: Quadro 4.2 Evolução peões vítimas em Portugal, 2019 a 2024
A3: Ano | B3: VM | C3: FG | D3: FL | E3: Total de peões vítimas
A4: 2019 | B4: 140 | C4: 450 | D4: 5391 | E4: =SUM(B4:D4) -> 5981
A5: 2020 | B5: 101 | C5: 291 | D5: 3484 | E5: =SUM(B5:D5) -> 3876
A6: 2021 | B6: 100 | C6: 306 | D6: 3717 | E6: =SUM(B6:D6) -> 4123
A7: 2022 | B7: 107 | C7: 350 | D7: 4492 | E7: =SUM(B7:D7) -> 4949
A8: 2023 | B8: 109 | C8: 350 | D8: 4648 | E8: 5107
A9: 2024 | B9: 111 | C9: 426 | D9: 4847 | E9: =SUM(B9:D9) -> 5384

Sheet 4.3
A1: Quadro 4.3 Peões vítimas em Portugal por mês
A3: Mês | B3: VM | F3: FG | J3: FL | N3: Total de peões vítimas
B4: 2019 | C4: 2023 | D4: 2024 | E4: ∆(%) 24/23 | F4: 2019 | G4: 2023 | H4: 2024 | I4: ∆(%) 24/23 | J4: 2019 | K4: 2023 | L4: 2024 | M4: ∆(%) 24/23 | N4: 2019 | O4: 2023 | P4: 2024 | Q4: ∆(%) 24/23
A5: Jan | B5: 19 | C5: 16 | D5: 6 | E5: =D5/C5-1 -> -0.625 | F5: 45 | G5: 39 | H5: 39 | I5: =H5/G5-1 -> 0 | J5: 513 | K5: 468 | L5: 497 | M5: =L5/K5-1 -> 0.061965812 | N5: =B5+F5+J5 -> 577 | O5: =C5+G5+K5 -> 523 | P5: =D5+H5+L5 -> 542 | Q5: =P5/O5-1 -> 0.036328872
A6: Fev | B6: 9 | C6: 8 | D6: 4 | E6: =D6/C6-1 -> -0.5 | F6: 34 | G6: 25 | H6: 33 | I6: =H6/G6-1 -> 0.32 | J6: 390 | K6: 339 | L6: 398 | M6: =L6/K6-1 -> 0.1740413 | N6: =B6+F6+J6 -> 433 | O6: =C6+G6+K6 -> 372 | P6: =D6+H6+L6 -> 435 | Q6: =P6/O6-1 -> 0.16935484
A7: Mar | B7: 13 | C7: 14 | D7: 12 | E7: =D7/C7-1 -> -0.14285714 | F7: 52 | G7: 25 | H7: 42 | I7: =H7/G7-1 -> 0.68 | J7: 475 | K7: 380 | L7: 343 | M7: =L7/K7-1 -> -0.097368421 | N7: =B7+F7+J7 -> 540 | O7: =C7+G7+K7 -> 419 | P7: =D7+H7+L7 -> 397 | Q7: =P7/O7-1 -> -0.052505967
A8: Abr | B8: 8 | C8: 6 | D8: 8 | E8: =D8/C8-1 -> 0.33333333 | F8: 22 | G8: 21 | H8: 26 | I8: =H8/G8-1 -> 0.23809524 | J8: 352 | K8: 320 | L8: 389 | M8: =L8/K8-1 -> 0.215625 | N8: =B8+F8+J8 -> 382 | O8: =C8+G8+K8 -> 347 | P8: =D8+H8+L8 -> 423 | Q8: =P8/O8-1 -> 0.21902017
A9: Mai | B9: 7 | C9: 8 | D9: 12 | E9: =D9/C9-1 -> 0.5 | F9: 35 | G9: 27 | H9: 39 | I9: =H9/G9-1 -> 0.44444444 | J9: 466 | K9: 362 | L9: 355 | M9: =L9/K9-1 -> -0.019337017 | N9: =B9+F9+J9 -> 508 | O9: =C9+G9+K9 -> 397 | P9: =D9+H9+L9 -> 406 | Q9: =P9/O9-1 -> 0.022670025
A10: Jun | B10: 10 | C10: 4 | D10: 7 | E10: =D10/C10-1 -> 0.75 | F10: 38 | G10: 25 | H10: 33 | I10: =H10/G10-1 -> 0.32 | J10: 373 | K10: 352 | L10: 356 | M10: =L10/K10-1 -> 0.011363636 | N10: =B10+F10+J10 -> 421 | O10: =C10+G10+K10 -> 381 | P10: =D10+H10+L10 -> 396 | Q10: =P10/O10-1 -> 0.039370079
A11: Jul | B11: 7 | C11: 8 | D11: 7 | E11: =D11/C11-1 -> -0.125 | F11: 26 | G11: 24 | H11: 30 | I11: =H11/G11-1 -> 0.25 | J11: 386 | K11: 348 | L11: 370 | M11: =L11/K11-1 -> 0.063218391 | N11: =B11+F11+J11 -> 419 | O11: =C11+G11+K11 -> 380 | P11: =D11+H11+L11 -> 407 | Q11: =P11/O11-1 -> 0.071052632
A12: Ago | B12: 13 | C12: 5 | D12: 12 | E12: =D12/C12-1 -> 1.4 | F12: 41 | G12: 28 | H12: 32 | I12: =H12/G12-1 -> 0.14285714 | J12: 368 | K12: 330 | L12: 348 | M12: =L12/K12-1 -> 0.054545455 | N12: =B12+F12+J12 -> 422 | O12: =C12+G12+K12 -> 363 | P12: =D12+H12+L12 -> 392 | Q12: =P12/O12-1 -> 0.079889807
A13: Set | B13: 8 | C13: 16 | D13: 11 | E13: =D13/C13-1 -> -0.3125 | F13: 51 | G13: 25 | H13: 44 | I13: =H13/G13-1 -> 0.76 | J13: 403 | K13: 408 | L13: 375 | M13: =L13/K13-1 -> -0.080882353 | N13: =B13+F13+J13 -> 462 | O13: =C13+G13+K13 -> 449 | P13: =D13+H13+L13 -> 430 | Q13: =P13/O13-1 -> -0.042316258
A14: Out | B14: 16 | C14: 14 | D14: 13 | E14: =D14/C14-1 -> -0.071428571 | F14: 35 | G14: 36 | H14: 33 | I14: =H14/G14-1 -> -0.083333333 | J14: 512 | K14: 410 | L14: 441 | M14: =L14/K14-1 -> 0.075609756 | N14: =B14+F14+J14 -> 563 | O14: =C14+G14+K14 -> 460 | P14: =D14+H14+L14 -> 487 | Q14: =P14/O14-1 -> 0.058695652
A15: Nov | B15: 13 | C15: 0 | D15: 6 | E15: - | F15: 42 | G15: 41 | H15: 35 | I15: =H15/G15-1 -> -0.14634146 | J15: 581 | K15: 477 | L15: 482 | M15: =L15/K15-1 -> 0.01048218 | N15: =B15+F15+J15 -> 636 | O15: =C15+G15+K15 -> 518 | P15: =D15+H15+L15 -> 523 | Q15: =P15/O15-1 -> 0.0096525097
A16: Dez | B16: 17 | C16: 10 | D16: 13 | E16: =D16/C16-1 -> 0.3 | F16: 29 | G16: 34 | H16: 40 | I16: =H16/G16-1 -> 0.17647059 | J16: 572 | K16: 454 | L16: 493 | M16: =L16/K16-1 -> 0.085903084 | N16: =B16+F16+J16 -> 618 | O16: =C16+G16+K16 -> 498 | P16: =D16+H16+L16 -> 546 | Q16: =P16/O16-1 -> 0.096385542
A17: Total | B17: =SUM(B5:B16) -> 140 | C17: =SUM(C5:C16) -> 109 | D17: =SUM(D5:D16) -> 111 | E17: =D17/C17-1 -> 0.018348624 | F17: =SUM(F5:F16) -> 450 | G17: =SUM(G5:G16) -> 350 | H17: =SUM(H5:H16) -> 426 | I17: =H17/G17-1 -> 0.21714286 | J17: =SUM(J5:J16) -> 5391 | K17: =SUM(K5:K16) -> 4648 | L17: =SUM(L5:L16) -> 4847 | M17: =L17/K17-1 -> 0.042814114 | N17: =SUM(N5:N16) -> 5981 | O17: =SUM(O5:O16) -> 5107 | P17: =SUM(P5:P16) -> 5384 | Q17: =P17/O17-1 -> 0.054239279

Sheet 4.4
A1: Quadro 4.4 Peões vítimas em Portugal por dia da semana
A3: Dia da semana | B3: VM | F3: FG | J3: FL | N3: Total de peões vítimas
B4: 2019 | C4: 2023 | D4: 2024 | E4: ∆(%) 24/23 | F4: 2019 | G4: 2023 | H4: 2024 | I4: ∆(%) 24/23 | J4: 2019 | K4: 2023 | L4: 2024 | M4: ∆(%) 24/23 | N4: 2019 | O4: 2023 | P4: 2024 | Q4: ∆(%) 24/23
A5: 2.ª feira | B5: 27 | C5: 18 | D5: 15 | E5: =D5/C5-1 -> -0.16666667 | F5: 61 | G5: 49 | H5: 70 | I5: =H5/G5-1 -> 0.42857143 | J5: 813 | K5: 700 | L5: 767 | M5: =L5/K5-1 -> 0.095714286 | N5: =B5+F5+J5 -> 901 | O5: =C5+G5+K5 -> 767 | P5: =D5+H5+L5 -> 852 | Q5: =P5/O5-1 -> 0.11082138
A6: 3.ª feira | B6: 24 | C6: 15 | D6: 16 | E6: =D6/C6-1 -> 0.066666667 | F6: 72 | G6: 48 | H6: 71 | I6: =H6/G6-1 -> 0.47916667 | J6: 843 | K6: 741 | L6: 765 | M6: =L6/K6-1 -> 0.032388664 | N6: =B6+F6+J6 -> 939 | O6: =C6+G6+K6 -> 804 | P6: =D6+H6+L6 -> 852 | Q6: =P6/O6-1 -> 0.059701493
A7: 4.ª feira | B7: 13 | C7: 15 | D7: 18 | E7: =D7/C7-1 -> 0.2 | F7: 62 | G7: 56 | H7: 73 | I7: =H7/G7-1 -> 0.30357143 | J7: 867 | K7: 761 | L7: 761 | M7: =L7/K7-1 -> 0 | N7: =B7+F7+J7 -> 942 | O7: =C7+G7+K7 -> 832 | P7: =D7+H7+L7 -> 852 | Q7: =P7/O7-1 -> 0.024038462
A8: 5.ª feira | B8: 20 | C8: 16 | D8: 9 | E8: =D8/C8-1 -> -0.4375 | F8: 75 | G8: 50 | H8: 51 | I8: =H8/G8-1 -> 0.02 | J8: 907 | K8: 764 | L8: 791 | M8: =L8/K8-1 -> 0.035340314 | N8: =B8+F8+J8 -> 1002 | O8: =C8+G8+K8 -> 830 | P8: =D8+H8+L8 -> 851 | Q8: =P8/O8-1 -> 0.025301205
A9: 6.ª feira | B9: 28 | C9: 13 | D9: 22 | E9: =D9/C9-1 -> 0.69230769 | F9: 76 | G9: 59 | H9: 69 | I9: =H9/G9-1 -> 0.16949153 | J9: 935 | K9: 798 | L9: 816 | M9: =L9/K9-1 -> 0.022556391 | N9: =B9+F9+J9 -> 1039 | O9: =C9+G9+K9 -> 870 | P9: =D9+H9+L9 -> 907 | Q9: =P9/O9-1 -> 0.042528736
A10: Sábado | B10: 16 | C10: 20 | D10: 17 | E10: =D10/C10-1 -> -0.15 | F10: 63 | G10: 54 | H10: 52 | I10: =H10/G10-1 -> -0.037037037 | J10: 604 | K10: 503 | L10: 564 | M10: =L10/K10-1 -> 0.12127237 | N10: =B10+F10+J10 -> 683 | O10: =C10+G10+K10 -> 577 | P10: =D10+H10+L10 -> 633 | Q10: =P10/O10-1 -> 0.097053726
A11: Domingo | B11: 12 | C11: 12 | D11: 14 | E11: =D11/C11-1 -> 0.16666667 | F11: 41 | G11: 34 | H11: 40 | I11: =H11/G11-1 -> 0.17647059 | J11: 422 | K11: 381 | L11: 383 | M11: =L11/K11-1 -> 0.0052493438 | N11: =B11+F11+J11 -> 475 | O11: =C11+G11+K11 -> 427 | P11: =D11+H11+L11 -> 437 | Q11: =P11/O11-1 -> 0.023419204
A12: Total | B12: =SUM(B5:B11) -> 140 | C12: =SUM(C5:C11) -> 109 | D12: =SUM(D5:D11) -> 111 | E12: =D12/C12-1 -> 0.018348624 | F12: =SUM(F5:F11) -> 450 | G12: =SUM(G5:G11) -> 350 | H12: =SUM(H5:H11) -> 426 | I12: =H12/G12-1 -> 0.21714286 | J12: =SUM(J5:J11) -> 5391 | K12: =SUM(K5:K11) -> 4648 | L12: =SUM(L5:L11) -> 4847 | M12: =L12/K12-1 -> 0.042814114 | N12: =SUM(N5:N11) -> 5981 | O12: =SUM(O5:O11) -> 5107 | P12: =SUM(P5:P11) -> 5384 | Q12: =P12/O12-1 -> 0.054239279

Sheet 4.5
A1: Quadro 4.5 Peões vítimas em Portugal por período horário
A3: Período horário | B3: VM | F3: FG | J3: FL | N3: Total de peões vítimas
B4: 2019 | C4: 2023 | D4: 2024 | E4: ∆(%) 24/23 | F4: 2019 | G4: 2023 | H4: 2024 | I4: ∆(%) 24/23 | J4: 2019 | K4: 2023 | L4: 2024 | M4: ∆(%) 24/23 | N4: 2019 | O4: 2023 | P4: 2024 | Q4: ∆(%) 24/23
A5: [00:00-03:00[ | B5: 7 | C5: 3 | D5: 6 | E5: =D5/C5-1 -> 1 | F5: 7 | G5: 13 | H5: 9 | I5: =H5/G5-1 -> -0.30769231 | J5: 84 | K5: 63 | L5: 61 | M5: =L5/K5-1 -> -0.031746032 | N5: =B5+F5+J5 -> 98 | O5: =C5+G5+K5 -> 79 | P5: =D5+H5+L5 -> 76 | Q5: =P5/O5-1 -> -0.037974684
A6: [03:00-06:00[ | B6: 2 | C6: 4 | D6: 2 | E6: =D6/C6-1 -> -0.5 | F6: 8 | G6: 4 | H6: 8 | I6: =H6/G6-1 -> 1 | J6: 36 | K6: 34 | L6: 37 | M6: =L6/K6-1 -> 0.088235294 | N6: =B6+F6+J6 -> 46 | O6: =C6+G6+K6 -> 42 | P6: =D6+H6+L6 -> 47 | Q6: =P6/O6-1 -> 0.11904762
A7: [06:00-09:00[ | B7: 7 | C7: 11 | D7: 22 | E7: =D7/C7-1 -> 1 | F7: 54 | G7: 49 | H7: 45 | I7: =H7/G7-1 -> -0.081632653 | J7: 561 | K7: 520 | L7: 517 | M7: =L7/K7-1 -> -0.0057692308 | N7: =B7+F7+J7 -> 622 | O7: =C7+G7+K7 -> 580 | P7: =D7+H7+L7 -> 584 | Q7: =P7/O7-1 -> 0.0068965517
A8: [09:00-12:00[ | B8: 21 | C8: 21 | D8: 14 | E8: =D8/C8-1 -> -0.33333333 | F8: 68 | G8: 50 | H8: 67 | I8: =H8/G8-1 -> 0.34 | J8: 969 | K8: 931 | L8: 983 | M8: =L8/K8-1 -> 0.055853921 | N8: =B8+F8+J8 -> 1058 | O8: =C8+G8+K8 -> 1002 | P8: =D8+H8+L8 -> 1064 | Q8: =P8/O8-1 -> 0.061876248
A9: [12:00-15:00[ | B9: 14 | C9: 16 | D9: 12 | E9: =D9/C9-1 -> -0.25 | F9: 63 | G9: 43 | H9: 70 | I9: =H9/G9-1 -> 0.62790698 | J9: 893 | K9: 744 | L9: 840 | M9: =L9/K9-1 -> 0.12903226 | N9: =B9+F9+J9 -> 970 | O9: =C9+G9+K9 -> 803 | P9: =D9+H9+L9 -> 922 | Q9: =P9/O9-1 -> 0.14819427
A10: [15:00-18:00[ | B10: 29 | C10: 11 | D10: 13 | E10: =D10/C10-1 -> 0.18181818 | F10: 77 | G10: 68 | H10: 78 | I10: =H10/G10-1 -> 0.14705882 | J10: 1148 | K10: 1044 | L10: 1033 | M10: =L10/K10-1 -> -0.010536398 | N10: =B10+F10+J10 -> 1254 | O10: =C10+G10+K10 -> 1123 | P10: =D10+H10+L10 -> 1124 | Q10: =P10/O10-1 -> 0.00089047195
A11: [18:00-21:00[ | B11: 45 | C11: 32 | D11: 32 | E11: =D11/C11-1 -> 0 | F11: 129 | G11: 94 | H11: 117 | I11: =H11/G11-1 -> 0.24468085 | J11: 1357 | K11: 1049 | L11: 1105 | M11: =L11/K11-1 -> 0.053384175 | N11: =B11+F11+J11 -> 1531 | O11: =C11+G11+K11 -> 1175 | P11: =D11+H11+L11 -> 1254 | Q11: =P11/O11-1 -> 0.067234043
A12: [21:00-00:00[ | B12: 15 | C12: 11 | D12: 10 | E12: =D12/C12-1 -> -0.090909091 | F12: 44 | G12: 29 | H12: 32 | I12: =H12/G12-1 -> 0.10344828 | J12: 343 | K12: 263 | L12: 271 | M12: =L12/K12-1 -> 0.030418251 | N12: =B12+F12+J12 -> 402 | O12: =C12+G12+K12 -> 303 | P12: =D12+H12+L12 -> 313 | Q12: =P12/O12-1 -> 0.0330033
A13: Total | B13: =SUM(B5:B12) -> 140 | C13: =SUM(C5:C12) -> 109 | D13: =SUM(D5:D12) -> 111 | E13: =D13/C13-1 -> 0.018348624 | F13: =SUM(F5:F12) -> 450 | G13: =SUM(G5:G12) -> 350 | H13: =SUM(H5:H12) -> 426 | I13: =H13/G13-1 -> 0.21714286 | J13: =SUM(J5:J12) -> 5391 | K13: =SUM(K5:K12) -> 4648 | L13: =SUM(L5:L12) -> 4847 | M13: =L13/K13-1 -> 0.042814114 | N13: =SUM(N5:N12) -> 5981 | O13: =SUM(O5:O12) -> 5107 | P13: =SUM(P5:P12) -> 5384 | Q13: =P13/O13-1 -> 0.054239279

Sheet 4.6
A1: Quadro 4.6 Peões vítimas em Portugal por fatores atmosféricos
A3: Fatores atmosféricos | B3: VM | F3: FG | J3: FL | N3: Total de peões vítimas
B4: 2019 | C4: 2023 | D4: 2024 | E4: ∆(%) 24/23 | F4: 2019 | G4: 2023 | H4: 2024 | I4: ∆(%) 24/23 | J4: 2019 | K4: 2023 | L4: 2024 | M4: ∆(%) 24/23 | N4: 2019 | O4: 2023 | P4: 2024 | Q4: ∆(%) 24/23
A5: Bom tempo | B5: 126 | C5: 92 | D5: 93 | E5: =D5/C5-1 -> 0.010869565 | F5: 372 | G5: 293 | H5: 359 | I5: =H5/G5-1 -> 0.22525597 | J5: 4424 | K5: 3988 | L5: 4128 | M5: =L5/K5-1 -> 0.035105316 | N5: =B5+F5+J5 -> 4922 | O5: =C5+G5+K5 -> 4373 | P5: =D5+H5+L5 -> 4580 | Q5: =P5/O5-1 -> 0.047335925
A6: Chuva | B6: 13 | C6: 17 | D6: 17 | E6: =D6/C6-1 -> 0 | F6: 75 | G6: 57 | H6: 65 | I6: =H6/G6-1 -> 0.14035088 | J6: 928 | K6: 636 | L6: 691 | M6: =L6/K6-1 -> 0.086477987 | N6: =B6+F6+J6 -> 1016 | O6: =C6+G6+K6 -> 710 | P6: =D6+H6+L6 -> 773 | Q6: =P6/O6-1 -> 0.088732394
A7: Nevoeiro | B7: 0 | C7: 0 | D7: 1 | E7: - | F7: 1 | G7: 0 | H7: 1 | I7: - | J7: 18 | K7: 12 | L7: 11 | M7: =L7/K7-1 -> -0.083333333 | N7: =B7+F7+J7 -> 19 | O7: =C7+G7+K7 -> 12 | P7: =D7+H7+L7 -> 13 | Q7: =P7/O7-1 -> 0.083333333
A8: Vento Forte | B8: 1 | C8: 0 | D8: 0 | E8: - | F8: 1 | G8: 0 | H8: 0 | I8: - | J8: 7 | K8: 2 | L8: 5 | M8: =L8/K8-1 -> 1.5 | N8: =B8+F8+J8 -> 9 | O8: =C8+G8+K8 -> 2 | P8: =D8+H8+L8 -> 5 | Q8: =P8/O8-1 -> 1.5
A9: Neve | B9: 0 | C9: 0 | D9: 0 | E9: - | F9: 0 | G9: 0 | H9: 0 | I9: - | J9: 1 | K9: 1 | L9: 1 | M9: =L9/K9-1 -> 0 | N9: =B9+F9+J9 -> 1 | O9: =C9+G9+K9 -> 1 | P9: =D9+H9+L9 -> 1 | Q9: =P9/O9-1 -> 0
A10: Fumo | B10: 0 | C10: 0 | D10: 0 | E10: - | F10: 1 | G10: 0 | H10: 0 | I10: - | J10: 0 | K10: 0 | L10: 1 | M10: - | N10: =B10+F10+J10 -> 1 | O10: =C10+G10+K10 -> 0 | P10: =D10+H10+L10 -> 1 | Q10: -
A11: n.d. | B11: 0 | C11: 0 | D11: 0 | E11: - | F11: 0 | G11: 0 | H11: 1 | I11: - | J11: 13 | K11: 9 | L11: 10 | M11: =L11/K11-1 -> 0.11111111 | N11: =B11+F11+J11 -> 13 | O11: =C11+G11+K11 -> 9 | P11: =D11+H11+L11 -> 11 | Q11: =P11/O11-1 -> 0.22222222
A12: Total | B12: =SUM(B5:B11) -> 140 | C12: =SUM(C5:C11) -> 109 | D12: =SUM(D5:D11) -> 111 | E12: =D12/C12-1 -> 0.018348624 | F12: =SUM(F5:F11) -> 450 | G12: =SUM(G5:G11) -> 350 | H12: =SUM(H5:H11) -> 426 | I12: =H12/G12-1 -> 0.21714286 | J12: =SUM(J5:J11) -> 5391 | K12: =SUM(K5:K11) -> 4648 | L12: =SUM(L5:L11) -> 4847 | M12: =L12/K12-1 -> 0.042814114 | N12: =SUM(N5:N11) -> 5981 | O12: =SUM(O5:O11) -> 5107 | P12: =SUM(P5:P11) -> 5384 | Q12: =P12/O12-1 -> 0.054239279
A13: n.d. - não definido

Sheet 4.7
A1: Quadro 4.7 Peões vítimas em Portugal segundo a luminosidade
A3: Luminosidade | B3: VM | F3: FG | J3: FL | N3: Total de peões vítimas
B4: 2019 | C4: 2023 | D4: 2024 | E4: ∆(%) 24/23 | F4: 2019 | G4: 2023 | H4: 2024 | I4: ∆(%) 24/23 | J4: 2019 | K4: 2023 | L4: 2024 | M4: ∆(%) 24/23 | N4: 2019 | O4: 2023 | P4: 2024 | Q4: ∆(%) 24/23
A5: Dia | B5: 76 | C5: 66 | D5: 59 | E5: =D5/C5-1 -> -0.10606061 | F5: 276 | G5: 217 | H5: 277 | I5: =H5/G5-1 -> 0.2764977 | J5: 3800 | K5: 3441 | L5: 3576 | M5: =L5/K5-1 -> 0.039232781 | N5: =B5+F5+J5 -> 4152 | O5: =C5+G5+K5 -> 3724 | P5: =D5+H5+L5 -> 3912 | Q5: =P5/O5-1 -> 0.050483351
A6: Noite | B6: 60 | C6: 40 | D6: 45 | E6: =D6/C6-1 -> 0.125 | F6: 146 | G6: 116 | H6: 131 | I6: =H6/G6-1 -> 0.12931034 | J6: 1372 | K6: 1038 | L6: 1117 | M6: =L6/K6-1 -> 0.0761079 | N6: =B6+F6+J6 -> 1578 | O6: =C6+G6+K6 -> 1194 | P6: =D6+H6+L6 -> 1293 | Q6: =P6/O6-1 -> 0.082914573
A7: Aurora/Crepúsculo | B7: 4 | C7: 3 | D7: 7 | E7: =D7/C7-1 -> 1.3333333 | F7: 28 | G7: 17 | H7: 18 | I7: =H7/G7-1 -> 0.058823529 | J7: 214 | K7: 169 | L7: 154 | M7: =L7/K7-1 -> -0.088757396 | N7: =B7+F7+J7 -> 246 | O7: =C7+G7+K7 -> 189 | P7: =D7+H7+L7 -> 179 | Q7: =P7/O7-1 -> -0.052910053
A8: n.d. | B8: 0 | C8: 0 | D8: 0 | E8: - | F8: 0 | G8: 0 | H8: 0 | I8: - | J8: 5 | K8: 0 | L8: 0 | M8: - | N8: =B8+F8+J8 -> 5 | O8: =C8+G8+K8 -> 0 | P8: =D8+H8+L8 -> 0 | Q8: -
A9: Total | B9: =SUM(B5:B8) -> 140 | C9: =SUM(C5:C8) -> 109 | D9: =SUM(D5:D8) -> 111 | E9: =D9/C9-1 -> 0.018348624 | F9: =SUM(F5:F8) -> 450 | G9: =SUM(G5:G8) -> 350 | H9: =SUM(H5:H8) -> 426 | I9: =H9/G9-1 -> 0.21714286 | J9: =SUM(J5:J8) -> 5391 | K9: =SUM(K5:K8) -> 4648 | L9: =SUM(L5:L8) -> 4847 | M9: =L9/K9-1 -> 0.042814114 | N9: =SUM(N5:N8) -> 5981 | O9: =SUM(O5:O8) -> 5107 | P9: =SUM(P5:P8) -> 5384 | Q9: =P9/O9-1 -> 0.054239279
A10: n.d. - não definido

Sheet 4.8
A1: Quadro 4.8 Peões vítimas em Portugal segundo a localização
A3: Localização | B3: VM | F3: FG | J3: FL | N3: Total de peões vítimas
B4: 2019 | C4: 2023 | D4: 2024 | E4: ∆(%) 24/23 | F4: 2019 | G4: 2023 | H4: 2024 | I4: ∆(%) 24/23 | J4: 2019 | K4: 2023 | L4: 2024 | M4: ∆(%) 24/23 | N4: 2019 | O4: 2023 | P4: 2024 | Q4: ∆(%) 24/23
A5: Dentro das localidades | B5: 115 | C5: 85 | D5: 91 | E5: =D5/C5-1 -> 0.070588235 | F5: 408 | G5: 325 | H5: 396 | I5: =H5/G5-1 -> 0.21846154 | J5: 5290 | K5: 4558 | L5: 4776 | M5: =L5/K5-1 -> 0.047827995 | N5: =B5+F5+J5 -> 5813 | O5: =C5+G5+K5 -> 4968 | P5: =D5+H5+L5 -> 5263 | Q5: =P5/O5-1 -> 0.059380032
A6: Fora das localidades | B6: 25 | C6: 24 | D6: 20 | E6: =D6/C6-1 -> -0.16666667 | F6: 42 | G6: 25 | H6: 30 | I6: =H6/G6-1 -> 0.2 | J6: 101 | K6: 90 | L6: 71 | M6: =L6/K6-1 -> -0.21111111 | N6: =B6+F6+J6 -> 168 | O6: =C6+G6+K6 -> 139 | P6: =D6+H6+L6 -> 121 | Q6: =P6/O6-1 -> -0.1294964
A7: Total | B7: =SUM(B5:B6) -> 140 | C7: =SUM(C5:C6) -> 109 | D7: =SUM(D5:D6) -> 111 | E7: =D7/C7-1 -> 0.018348624 | F7: =SUM(F5:F6) -> 450 | G7: =SUM(G5:G6) -> 350 | H7: =SUM(H5:H6) -> 426 | I7: =H7/G7-1 -> 0.21714286 | J7: =SUM(J5:J6) -> 5391 | K7: =SUM(K5:K6) -> 4648 | L7: =SUM(L5:L6) -> 4847 | M7: =L7/K7-1 -> 0.042814114 | N7: =SUM(N5:N6) -> 5981 | O7: =SUM(O5:O6) -> 5107 | P7: =SUM(P5:P6) -> 5384 | Q7: =P7/O7-1 -> 0.054239279

Sheet 4.9
A1: Quadro 4.9 Peões vítimas em Portugal por tipo de via
A3: Tipo de via | B3: VM | F3: FG | J3: FL | N3: Total de peões vítimas
B4: 2019 | C4: 2023 | D4: 2024 | E4: ∆(%) 24/23 | F4: 2019 | G4: 2023 | H4: 2024 | I4: ∆(%) 24/23 | J4: 2019 | K4: 2023 | L4: 2024 | M4: ∆(%) 24/23 | N4: 2019 | O4: 2023 | P4: 2024 | Q4: ∆(%) 24/23
A5: AE | B5: 6 | C5: 8 | D5: 4 | E5: =D5/C5-1 -> -0.5 | F5: 7 | G5: 5 | H5: 7 | I5: =H5/G5-1 -> 0.4 | J5: 18 | K5: 17 | L5: 7 | M5: =L5/K5-1 -> -0.58823529 | N5: =B5+F5+J5 -> 31 | O5: 30 | P5: 18 | Q5: =P5/O5-1 -> -0.4
A6: Arruamento | B6: 91 | C6: 67 | D6: 67 | E6: =D6/C6-1 -> 0 | F6: 347 | G6: 277 | H6: 323 | I6: =H6/G6-1 -> 0.16606498 | J6: 4957 | K6: 4237 | L6: 4410 | M6: =L6/K6-1 -> 0.040830776 | N6: =B6+F6+J6 -> 5395 | O6: 4581 | P6: 4800 | Q6: =P6/O6-1 -> 0.047806156
A7: EM | B7: 3 | C7: 1 | D7: 3 | E7: =D7/C7-1 -> 2 | F7: 10 | G7: 2 | H7: 13 | I7: =H7/G7-1 -> 5.5 | J7: 31 | K7: 28 | L7: 21 | M7: =L7/K7-1 -> -0.25 | N7: =B7+F7+J7 -> 44 | O7: 31 | P7: 37 | Q7: =P7/O7-1 -> 0.19354839
A8: EN | B8: 27 | C8: 22 | D8: 26 | E8: =D8/C8-1 -> 0.18181818 | F8: 53 | G8: 47 | H8: 67 | I8: =H8/G8-1 -> 0.42553191 | J8: 255 | K8: 239 | L8: 263 | M8: =L8/K8-1 -> 0.10041841 | N8: =B8+F8+J8 -> 335 | O8: 308 | P8: 356 | Q8: =P8/O8-1 -> 0.15584416
A9: ER | B9: 4 | C9: 4 | D9: 2 | E9: =D9/C9-1 -> -0.5 | F9: 4 | G9: 6 | H9: 4 | I9: =H9/G9-1 -> -0.33333333 | J9: 18 | K9: 14 | L9: 13 | M9: =L9/K9-1 -> -0.071428571 | N9: =B9+F9+J9 -> 26 | O9: 24 | P9: 19 | Q9: =P9/O9-1 -> -0.20833333
A10: IC | B10: 7 | C10: 3 | D10: 3 | E10: =D10/C10-1 -> 0 | F10: 8 | G10: 5 | H10: 2 | I10: =H10/G10-1 -> -0.6 | J10: 8 | K10: 6 | L10: 9 | M10: =L10/K10-1 -> 0.5 | N10: =B10+F10+J10 -> 23 | O10: 14 | P10: 14 | Q10: =P10/O10-1 -> 0
A11: IP | B11: 0 | C11: 0 | D11: 1 | E11: - | F11: 0 | G11: 0 | H11: 1 | I11: - | J11: 0 | K11: 5 | L11: 3 | M11: =L11/K11-1 -> -0.4 | N11: =B11+F11+J11 -> 0 | O11: 5 | P11: 5 | Q11: =P11/O11-1 -> 0
A12: Outras vias* | B12: 2 | C12: 4 | D12: 5 | E12: =D12/C12-1 -> 0.25 | F12: 21 | G12: 8 | H12: 9 | I12: =H12/G12-1 -> 0.125 | J12: 104 | K12: 102 | L12: 121 | M12: =L12/K12-1 -> 0.18627451 | N12: =B12+F12+J12 -> 127 | O12: 114 | P12: 135 | Q12: =P12/O12-1 -> 0.18421053
A13: Total | B13: =SUM(B5:B12) -> 140 | C13: =SUM(C5:C12) -> 109 | D13: =SUM(D5:D12) -> 111 | E13: =D13/C13-1 -> 0.018348624 | F13: =SUM(F5:F12) -> 450 | G13: =SUM(G5:G12) -> 350 | H13: =SUM(H5:H12) -> 426 | I13: =H13/G13-1 -> 0.21714286 | J13: =SUM(J5:J12) -> 5391 | K13: =SUM(K5:K12) -> 4648 | L13: =SUM(L5:L12) -> 4847 | M13: =L13/K13-1 -> 0.042814114 | N13: =SUM(N5:N12) -> 5981 | O13: =SUM(O5:O12) -> 5107 | P13: =SUM(P5:P12) -> 5384 | Q13: =P13/O13-1 -> 0.054239279
A14: * Inclui acessos, estradas florestais, pontes, variantes e não definidas

Sheet 4.10
A1: Quadro 4.10 Peões vítimas em Portugal por distrito e R.A.
A3: Distrito e R.A. | B3: VM | F3: FG | J3: FL | N3: Total de peões vítimas
B4: 2019 | C4: 2023 | D4: 2024 | E4: ∆(%) 24/23 | F4: 2019 | G4: 2023 | H4: 2024 | I4: ∆(%) 24/23 | J4: 2019 | K4: 2023 | L4: 2024 | M4: ∆(%) 24/23 | N4: 2019 | O4: 2023 | P4: 2024 | Q4: ∆(%) 24/23
A5: Aveiro | B5: 5 | C5: 6 | D5: 7 | E5: =D5/C5-1 -> 0.16666667 | F5: 27 | G5: 24 | H5: 26 | I5: =H5/G5-1 -> 0.083333333 | J5: 283 | K5: 267 | L5: 232 | M5: =L5/K5-1 -> -0.13108614 | N5: =B5+F5+J5 -> 315 | O5: =C5+G5+K5 -> 297 | P5: =D5+H5+L5 -> 265 | Q5: =P5/O5-1 -> -0.10774411
A6: Beja | B6: 2 | C6: 3 | D6: 5 | E6: =D6/C6-1 -> 0.66666667 | F6: 9 | G6: 5 | H6: 11 | I6: =H6/G6-1 -> 1.2 | J6: 35 | K6: 37 | L6: 33 | M6: =L6/K6-1 -> -0.10810811 | N6: =B6+F6+J6 -> 46 | O6: =C6+G6+K6 -> 45 | P6: =D6+H6+L6 -> 49 | Q6: =P6/O6-1 -> 0.088888889
A7: Braga | B7: 11 | C7: 14 | D7: 12 | E7: =D7/C7-1 -> -0.14285714 | F7: 35 | G7: 27 | H7: 53 | I7: =H7/G7-1 -> 0.96296296 | J7: 417 | K7: 372 | L7: 402 | M7: =L7/K7-1 -> 0.080645161 | N7: =B7+F7+J7 -> 463 | O7: =C7+G7+K7 -> 413 | P7: =D7+H7+L7 -> 467 | Q7: =P7/O7-1 -> 0.13075061
A8: Bragança | B8: 1 | C8: 3 | D8: 2 | E8: =D8/C8-1 -> -0.33333333 | F8: 11 | G8: 9 | H8: 6 | I8: =H8/G8-1 -> -0.33333333 | J8: 51 | K8: 32 | L8: 38 | M8: =L8/K8-1 -> 0.1875 | N8: =B8+F8+J8 -> 63 | O8: =C8+G8+K8 -> 44 | P8: =D8+H8+L8 -> 46 | Q8: =P8/O8-1 -> 0.045454545
A9: C. Branco | B9: 1 | C9: 2 | D9: 2 | E9: =D9/C9-1 -> 0 | F9: 10 | G9: 11 | H9: 10 | I9: =H9/G9-1 -> -0.090909091 | J9: 59 | K9: 41 | L9: 53 | M9: =L9/K9-1 -> 0.29268293 | N9: =B9+F9+J9 -> 70 | O9: =C9+G9+K9 -> 54 | P9: =D9+H9+L9 -> 65 | Q9: =P9/O9-1 -> 0.2037037
A10: Coimbra | B10: 7 | C10: 5 | D10: 3 | E10: =D10/C10-1 -> -0.4 | F10: 16 | G10: 7 | H10: 16 | I10: =H10/G10-1 -> 1.2857143 | J10: 164 | K10: 145 | L10: 166 | M10: =L10/K10-1 -> 0.14482759 | N10: =B10+F10+J10 -> 187 | O10: =C10+G10+K10 -> 157 | P10: =D10+H10+L10 -> 185 | Q10: =P10/O10-1 -> 0.17834395
A11: Évora | B11: 3 | C11: 1 | D11: 3 | E11: =D11/C11-1 -> 2 | F11: 8 | G11: 4 | H11: 3 | I11: =H11/G11-1 -> -0.25 | J11: 38 | K11: 24 | L11: 42 | M11: =L11/K11-1 -> 0.75 | N11: =B11+F11+J11 -> 49 | O11: =C11+G11+K11 -> 29 | P11: =D11+H11+L11 -> 48 | Q11: =P11/O11-1 -> 0.65517241
A12: Faro | B12: 11 | C12: 4 | D12: 6 | E12: =D12/C12-1 -> 0.5 | F12: 27 | G12: 15 | H12: 33 | I12: =H12/G12-1 -> 1.2 | J12: 242 | K12: 202 | L12: 246 | M12: =L12/K12-1 -> 0.21782178 | N12: =B12+F12+J12 -> 280 | O12: =C12+G12+K12 -> 221 | P12: =D12+H12+L12 -> 285 | Q12: =P12/O12-1 -> 0.28959276
A13: Guarda | B13: 1 | C13: 3 | D13: 0 | E13: =D13/C13-1 -> -1 | F13: 6 | G13: 4 | H13: 3 | I13: =H13/G13-1 -> -0.25 | J13: 43 | K13: 24 | L13: 43 | M13: =L13/K13-1 -> 0.79166667 | N13: =B13+F13+J13 -> 50 | O13: =C13+G13+K13 -> 31 | P13: =D13+H13+L13 -> 46 | Q13: =P13/O13-1 -> 0.48387097
A14: Leiria | B14: 11 | C14: 4 | D14: 8 | E14: =D14/C14-1 -> 1 | F14: 18 | G14: 20 | H14: 17 | I14: =H14/G14-1 -> -0.15 | J14: 184 | K14: 160 | L14: 156 | M14: =L14/K14-1 -> -0.025 | N14: =B14+F14+J14 -> 213 | O14: =C14+G14+K14 -> 184 | P14: =D14+H14+L14 -> 181 | Q14: =P14/O14-1 -> -0.016304348
A15: Lisboa | B15: 25 | C15: 13 | D15: 13 | E15: =D15/C15-1 -> 0 | F15: 103 | G15: 68 | H15: 90 | I15: =H15/G15-1 -> 0.32352941 | J15: 1615 | K15: 1327 | L15: 1364 | M15: =L15/K15-1 -> 0.027882442 | N15: =B15+F15+J15 -> 1743 | O15: =C15+G15+K15 -> 1408 | P15: =D15+H15+L15 -> 1467 | Q15: =P15/O15-1 -> 0.041903409
A16: Portalegre | B16: 1 | C16: 2 | D16: 0 | E16: =D16/C16-1 -> -1 | F16: 5 | G16: 4 | H16: 4 | I16: =H16/G16-1 -> 0 | J16: 27 | K16: 32 | L16: 27 | M16: =L16/K16-1 -> -0.15625 | N16: =B16+F16+J16 -> 33 | O16: =C16+G16+K16 -> 38 | P16: =D16+H16+L16 -> 31 | Q16: =P16/O16-1 -> -0.18421053
... A24: R.A. Madeira | B24: 1 | C24: 3 | D24: 2 | E24: =D24/C24-1 -> -0.33333333 | F24: 17 | G24: 14 | H24: 15 | I24: =H24/G24-1 -> 0.071428571 | J24: 134 | K24: 140 | L24: 128 | M24: =L24/K24-1 -> -0.085714286 | N24: =B24+F24+J24 -> 152 | O24: =C24+G24+K24 -> 157 | P24: =D24+H24+L24 -> 145 | Q24: =P24/O24-1 -> -0.076433121
A25: Total | B25: =SUM(B5:B24) -> 140 | C25: =SUM(C5:C24) -> 109 | D25: =SUM(D5:D24) -> 111 | E25: =D25/C25-1 -> 0.018348624 | F25: =SUM(F5:F24) -> 450 | G25: =SUM(G5:G24) -> 350 | H25: =SUM(H5:H24) -> 426 | I25: =H25/G25-1 -> 0.21714286 | J25: =SUM(J5:J24) -> 5391 | K25: =SUM(K5:K24) -> 4648 | L25: =SUM(L5:L24) -> 4847 | M25: =L25/K25-1 -> 0.042814114 | N25: =SUM(N5:N24) -> 5981 | O25: =SUM(O5:O24) -> 5107 | P25: =SUM(P5:P24) -> 5384 | Q25: =P25/O25-1 -> 0.054239279

Sheet 4.11
A1: Quadro 4.11 Peões vítimas em Portugal por ação do peão
A3: Ação | B3: VM | F3: FG | J3: FL | N3: Total de peões vítimas
B4: 2019 | C4: 2023 | D4: 2024 | E4: ∆(%) 24/23 | F4: 2019 | G4: 2023 | H4: 2024 | I4: ∆(%) 24/23 | J4: 2019 | K4: 2023 | L4: 2024 | M4: ∆(%) 24/23 | N4: 2019 | O4: 2023 | P4: 2024 | Q4: ∆(%) 24/23
A5: Em plena faixa de rodagem | B5: 48 | C5: 35 | D5: 31 | E5: =D5/C5-1 -> -0.11428571 | F5: 78 | G5: 46 | H5: 67 | I5: =H5/G5-1 -> 0.45652174 | J5: 585 | K5: 531 | L5: 577 | M5: =L5/K5-1 -> 0.086629002 | N5: =B5+F5+J5 -> 711 | O5: =C5+G5+K5 -> 612 | P5: =D5+H5+L5 -> 675 | Q5: =P5/O5-1 -> 0.10294118
A6: Atravessando em passagem sinalizada | B6: 21 | C6: 20 | D6: 18 | E6: =D6/C6-1 -> -0.1 | F6: 145 | G6: 126 | H6: 153 | I6: =H6/G6-1 -> 0.21428571 | J6: 2481 | K6: 2159 | L6: 2327 | M6: =L6/K6-1 -> 0.077813803 | N6: =B6+F6+J6 -> 2647 | O6: =C6+G6+K6 -> 2305 | P6: =D6+H6+L6 -> 2498 | Q6: =P6/O6-1 -> 0.08373102
A7: Transitando pela berma ou passeio | B7: 22 | C7: 14 | D7: 17 | E7: =D7/C7-1 -> 0.21428571 | F7: 40 | G7: 35 | H7: 50 | I7: =H7/G7-1 -> 0.42857143 | J7: 487 | K7: 443 | L7: 456 | M7: =L7/K7-1 -> 0.029345372 | N7: =B7+F7+J7 -> 549 | O7: =C7+G7+K7 -> 492 | P7: =D7+H7+L7 -> 523 | Q7: =P7/O7-1 -> 0.06300813
A8: Atravessando fora da passagem de peões a mais de 50m de uma passagem ou quando não exista passagem | B8: 19 | C8: 15 | D8: 9 | E8: =D8/C8-1 -> -0.4 | F8: 55 | G8: 32 | H8: 37 | I8: =H8/G8-1 -> 0.15625 | J8: 401 | K8: 300 | L8: 306 | M8: =L8/K8-1 -> 0.02 | N8: =B8+F8+J8 -> 475 | O8: =C8+G8+K8 -> 347 | P8: =D8+H8+L8 -> 352 | Q8: =P8/O8-1 -> 0.014409222
A9: Atravessando fora da passagem de peões, a menos de 50m de uma passagem | B9: 8 | C9: 9 | D9: 14 | E9: =D9/C9-1 -> 0.55555556 | F9: 44 | G9: 40 | H9: 52 | I9: =H9/G9-1 -> 0.3 | J9: 541 | K9: 444 | L9: 471 | M9: =L9/K9-1 -> 0.060810811 | N9: =B9+F9+J9 -> 593 | O9: =C9+G9+K9 -> 493 | P9: =D9+H9+L9 -> 537 | Q9: =P9/O9-1 -> 0.089249493
A10: A sair ou entrar num veículo | B10: 3 | C10: 5 | D10: 6 | E10: =D10/C10-1 -> 0.2 | F10: 17 | G10: 15 | H10: 14 | I10: =H10/G10-1 -> -0.066666667 | J10: 153 | K10: 149 | L10: 156 | M10: =L10/K10-1 -> 0.046979866 | N10: =B10+F10+J10 -> 173 | O10: =C10+G10+K10 -> 169 | P10: =D10+H10+L10 -> 176 | Q10: =P10/O10-1 -> 0.041420118
A11: Surgindo inesperadamente na faixa de rodagem de trás de um obstáculo | B11: 7 | C11: 4 | D11: 5 | E11: =D11/C11-1 -> 0.25 | F11: 30 | G11: 19 | H11: 20 | I11: =H11/G11-1 -> 0.052631579 | J11: 297 | K11: 215 | L11: 206 | M11: =L11/K11-1 -> -0.041860465 | N11: =B11+F11+J11 -> 334 | O11: =C11+G11+K11 -> 238 | P11: =D11+H11+L11 -> 231 | Q11: =P11/O11-1 -> -0.029411765
A12: Transitando pela esquerda da faixa de rodagem | B12: 1 | C12: 3 | D12: 2 | E12: =D12/C12-1 -> -0.33333333 | F12: 8 | G12: 6 | H12: 4 | I12: =H12/G12-1 -> -0.33333333 | J12: 68 | K12: 47 | L12: 58 | M12: =L12/K12-1 -> 0.23404255 | N12: =B12+F12+J12 -> 77 | O12: =C12+G12+K12 -> 56 | P12: =D12+H12+L12 -> 64 | Q12: =P12/O12-1 -> 0.14285714
A13: Transitando pela direita da faixa de rodagem | B13: 6 | C13: 2 | D13: 7 | E13: =D13/C13-1 -> 2.5 | F13: 14 | G13: 10 | H13: 10 | I13: =H13/G13-1 -> 0 | J13: 131 | K13: 125 | L13: 109 | M13: =L13/K13-1 -> -0.128 | N13: =B13+F13+J13 -> 151 | O13: =C13+G13+K13 -> 137 | P13: =D13+H13+L13 -> 126 | Q13: =P13/O13-1 -> -0.080291971
A14: Atravessando em passagem sinalizada com desrespeito da sinalização semafórica | B14: 2 | C14: 2 | D14: 0 | E14: =D14/C14-1 -> -1 | F14: 6 | G14: 5 | H14: 4 | I14: =H14/G14-1 -> -0.2 | J14: 111 | K14: 91 | L14: 69 | M14: =L14/K14-1 -> -0.24175824 | N14: =B14+F14+J14 -> 119 | O14: =C14+G14+K14 -> 98 | P14: =D14+H14+L14 -> 73 | Q14: =P14/O14-1 -> -0.25510204
A15: Em trabalhos na via | B15: 1 | C15: 0 | D15: 1 | E15: - | F15: 9 | G15: 7 | H15: 10 | I15: =H15/G15-1 -> 0.42857143 | J15: 59 | K15: 63 | L15: 48 | M15: =L15/K15-1 -> -0.23809524 | N15: =B15+F15+J15 -> 69 | O15: =C15+G15+K15 -> 70 | P15: =D15+H15+L15 -> 59 | Q15: =P15/O15-1 -> -0.15714286
A16: Em ilhéu ou refúgio na via | B16: 1 | C16: 0 | D16: 1 | E16: - | F16: 4 | G16: 8 | H16: 4 | I16: =H16/G16-1 -> -0.5 | J16: 49 | K16: 51 | L16: 41 | M16: =L16/K16-1 -> -0.19607843 | N16: =B16+F16+J16 -> 54 | O16: =C16+G16+K16 -> 59 | P16: =D16+H16+L16 -> 46 | Q16: =P16/O16-1 -> -0.22033898
A17: n.d. | B17: 1 | C17: 0 | D17: 0 | E17: - | F17: 0 | G17: 1 | H17: 1 | I17: =H17/G17-1 -> 0 | J17: 28 | K17: 30 | L17: 23 | M17: =L17/K17-1 -> -0.23333333 | N17: =B17+F17+J17 -> 29 | O17: =C17+G17+K17 -> 31 | P17: =D17+H17+L17 -> 24 | Q17: =P17/O17-1 -> -0.22580645
A18: Total | B18: =SUM(B5:B17) -> 140 | C18: =SUM(C5:C17) -> 109 | D18: =SUM(D5:D17) -> 111 | E18: =D18/C18-1 -> 0.018348624 | F18: =SUM(F5:F17) -> 450 | G18: =SUM(G5:G17) -> 350 | H18: =SUM(H5:H17) -> 426 | I18: =H18/G18-1 -> 0.21714286 | J18: =SUM(J5:J17) -> 5391 | K18: =SUM(K5:K17) -> 4648 | L18: =SUM(L5:L17) -> 4847 | M18: =L18/K18-1 -> 0.042814114 | N18: =SUM(N5:N17) -> 5981 | O18: =SUM(O5:O17) -> 5107 | P18: =SUM(P5:P17) -> 5384 | Q18: =P18/O18-1 -> 0.054239279
A19: n.d. - não definido

Sheet 4.12
A1: Quadro 4.12 Peões vítimas em Portugal por sexo
A3: Sexo | B3: VM | F3: FG | J3: FL | N3: Total de peões vítimas
B4: 2019 | C4: 2023 | D4: 2024 | E4: ∆(%) 24/23 | F4: 2019 | G4: 2023 | H4: 2024 | I4: ∆(%) 24/23 | J4: 2019 | K4: 2023 | L4: 2024 | M4: ∆(%) 24/23 | N4: 2019 | O4: 2023 | P4: 2024 | Q4: ∆(%) 24/23
A5: Feminino | B5: 57 | C5: 52 | D5: 35 | E5: =D5/C5-1 -> -0.32692308 | F5: 203 | G5: 169 | H5: 212 | I5: =H5/G5-1 -> 0.25443787 | J5: 3063 | K5: 2636 | L5: 2799 | M5: =L5/K5-1 -> 0.061836115 | N5: =B5+F5+J5 -> 3323 | O5: =C5+G5+K5 -> 2857 | P5: =D5+H5+L5 -> 3046 | Q5: =P5/O5-1 -> 0.066153308
A6: Masculino | B6: 83 | C6: 57 | D6: 76 | E6: =D6/C6-1 -> 0.33333333 | F6: 247 | G6: 181 | H6: 214 | I6: =H6/G6-1 -> 0.18232044 | J6: 2328 | K6: 2012 | L6: 2048 | M6: =L6/K6-1 -> 0.017892644 | N6: =B6+F6+J6 -> 2658 | O6: =C6+G6+K6 -> 2250 | P6: =D6+H6+L6 -> 2338 | Q6: =P6/O6-1 -> 0.039111111
A7: Total | B7: =SUM(B5:B6) -> 140 | C7: =SUM(C5:C6) -> 109 | D7: =SUM(D5:D6) -> 111 | E7: =D7/C7-1 -> 0.018348624 | F7: =SUM(F5:F6) -> 450 | G7: =SUM(G5:G6) -> 350 | H7: =SUM(H5:H6) -> 426 | I7: =H7/G7-1 -> 0.21714286 | J7: =SUM(J5:J6) -> 5391 | K7: =SUM(K5:K6) -> 4648 | L7: =SUM(L5:L6) -> 4847 | M7: =L7/K7-1 -> 0.042814114 | N7: =SUM(N5:N6) -> 5981 | O7: =SUM(O5:O6) -> 5107 | P7: =SUM(P5:P6) -> 5384 | Q7: =P7/O7-1 -> 0.054239279

Sheet 4.13
A1: Quadro 4.13 Peões vítimas em Portugal por grupo etário
A3: Grupo etário | B3: VM | F3: FG | J3: FL | N3: Total de peões vítimas
B4: 2019 | C4: 2023 | D4: 2024 | E4: ∆(%) 24/23 | F4: 2019 | G4: 2023 | H4: 2024 | I4: ∆(%) 24/23 | J4: 2019 | K4: 2023 | L4: 2024 | M4: ∆(%) 24/23 | N4: 2019 | O4: 2023 | P4: 2024 | Q4: ∆(%) 24/23
A5: ≤ 14 | B5: 3 | C5: 4 | D5: 3 | E5: =D5/C5-1 -> -0.25 | F5: 37 | G5: 27 | H5: 38 | I5: =H5/G5-1 -> 0.40740741 | J5: 594 | K5: 465 | L5: 484 | M5: =L5/K5-1 -> 0.040860215 | N5: =B5+F5+J5 -> 634 | O5: =C5+G5+K5 -> 496 | P5: =D5+H5+L5 -> 525 | Q5: =P5/O5-1 -> 0.058467742
A6: 15_19 | B6: 2 | C6: 3 | D6: 1 | E6: =D6/C6-1 -> -0.66666667 | F6: 17 | G6: 12 | H6: 18 | I6: =H6/G6-1 -> 0.5 | J6: 414 | K6: 340 | L6: 364 | M6: =L6/K6-1 -> 0.070588235 | N6: =B6+F6+J6 -> 433 | O6: =C6+G6+K6 -> 355 | P6: =D6+H6+L6 -> 383 | Q6: =P6/O6-1 -> 0.078873239
A7: 20_24 | B7: 4 | C7: 2 | D7: 3 | E7: =D7/C7-1 -> 0.5 | F7: 23 | G7: 13 | H7: 26 | I7: =H7/G7-1 -> 1 | J7: 340 | K7: 267 | L7: 299 | M7: =L7/K7-1 -> 0.11985019 | N7: =B7+F7+J7 -> 367 | O7: =C7+G7+K7 -> 282 | P7: =D7+H7+L7 -> 328 | Q7: =P7/O7-1 -> 0.16312057
A8: 25_29 | B8: 3 | C8: 4 | D8: 2 | E8: =D8/C8-1 -> -0.5 | F8: 15 | G8: 17 | H8: 21 | I8: =H8/G8-1 -> 0.23529412 | J8: 232 | K8: 220 | L8: 266 | M8: =L8/K8-1 -> 0.20909091 | N8: =B8+F8+J8 -> 250 | O8: =C8+G8+K8 -> 241 | P8: =D8+H8+L8 -> 289 | Q8: =P8/O8-1 -> 0.19917012
A9: 30_34 | B9: 1 | C9: 2 | D9: 4 | E9: =D9/C9-1 -> 1 | F9: 10 | G9: 15 | H9: 16 | I9: =H9/G9-1 -> 0.066666667 | J9: 214 | K9: 210 | L9: 208 | M9: =L9/K9-1 -> -0.0095238095 | N9: =B9+F9+J9 -> 225 | O9: =C9+G9+K9 -> 227 | P9: =D9+H9+L9 -> 228 | Q9: =P9/O9-1 -> 0.0044052863
A10: 35_39 | B10: 3 | C10: 0 | D10: 1 | E10: - | F10: 11 | G10: 8 | H10: 16 | I10: =H10/G10-1 -> 1 | J10: 220 | K10: 221 | L10: 223 | M10: =L10/K10-1 -> 0.0090497738 | N10: =B10+F10+J10 -> 234 | O10: =C10+G10+K10 -> 229 | P10: =D10+H10+L10 -> 240 | Q10: =P10/O10-1 -> 0.048034934
A11: 40_44 | B11: 1 | C11: 1 | D11: 4 | E11: =D11/C11-1 -> 3 | F11: 30 | G11: 11 | H11: 18 | I11: =H11/G11-1 -> 0.63636364 | J11: 282 | K11: 200 | L11: 235 | M11: =L11/K11-1 -> 0.175 | N11: =B11+F11+J11 -> 313 | O11: =C11+G11+K11 -> 212 | P11: =D11+H11+L11 -> 257 | Q11: =P11/O11-1 -> 0.21226415
A12: 45_49 | B12: 11 | C12: 2 | D12: 5 | E12: =D12/C12-1 -> 1.5 | F12: 22 | G12: 18 | H12: 23 | I12: =H12/G12-1 -> 0.27777778 | J12: 308 | K12: 286 | L12: 264 | M12: =L12/K12-1 -> -0.076923077 | N12: =B12+F12+J12 -> 341 | O12: =C12+G12+K12 -> 306 | P12: =D12+H12+L12 -> 292 | Q12: =P12/O12-1 -> -0.045751634
A13: 50_54 | B13: 5 | C13: 9 | D13: 7 | E13: =D13/C13-1 -> -0.22222222 | F13: 32 | G13: 21 | H13: 21 | I13: =H13/G13-1 -> 0 | J13: 362 | K13: 300 | L13: 294 | M13: =L13/K13-1 -> -0.02 | N13: =B13+F13+J13 -> 399 | O13: =C13+G13+K13 -> 330 | P13: =D13+H13+L13 -> 322 | Q13: =P13/O13-1 -> -0.024242424
A14: 55_59 | B14: 10 | C14: 7 | D14: 9 | E14: =D14/C14-1 -> 0.28571429 | F14: 35 | G14: 31 | H14: 25 | I14: =H14/G14-1 -> -0.19354839 | J14: 412 | K14: 315 | L14: 335 | M14: =L14/K14-1 -> 0.063492063 | N14: =B14+F14+J14 -> 457 | O14: =C14+G14+K14 -> 353 | P14: =D14+H14+L14 -> 369 | Q14: =P14/O14-1 -> 0.045325779
A15: 60_64 | B15: 15 | C15: 11 | D15: 10 | E15: =D15/C15-1 -> -0.090909091 | F15: 34 | G15: 34 | H15: 44 | I15: =H15/G15-1 -> 0.29411765 | J15: 395 | K15: 369 | L15: 377 | M15: =L15/K15-1 -> 0.021680217 | N15: =B15+F15+J15 -> 444 | O15: =C15+G15+K15 -> 414 | P15: =D15+H15+L15 -> 431 | Q15: =P15/O15-1 -> 0.041062802
A16: 65_69 | B16: 20 | C16: 13 | D16: 15 | E16: =D16/C16-1 -> 0.15384615 | F16: 44 | G16: 28 | H16: 31 | I16: =H16/G16-1 -> 0.10714286 | J16: 346 | K16: 344 | L16: 333 | M16: =L16/K16-1 -> -0.031976744 | N16: =B16+F16+J16 -> 410 | O16: =C16+G16+K16 -> 385 | P16: =D16+H16+L16 -> 379 | Q16: =P16/O16-1 -> -0.015584416
A17: 70_74 | B17: 20 | C17: 7 | D17: 15 | E17: =D17/C17-1 -> 1.1428571 | F17: 57 | G17: 31 | H17: 42 | I17: =H17/G17-1 -> 0.35483871 | J17: 406 | K17: 370 | L17: 325 | M17: =L17/K17-1 -> -0.12162162 | N17: =B17+F17+J17 -> 483 | O17: =C17+G17+K17 -> 408 | P17: =D17+H17+L17 -> 382 | Q17: =P17/O17-1 -> -0.06372549
A18: 75_79 | B18: 16 | C18: 17 | D18: 10 | E18: =D18/C18-1 -> -0.41176471 | F18: 36 | G18: 43 | H18: 32 | I18: =H18/G18-1 -> -0.25581395 | J18: 351 | K18: 314 | L18: 344 | M18: =L18/K18-1 -> 0.095541401 | N18: =B18+F18+J18 -> 403 | O18: =C18+G18+K18 -> 374 | P18: =D18+H18+L18 -> 386 | Q18: =P18/O18-1 -> 0.032085561
A19: ≥ 80 | B19: 25 | C19: 27 | D19: 22 | E19: =D19/C19-1 -> -0.18518519 | F19: 47 | G19: 41 | H19: 55 | I19: =H19/G19-1 -> 0.34146341 | J19: 515 | K19: 427 | L19: 496 | M19: =L19/K19-1 -> 0.16159251 | N19: =B19+F19+J19 -> 587 | O19: =C19+G19+K19 -> 495 | P19: =D19+H19+L19 -> 573 | Q19: =P19/O19-1 -> 0.15757576
A20: n.d. | B20: 1 | C20: 0 | D20: 0 | E20: - | F20: 0 | G20: 0 | H20: 0 | I20: - | J20: 0 | K20: 0 | L20: 0 | M20: - | N20: =B20+F20+J20 -> 1 | O20: =C20+G20+K20 -> 0 | P20: =D20+H20+L20 -> 0 | Q20: -
A21: Total | B21: =SUM(B5:B20) -> 140 | C21: =SUM(C5:C20) -> 109 | D21: =SUM(D5:D20) -> 111 | E21: =D21/C21-1 -> 0.018348624 | F21: =SUM(F5:F20) -> 450 | G21: =SUM(G5:G20) -> 350 | H21: =SUM(H5:H20) -> 426 | I21: =H21/G21-1 -> 0.21714286 | J21: =SUM(J5:J20) -> 5391 | K21: =SUM(K5:K20) -> 4648 | L21: =SUM(L5:L20) -> 4847 | M21: =L21/K21-1 -> 0.042814114 | N21: =SUM(N5:N20) -> 5981 | O21: =SUM(O5:O20) -> 5107 | P21: =SUM(P5:P20) -> 5384 | Q21: =P21/O21-1 -> 0.054239279
A22: n.d. - não definido

Sheet 5.1
A1: Quadro 5.1 Passageiros vítimas em Portugal, por NUTS I
A3: NUTS I | B3: VM | F3: FG | J3: FL | N3: Total de passageiros vítimas
B4: 2019 | C4: 2023 | D4: 2024 | E4: ∆(%) 24/23 | F4: 2019 | G4: 2023 | H4: 2024 | I4: ∆(%) 24/23 | J4: 2019 | K4: 2023 | L4: 2024 | M4: ∆(%) 24/23 | N4: 2019 | O4: 2023 | P4: 2024 | Q4: ∆(%) 24/23
A5: Continente | B5: 109 | C5: 99 | D5: 72 | E5: =D5/C5-1 -> -0.27272727 | F5: 368 | G5: 343 | H5: 402 | I5: =H5/G5-1 -> 0.17201166 | J5: 10249 | K5: 8813 | L5: 9037 | M5: =L5/K5-1 -> 0.025416998 | N5: =B5+F5+J5 -> 10726 | O5: =C5+G5+K5 -> 9255 | P5: =D5+H5+L5 -> 9511 | Q5: =P5/O5-1 -> 0.027660724
A6: R.A. Açores | B6: 6 | C6: 4 | D6: 2 | E6: =D6/C6-1 -> -0.5 | F6: 23 | G6: 12 | H6: 17 | I6: =H6/G6-1 -> 0.41666667 | J6: 180 | K6: 167 | L6: 201 | M6: =L6/K6-1 -> 0.20359281 | N6: =B6+F6+J6 -> 209 | O6: =C6+G6+K6 -> 183 | P6: =D6+H6+L6 -> 220 | Q6: =P6/O6-1 -> 0.20218579
A7: R.A. Madeira | B7: 30 | C7: 2 | D7: 2 | E7: =D7/C7-1 -> 0 | F7: 27 | G7: 11 | H7: 6 | I7: =H7/G7-1 -> -0.45454545 | J7: 238 | K7: 221 | L7: 259 | M7: =L7/K7-1 -> 0.1719457 | N7: =B7+F7+J7 -> 295 | O7: =C7+G7+K7 -> 234 | P7: =D7+H7+L7 -> 267 | Q7: =P7/O7-1 -> 0.14102564
A8: Total | B8: =SUM(B5:B7) -> 145 | C8: =SUM(C5:C7) -> 105 | D8: =SUM(D5:D7) -> 76 | E8: =D8/C8-1 -> -0.27619048 | F8: =SUM(F5:F7) -> 418 | G8: =SUM(G5:G7) -> 366 | H8: =SUM(H5:H7) -> 425 | I8: =H8/G8-1 -> 0.16120219 | J8: =SUM(J5:J7) -> 10667 | K8: =SUM(K5:K7) -> 9201 | L8: =SUM(L5:L7) -> 9497 | M8: =L8/K8-1 -> 0.032170416 | N8: =SUM(N5:N7) -> 11230 | O8: =SUM(O5:O7) -> 9672 | P8: =SUM(P5:P7) -> 9998 | Q8: =P8/O8-1 -> 0.033705542

Sheet 5.2
A1: Quadro 5.2 Passageiros vítimas em Portugal, 2019 a 2024
A3: Ano | B3: VM | C3: FG | D3: FL | E3: Total de passageiros vítimas
A4: 2019 | B4: 145 | C4: 418 | D4: 10667 | E4: =B4+C4+D4 -> 11230
A5: 2020 | B5: 78 | C5: 311 | D5: 6636 | E5: =B5+C5+D5 -> 7025
A6: 2021 | B6: 83 | C6: 364 | D6: 7717 | E6: =B6+C6+D6 -> 8164
A7: 2022 | B7: 107 | C7: 414 | D7: 8573 | E7: =B7+C7+D7 -> 9094
A8: 2023 | B8: 105 | C8: 366 | D8: 9201 | E8: 9672
A9: 2024 | B9: 76 | C9: 425 | D9: 9497 | E9: =B9+C9+D9 -> 9998

Sheet 5.3
A1: Quadro 5.3 Passageiros vítimas em Portugal por mês
A3: Mês | B3: VM | F3: FG | J3: FL | N3: Total de passageiros vítimas
B4: 2019 | C4: 2023 | D4: 2024 | E4: ∆(%) 24/23 | F4: 2019 | G4: 2023 | H4: 2024 | I4: ∆(%) 24/23 | J4: 2019 | K4: 2023 | L4: 2024 | M4: ∆(%) 24/23 | N4: 2019 | O4: 2023 | P4: 2024 | Q4: ∆(%) 24/23
A5: Jan | B5: 11 | C5: 8 | D5: 4 | E5: =D5/C5-1 -> -0.5 | F5: 20 | G5: 31 | H5: 21 | I5: =H5/G5-1 -> -0.32258065 | J5: 804 | K5: 675 | L5: 662 | M5: =L5/K5-1 -> -0.019259259 | N5: =B5+F5+J5 -> 835 | O5: =C5+G5+K5 -> 714 | P5: =D5+H5+L5 -> 687 | Q5: =P5/O5-1 -> -0.037815126
A6: Fev | B6: 6 | C6: 9 | D6: 6 | E6: =D6/C6-1 -> -0.33333333 | F6: 20 | G6: 15 | H6: 18 | I6: =H6/G6-1 -> 0.2 | J6: 637 | K6: 575 | L6: 681 | M6: =L6/K6-1 -> 0.18434783 | N6: =B6+F6+J6 -> 663 | O6: =C6+G6+K6 -> 599 | P6: =D6+H6+L6 -> 705 | Q6: =P6/O6-1 -> 0.1769616
A7: Mar | B7: 5 | C7: 6 | D7: 7 | E7: =D7/C7-1 -> 0.16666667 | F7: 33 | G7: 22 | H7: 22 | I7: =H7/G7-1 -> 0 | J7: 866 | K7: 655 | L7: 691 | M7: =L7/K7-1 -> 0.054961832 | N7: =B7+F7+J7 -> 904 | O7: =C7+G7+K7 -> 683 | P7: =D7+H7+L7 -> 720 | Q7: =P7/O7-1 -> 0.054172767
A8: Abr | B8: 35 | C8: 13 | D8: 5 | E8: =D8/C8-1 -> -0.61538462 | F8: 39 | G8: 39 | H8: 44 | I8: =H8/G8-1 -> 0.12820513 | J8: 859 | K8: 766 | L8: 692 | M8: =L8/K8-1 -> -0.096605744 | N8: =B8+F8+J8 -> 933 | O8: =C8+G8+K8 -> 818 | P8: =D8+H8+L8 -> 741 | Q8: =P8/O8-1 -> -0.094132029
A9: Mai | B9: 12 | C9: 2 | D9: 3 | E9: =D9/C9-1 -> 0.5 | F9: 31 | G9: 21 | H9: 30 | I9: =H9/G9-1 -> 0.42857143 | J9: 830 | K9: 716 | L9: 793 | M9: =L9/K9-1 -> 0.1075419 | N9: =B9+F9+J9 -> 873 | O9: =C9+G9+K9 -> 739 | P9: =D9+H9+L9 -> 826 | Q9: =P9/O9-1 -> 0.11772666
A10: Jun | B10: 7 | C10: 5 | D10: 5 | E10: =D10/C10-1 -> 0 | F10: 39 | G10: 29 | H10: 43 | I10: =H10/G10-1 -> 0.48275862 | J10: 877 | K10: 743 | L10: 788 | M10: =L10/K10-1 -> 0.060565276 | N10: =B10+F10+J10 -> 923 | O10: =C10+G10+K10 -> 777 | P10: =D10+H10+L10 -> 836 | Q10: =P10/O10-1 -> 0.075933076
A11: Jul | B11: 10 | C11: 16 | D11: 9 | E11: =D11/C11-1 -> -0.4375 | F11: 43 | G11: 39 | H11: 40 | I11: =H11/G11-1 -> 0.025641026 | J11: 962 | K11: 973 | L11: 892 | M11: =L11/K11-1 -> -0.083247688 | N11: =B11+F11+J11 -> 1015 | O11: =C11+G11+K11 -> 1028 | P11: =D11+H11+L11 -> 941 | Q11: =P11/O11-1 -> -0.08463035
A12: Ago | B12: 16 | C12: 16 | D12: 9 | E12: =D12/C12-1 -> -0.4375 | F12: 70 | G12: 55 | H12: 51 | I12: =H12/G12-1 -> -0.072727273 | J12: 1212 | K12: 1029 | L12: 1000 | M12: =L12/K12-1 -> -0.028182702 | N12: =B12+F12+J12 -> 1298 | O12: =C12+G12+K12 -> 1100 | P12: =D12+H12+L12 -> 1060 | Q12: =P12/O12-1 -> -0.036363636
A13: Set | B13: 18 | C13: 16 | D13: 11 | E13: =D13/C13-1 -> -0.3125 | F13: 41 | G13: 33 | H13: 44 | I13: =H13/G13-1 -> 0.33333333 | J13: 982 | K13: 831 | L13: 879 | M13: =L13/K13-1 -> 0.057761733 | N13: =B13+F13+J13 -> 1041 | O13: =C13+G13+K13 -> 880 | P13: =D13+H13+L13 -> 934 | Q13: =P13/O13-1 -> 0.061363636
A14: Out | B14: 14 | C14: 3 | D14: 4 | E14: =D14/C14-1 -> 0.33333333 | F14: 25 | G14: 25 | H14: 38 | I14: =H14/G14-1 -> 0.52 | J14: 859 | K14: 769 | L14: 868 | M14: =L14/K14-1 -> 0.12873862 | N14: =B14+F14+J14 -> 898 | O14: =C14+G14+K14 -> 797 | P14: =D14+H14+L14 -> 910 | Q14: =P14/O14-1 -> 0.14178168
A15: Nov | B15: 7 | C15: 2 | D15: 7 | E15: =D15/C15-1 -> 2.5 | F15: 25 | G15: 23 | H15: 46 | I15: =H15/G15-1 -> 1 | J15: 898 | K15: 726 | L15: 751 | M15: =L15/K15-1 -> 0.034435262 | N15: =B15+F15+J15 -> 930 | O15: =C15+G15+K15 -> 751 | P15: =D15+H15+L15 -> 804 | Q15: =P15/O15-1 -> 0.07057257
A16: Dez | B16: 4 | C16: 9 | D16: 6 | E16: =D16/C16-1 -> -0.33333333 | F16: 32 | G16: 34 | H16: 28 | I16: =H16/G16-1 -> -0.17647059 | J16: 881 | K16: 743 | L16: 800 | M16: =L16/K16-1 -> 0.076716016 | N16: =B16+F16+J16 -> 917 | O16: =C16+G16+K16 -> 786 | P16: =D16+H16+L16 -> 834 | Q16: =P16/O16-1 -> 0.061068702
A17: Total | B17: =SUM(B5:B16) -> 145 | C17: =SUM(C5:C16) -> 105 | D17: =SUM(D5:D16) -> 76 | E17: =D17/C17-1 -> -0.27619048 | F17: =SUM(F5:F16) -> 418 | G17: =SUM(G5:G16) -> 366 | H17: =SUM(H5:H16) -> 425 | I17: =H17/G17-1 -> 0.16120219 | J17: =SUM(J5:J16) -> 10667 | K17: =SUM(K5:K16) -> 9201 | L17: =SUM(L5:L16) -> 9497 | M17: =L17/K17-1 -> 0.032170416 | N17: =SUM(N5:N16) -> 11230 | O17: =SUM(O5:O16) -> 9672 | P17: =SUM(P5:P16) -> 9998 | Q17: =P17/O17-1 -> 0.033705542

Sheet 5.4
A1: Quadro 5.4 Passageiros vítimas em Portugal por dia da semana
A3: Dia da semana | B3: VM | F3: FG | J3: FL | N3: Total de passageiros vítimas
B4: 2019 | C4: 2023 | D4: 2024 | E4: ∆(%) 24/23 | F4: 2019 | G4: 2023 | H4: 2024 | I4: ∆(%) 24/23 | J4: 2019 | K4: 2023 | L4: 2024 | M4: ∆(%) 24/23 | N4: 2019 | O4: 2023 | P4: 2024 | Q4: ∆(%) 24/23
A5: 2.ª feira | B5: 13 | C5: 14 | D5: 5 | E5: =D5/C5-1 -> -0.64285714 | F5: 34 | G5: 47 | H5: 42 | I5: =H5/G5-1 -> -0.10638298 | J5: 1377 | K5: 1172 | L5: 1242 | M5: =L5/K5-1 -> 0.059726962 | N5: =B5+F5+J5 -> 1424 | O5: =C5+G5+K5 -> 1233 | P5: =D5+H5+L5 -> 1289 | Q5: =P5/O5-1 -> 0.04541768
A6: 3.ª feira | B6: 14 | C6: 9 | D6: 10 | E6: =D6/C6-1 -> 0.11111111 | F6: 53 | G6: 37 | H6: 48 | I6: =H6/G6-1 -> 0.2972973 | J6: 1384 | K6: 1107 | L6: 1212 | M6: =L6/K6-1 -> 0.094850949 | N6: =B6+F6+J6 -> 1451 | O6: =C6+G6+K6 -> 1153 | P6: =D6+H6+L6 -> 1270 | Q6: =P6/O6-1 -> 0.10147441
A7: 4.ª feira | B7: 44 | C7: 7 | D7: 7 | E7: =D7/C7-1 -> 0 | F7: 53 | G7: 39 | H7: 58 | I7: =H7/G7-1 -> 0.48717949 | J7: 1355 | K7: 1121 | L7: 1193 | M7: =L7/K7-1 -> 0.064228368 | N7: =B7+F7+J7 -> 1452 | O7: =C7+G7+K7 -> 1167 | P7: =D7+H7+L7 -> 1258 | Q7: =P7/O7-1 -> 0.077977721
A8: 5.ª feira | B8: 8 | C8: 13 | D8: 14 | E8: =D8/C8-1 -> 0.076923077 | F8: 42 | G8: 38 | H8: 41 | I8: =H8/G8-1 -> 0.078947368 | J8: 1376 | K8: 1216 | L8: 1230 | M8: =L8/K8-1 -> 0.011513158 | N8: =B8+F8+J8 -> 1426 | O8: =C8+G8+K8 -> 1267 | P8: =D8+H8+L8 -> 1285 | Q8: =P8/O8-1 -> 0.014206788
A9: 6.ª feira | B9: 15 | C9: 16 | D9: 14 | E9: =D9/C9-1 -> -0.125 | F9: 56 | G9: 40 | H9: 59 | I9: =H9/G9-1 -> 0.475 | J9: 1490 | K9: 1346 | L9: 1356 | M9: =L9/K9-1 -> 0.0074294205 | N9: =B9+F9+J9 -> 1561 | O9: =C9+G9+K9 -> 1402 | P9: =D9+H9+L9 -> 1429 | Q9: =P9/O9-1 -> 0.019258203
A10: Sábado | B10: 21 | C10: 25 | D10: 10 | E10: =D10/C10-1 -> -0.6 | F10: 79 | G10: 90 | H10: 82 | I10: =H10/G10-1 -> -0.088888889 | J10: 1803 | K10: 1590 | L10: 1549 | M10: =L10/K10-1 -> -0.025786164 | N10: =B10+F10+J10 -> 1903 | O10: =C10+G10+K10 -> 1705 | P10: =D10+H10+L10 -> 1641 | Q10: =P10/O10-1 -> -0.037536657
A11: Domingo | B11: 30 | C11: 21 | D11: 16 | E11: =D11/C11-1 -> -0.23809524 | F11: 101 | G11: 75 | H11: 95 | I11: =H11/G11-1 -> 0.26666667 | J11: 1882 | K11: 1649 | L11: 1715 | M11: =L11/K11-1 -> 0.040024257 | N11: =B11+F11+J11 -> 2013 | O11: =C11+G11+K11 -> 1745 | P11: =D11+H11+L11 -> 1826 | Q11: =P11/O11-1 -> 0.046418338
A12: Total | B12: =SUM(B5:B11) -> 145 | C12: =SUM(C5:C11) -> 105 | D12: =SUM(D5:D11) -> 76 | E12: =D12/C12-1 -> -0.27619048 | F12: =SUM(F5:F11) -> 418 | G12: =SUM(G5:G11) -> 366 | H12: =SUM(H5:H11) -> 425 | I12: =H12/G12-1 -> 0.16120219 | J12: =SUM(J5:J11) -> 10667 | K12: =SUM(K5:K11) -> 9201 | L12: =SUM(L5:L11) -> 9497 | M12: =L12/K12-1 -> 0.032170416 | N12: =SUM(N5:N11) -> 11230 | O12: =SUM(O5:O11) -> 9672 | P12: =SUM(P5:P11) -> 9998 | Q12: =P12/O12-1 -> 0.033705542

Sheet 5.5
A1: Quadro 5.5 Passageiros vítimas em Portugal por período horário
A3: Período horário | B3: VM | F3: FG | J3: FL | N3: Total de passageiros vítimas
B4: 2019 | C4: 2023 | D4: 2024 | E4: ∆(%) 24/23 | F4: 2019 | G4: 2023 | H4: 2024 | I4: ∆(%) 24/23 | J4: 2019 | K4: 2023 | L4: 2024 | M4: ∆(%) 24/23 | N4: 2019 | O4: 2023 | P4: 2024 | Q4: ∆(%) 24/23
A5: [00:00-03:00[ | B5: 9 | C5: 8 | D5: 8 | E5: =D5/C5-1 -> 0 | F5: 40 | G5: 34 | H5: 36 | I5: =H5/G5-1 -> 0.058823529 | J5: 512 | K5: 477 | L5: 461 | M5: =L5/K5-1 -> -0.033542977 | N5: =B5+F5+J5 -> 561 | O5: =C5+G5+K5 -> 519 | P5: =D5+H5+L5 -> 505 | Q5: =P5/O5-1 -> -0.026974952
A6: [03:00-06:00[ | B6: 8 | C6: 13 | D6: 6 | E6: =D6/C6-1 -> -0.53846154 | F6: 27 | G6: 27 | H6: 27 | I6: =H6/G6-1 -> 0 | J6: 295 | K6: 275 | L6: 237 | M6: =L6/K6-1 -> -0.13818182 | N6: =B6+F6+J6 -> 330 | O6: =C6+G6+K6 -> 315 | P6: =D6+H6+L6 -> 270 | Q6: =P6/O6-1 -> -0.14285714
A7: [06:00-09:00[ | B7: 10 | C7: 12 | D7: 11 | E7: =D7/C7-1 -> -0.083333333 | F7: 35 | G7: 33 | H7: 57 | I7: =H7/G7-1 -> 0.72727273 | J7: 1042 | K7: 842 | L7: 947 | M7: =L7/K7-1 -> 0.12470309 | N7: =B7+F7+J7 -> 1087 | O7: =C7+G7+K7 -> 887 | P7: =D7+H7+L7 -> 1015 | Q7: =P7/O7-1 -> 0.14430665
A8: [09:00-12:00[ | B8: 15 | C8: 8 | D8: 6 | E8: =D8/C8-1 -> -0.25 | F8: 35 | G8: 36 | H8: 39 | I8: =H8/G8-1 -> 0.083333333 | J8: 1424 | K8: 1264 | L8: 1357 | M8: =L8/K8-1 -> 0.073575949 | N8: =B8+F8+J8 -> 1474 | O8: =C8+G8+K8 -> 1308 | P8: =D8+H8+L8 -> 1402 | Q8: =P8/O8-1 -> 0.071865443
A9: [12:00-15:00[ | B9: 14 | C9: 19 | D9: 9 | E9: =D9/C9-1 -> -0.52631579 | F9: 54 | G9: 49 | H9: 68 | I9: =H9/G9-1 -> 0.3877551 | J9: 1809 | K9: 1588 | L9: 1660 | M9: =L9/K9-1 -> 0.04534005 | N9: =B9+F9+J9 -> 1877 | O9: =C9+G9+K9 -> 1656 | P9: =D9+H9+L9 -> 1737 | Q9: =P9/O9-1 -> 0.048913043
A10: [15:00-18:00[ | B10: 31 | C10: 19 | D10: 16 | E10: =D10/C10-1 -> -0.15789474 | F10: 87 | G10: 85 | H10: 81 | I10: =H10/G10-1 -> -0.047058824 | J10: 2509 | K10: 2250 | L10: 2137 | M10: =L10/K10-1 -> -0.050222222 | N10: =B10+F10+J10 -> 2627 | O10: =C10+G10+K10 -> 2354 | P10: =D10+H10+L10 -> 2234 | Q10: =P10/O10-1 -> -0.05097706
A11: [18:00-21:00[ | B11: 45 | C11: 18 | D11: 14 | E11: =D11/C11-1 -> -0.22222222 | F11: 78 | G11: 64 | H11: 80 | I11: =H11/G11-1 -> 0.25 | J11: 2091 | K11: 1737 | L11: 1841 | M11: =L11/K11-1 -> 0.059873345 | N11: =B11+F11+J11 -> 2214 | O11: =C11+G11+K11 -> 1819 | P11: =D11+H11+L11 -> 1935 | Q11: =P11/O11-1 -> 0.063771303
A12: [21:00-00:00[ | B12: 13 | C12: 8 | D12: 6 | E12: =D12/C12-1 -> -0.25 | F12: 62 | G12: 38 | H12: 37 | I12: =H12/G12-1 -> -0.026315789 | J12: 985 | K12: 768 | L12: 857 | M12: =L12/K12-1 -> 0.11588542 | N12: =B12+F12+J12 -> 1060 | O12: =C12+G12+K12 -> 814 | P12: =D12+H12+L12 -> 900 | Q12: =P12/O12-1 -> 0.10565111
A13: Total | B13: =SUM(B5:B12) -> 145 | C13: =SUM(C5:C12) -> 105 | D13: =SUM(D5:D12) -> 76 | E13: =D13/C13-1 -> -0.27619048 | F13: =SUM(F5:F12) -> 418 | G13: =SUM(G5:G12) -> 366 | H13: =SUM(H5:H12) -> 425 | I13: =H13/G13-1 -> 0.16120219 | J13: =SUM(J5:J12) -> 10667 | K13: =SUM(K5:K12) -> 9201 | L13: =SUM(L5:L12) -> 9497 | M13: =L13/K13-1 -> 0.032170416 | N13: =SUM(N5:N12) -> 11230 | O13: =SUM(O5:O12) -> 9672 | P13: =SUM(P5:P12) -> 9998 | Q13: =P13/O13-1 -> 0.033705542

Sheet 5.6
A1: Quadro 5.6 Passageiros vítimas em Portugal por fatores atmosféricos
A3: Fatores atmosféricos | B3: VM | F3: FG | J3: FL | N3: Total de passageiros vítimas
B4: 2019 | C4: 2023 | D4: 2024 | E4: ∆(%) 24/23 | F4: 2019 | G4: 2023 | H4: 2024 | I4: ∆(%) 24/23 | J4: 2019 | K4: 2023 | L4: 2024 | M4: ∆(%) 24/23 | N4: 2019 | O4: 2023 | P4: 2024 | Q4: ∆(%) 24/23
A5: Bom tempo | B5: 124 | C5: 95 | D5: 64 | E5: =D5/C5-1 -> -0.32631579 | F5: 344 | G5: 307 | H5: 356 | I5: =H5/G5-1 -> 0.15960912 | J5: 8376 | K5: 7515 | L5: 7670 | M5: =L5/K5-1 -> 0.020625416 | N5: =B5+F5+J5 -> 8844 | O5: =C5+G5+K5 -> 7917 | P5: =D5+H5+L5 -> 8090 | Q5: =P5/O5-1 -> 0.021851712
A6: Chuva | B6: 17 | C6: 8 | D6: 11 | E6: =D6/C6-1 -> 0.375 | F6: 64 | G6: 51 | H6: 65 | I6: =H6/G6-1 -> 0.2745098 | J6: 2149 | K6: 1568 | L6: 1731 | M6: =L6/K6-1 -> 0.10395408 | N6: =B6+F6+J6 -> 2230 | O6: =C6+G6+K6 -> 1627 | P6: =D6+H6+L6 -> 1807 | Q6: =P6/O6-1 -> 0.11063307
A7: Nevoeiro | B7: 1 | C7: 1 | D7: 1 | E7: =D7/C7-1 -> 0 | F7: 8 | G7: 6 | H7: 4 | I7: =H7/G7-1 -> -0.33333333 | J7: 88 | K7: 95 | L7: 67 | M7: =L7/K7-1 -> -0.29473684 | N7: =B7+F7+J7 -> 97 | O7: =C7+G7+K7 -> 102 | P7: =D7+H7+L7 -> 72 | Q7: =P7/O7-1 -> -0.29411765
A8: Granizo | B8: 1 | C8: 0 | D8: 0 | E8: - | F8: 0 | G8: 0 | H8: 0 | I8: - | J8: 27 | K8: 2 | L8: 10 | M8: =L8/K8-1 -> 4 | N8: =B8+F8+J8 -> 28 | O8: =C8+G8+K8 -> 2 | P8: =D8+H8+L8 -> 10 | Q8: =P8/O8-1 -> 4
A9: Fumo | B9: 2 | C9: 0 | D9: 0 | E9: - | F9: 2 | G9: 0 | H9: 0 | I9: - | J9: 2 | K9: 0 | L9: 0 | M9: - | N9: =B9+F9+J9 -> 6 | O9: =C9+G9+K9 -> 0 | P9: =D9+H9+L9 -> 0 | Q9: -
A10: Vento | B10: 0 | C10: 1 | D10: 0 | E10: =D10/C10-1 -> -1 | F10: 0 | G10: 0 | H10: 0 | I10: - | J10: 6 | K10: 10 | L10: 9 | M10: =L10/K10-1 -> -0.1 | N10: =B10+F10+J10 -> 6 | O10: =C10+G10+K10 -> 11 | P10: =D10+H10+L10 -> 9 | Q10: =P10/O10-1 -> -0.18181818
A11: Neve | B11: 0 | C11: 0 | D11: 0 | E11: - | F11: 0 | G11: 2 | H11: 0 | I11: =H11/G11-1 -> -1 | J11: 6 | K11: 4 | L11: 8 | M11: =L11/K11-1 -> 1 | N11: =B11+F11+J11 -> 6 | O11: =C11+G11+K11 -> 6 | P11: =D11+H11+L11 -> 8 | Q11: =P11/O11-1 -> 0.33333333
A12: n.d. | B12: 0 | C12: 0 | D12: 0 | E12: - | F12: 0 | G12: 0 | H12: 0 | I12: - | J12: 13 | K12: 7 | L12: 2 | M12: =L12/K12-1 -> -0.71428571 | N12: =B12+F12+J12 -> 13 | O12: =C12+G12+K12 -> 7 | P12: =D12+H12+L12 -> 2 | Q12: =P12/O12-1 -> -0.71428571
A13: Total | B13: =SUM(B5:B12) -> 145 | C13: =SUM(C5:C12) -> 105 | D13: =SUM(D5:D12) -> 76 | E13: =D13/C13-1 -> -0.27619048 | F13: =SUM(F5:F12) -> 418 | G13: =SUM(G5:G12) -> 366 | H13: =SUM(H5:H12) -> 425 | I13: =H13/G13-1 -> 0.16120219 | J13: =SUM(J5:J12) -> 10667 | K13: =SUM(K5:K12) -> 9201 | L13: =SUM(L5:L12) -> 9497 | M13: =L13/K13-1 -> 0.032170416 | N13: =SUM(N5:N12) -> 11230 | O13: =SUM(O5:O12) -> 9672 | P13: =SUM(P5:P12) -> 9998 | Q13: =P13/O13-1 -> 0.033705542
A14: n.d. - não definido

Sheet 5.7
A1: Quadro 5.7 Passageiros vítimas em Portugal por luminosidade
A3: Luminosidade | B3: VM | F3: FG | J3: FL | N3: Total de passageiros vítimas
B4: 2019 | C4: 2023 | D4: 2024 | E4: ∆(%) 24/23 | F4: 2019 | G4: 2023 | H4: 2024 | I4: ∆(%) 24/23 | J4: 2019 | K4: 2023 | L4: 2024 | M4: ∆(%) 24/23 | N4: 2019 | O4: 2023 | P4: 2024 | Q4: ∆(%) 24/23
A5: Dia | B5: 101 | C5: 62 | D5: 43 | E5: =D5/C5-1 -> -0.30645161 | F5: 242 | G5: 230 | H5: 270 | I5: =H5/G5-1 -> 0.17391304 | J5: 7258 | K5: 6502 | L5: 6748 | M5: =L5/K5-1 -> 0.037834512 | N5: =B5+F5+J5 -> 7601 | O5: =C5+G5+K5 -> 6794 | P5: =D5+H5+L5 -> 7061 | Q5: =P5/O5-1 -> 0.039299382
A6: Noite | B6: 42 | C6: 39 | D6: 29 | E6: =D6/C6-1 -> -0.25641026 | F6: 161 | G6: 126 | H6: 143 | I6: =H6/G6-1 -> 0.13492063 | J6: 2923 | K6: 2372 | L6: 2504 | M6: =L6/K6-1 -> 0.055649241 | N6: =B6+F6+J6 -> 3126 | O6: =C6+G6+K6 -> 2537 | P6: =D6+H6+L6 -> 2676 | Q6: =P6/O6-1 -> 0.054789121
A7: Aurora/Crepúsculo | B7: 2 | C7: 4 | D7: 4 | E7: =D7/C7-1 -> 0 | F7: 14 | G7: 10 | H7: 12 | I7: =H7/G7-1 -> 0.2 | J7: 479 | K7: 327 | L7: 245 | M7: =L7/K7-1 -> -0.25076453 | N7: =B7+F7+J7 -> 495 | O7: =C7+G7+K7 -> 341 | P7: =D7+H7+L7 -> 261 | Q7: =P7/O7-1 -> -0.23460411
A8: n.d. | B8: 0 | C8: 0 | D8: 0 | E8: - | F8: 1 | G8: 0 | H8: 0 | I8: - | J8: 7 | K8: 0 | L8: 0 | M8: - | N8: =B8+F8+J8 -> 8 | O8: =C8+G8+K8 -> 0 | P8: =D8+H8+L8 -> 0 | Q8: -
A9: Total | B9: =SUM(B5:B8) -> 145 | C9: =SUM(C5:C8) -> 105 | D9: =SUM(D5:D8) -> 76 | E9: =D9/C9-1 -> -0.27619048 | F9: =SUM(F5:F8) -> 418 | G9: =SUM(G5:G8) -> 366 | H9: =SUM(H5:H8) -> 425 | I9: =H9/G9-1 -> 0.16120219 | J9: =SUM(J5:J8) -> 10667 | K9: =SUM(K5:K8) -> 9201 | L9: =SUM(L5:L8) -> 9497 | M9: =L9/K9-1 -> 0.032170416 | N9: =SUM(N5:N8) -> 11230 | O9: =SUM(O5:O8) -> 9672 | P9: =SUM(P5:P8) -> 9998 | Q9: =P9/O9-1 -> 0.033705542
A10: n.d. - não definido

Sheet 5.8
A1: Quadro 5.8 Passageiros vítimas em Portugal por natureza do acidente
A3: Natureza | B3: VM | F3: FG | J3: FL | N3: Total de passageiros vítimas
B4: 2019 | C4: 2023 | D4: 2024 | E4: ∆(%) 24/23 | F4: 2019 | G4: 2023 | H4: 2024 | I4: ∆(%) 24/23 | J4: 2019 | K4: 2023 | L4: 2024 | M4: ∆(%) 24/23 | N4: 2019 | O4: 2023 | P4: 2024 | Q4: ∆(%) 24/23
A5: Atropelamento | B5: 0 | C5: 0 | D5: 0 | E5: - | F5: 0 | G5: 1 | H5: 1 | I5: =H5/G5-1 -> 0 | J5: 53 | K5: 31 | L5: 59 | M5: =L5/K5-1 -> 0.90322581 | N5: =B5+F5+J5 -> 53 | O5: =C5+G5+K5 -> 32 | P5: =D5+H5+L5 -> 60 | Q5: =P5/O5-1 -> 0.875
A6: Colisão | B6: 58 | C6: 49 | D6: 41 | E6: =D6/C6-1 -> -0.16326531 | F6: 175 | G6: 206 | H6: 221 | I6: =H6/G6-1 -> 0.072815534 | J6: 7432 | K6: 6275 | L6: 6607 | M6: =L6/K6-1 -> 0.052908367 | N6: =B6+F6+J6 -> 7665 | O6: =C6+G6+K6 -> 6530 | P6: =D6+H6+L6 -> 6869 | Q6: =P6/O6-1 -> 0.051914242
A7: Despiste | B7: 87 | C7: 56 | D7: 35 | E7: =D7/C7-1 -> -0.375 | F7: 243 | G7: 159 | H7: 203 | I7: =H7/G7-1 -> 0.27672956 | J7: 3182 | K7: 2895 | L7: 2831 | M7: =L7/K7-1 -> -0.022107081 | N7: =B7+F7+J7 -> 3512 | O7: =C7+G7+K7 -> 3110 | P7: =D7+H7+L7 -> 3069 | Q7: =P7/O7-1 -> -0.01318328
A8: Total | B8: =SUM(B5:B7) -> 145 | C8: =SUM(C5:C7) -> 105 | D8: =SUM(D5:D7) -> 76 | E8: =D8/C8-1 -> -0.27619048 | F8: =SUM(F5:F7) -> 418 | G8: =SUM(G5:G7) -> 366 | H8: =SUM(H5:H7) -> 425 | I8: =H8/G8-1 -> 0.16120219 | J8: =SUM(J5:J7) -> 10667 | K8: =SUM(K5:K7) -> 9201 | L8: =SUM(L5:L7) -> 9497 | M8: =L8/K8-1 -> 0.032170416 | N8: =SUM(N5:N7) -> 11230 | O8: =SUM(O5:O7) -> 9672 | P8: =SUM(P5:P7) -> 9998 | Q8: =P8/O8-1 -> 0.033705542

Sheet 5.9
A1: Quadro 5.9 Passageiros vítimas em Portugal por localização
A3: Localização | B3: VM | F3: FG | J3: FL | N3: Total de passageiros vítimas
B4: 2019 | C4: 2023 | D4: 2024 | E4: ∆(%) 24/23 | F4: 2019 | G4: 2023 | H4: 2024 | I4: ∆(%) 24/23 | J4: 2019 | K4: 2023 | L4: 2024 | M4: ∆(%) 24/23 | N4: 2019 | O4: 2023 | P4: 2024 | Q4: ∆(%) 24/23
A5: Dentro das localidades | B5: 77 | C5: 42 | D5: 37 | E5: =D5/C5-1 -> -0.11904762 | F5: 184 | G5: 184 | H5: 215 | I5: =H5/G5-1 -> 0.16847826 | J5: 7326 | K5: 6188 | L5: 6470 | M5: =L5/K5-1 -> 0.045572075 | N5: =B5+F5+J5 -> 7587 | O5: =C5+G5+K5 -> 6414 | P5: =D5+H5+L5 -> 6722 | Q5: =P5/O5-1 -> 0.048019956
A6: Fora das localidades | B6: 68 | C6: 63 | D6: 39 | E6: =D6/C6-1 -> -0.38095238 | F6: 234 | G6: 182 | H6: 210 | I6: =H6/G6-1 -> 0.15384615 | J6: 3341 | K6: 3013 | L6: 3027 | M6: =L6/K6-1 -> 0.0046465317 | N6: =B6+F6+J6 -> 3643 | O6: =C6+G6+K6 -> 3258 | P6: =D6+H6+L6 -> 3276 | Q6: =P6/O6-1 -> 0.0055248619
A7: Total | B7: =SUM(B5:B6) -> 145 | C7: =SUM(C5:C6) -> 105 | D7: =SUM(D5:D6) -> 76 | E7: =D7/C7-1 -> -0.27619048 | F7: =SUM(F5:F6) -> 418 | G7: =SUM(G5:G6) -> 366 | H7: =SUM(H5:H6) -> 425 | I7: =H7/G7-1 -> 0.16120219 | J7: =SUM(J5:J6) -> 10667 | K7: =SUM(K5:K6) -> 9201 | L7: =SUM(L5:L6) -> 9497 | M7: =L7/K7-1 -> 0.032170416 | N7: =SUM(N5:N6) -> 11230 | O7: =SUM(O5:O6) -> 9672 | P7: =SUM(P5:P6) -> 9998 | Q7: =P7/O7-1 -> 0.033705542

Sheet 5.10
A1: Quadro 5.10 Passageiros vítimas em Portugal por tipo de via
A3: Tipo de via | B3: VM | F3: FG | J3: FL | N3: Total de passageiros vítimas
B4: 2019 | C4: 2023 | D4: 2024 | E4: ∆(%) 24/23 | F4: 2019 | G4: 2023 | H4: 2024 | I4: ∆(%) 24/23 | J4: 2019 | K4: 2023 | L4: 2024 | M4: ∆(%) 24/23 | N4: 2019 | O4: 2023 | P4: 2024 | Q4: ∆(%) 24/23
A5: AE | B5: 23 | C5: 14 | D5: 6 | E5: =D5/C5-1 -> -0.57142857 | F5: 67 | G5: 47 | H5: 40 | I5: =H5/G5-1 -> -0.14893617 | J5: 1140 | K5: 1032 | L5: 1084 | M5: =L5/K5-1 -> 0.050387597 | N5: =B5+F5+J5 -> 1230 | O5: =C5+G5+K5 -> 1093 | P5: =D5+H5+L5 -> 1130 | Q5: =P5/O5-1 -> 0.033851784
A6: Arruamento | B6: 61 | C6: 22 | D6: 22 | E6: =D6/C6-1 -> 0 | F6: 136 | G6: 106 | H6: 125 | I6: =H6/G6-1 -> 0.17924528 | J6: 5624 | K6: 4415 | L6: 4665 | M6: =L6/K6-1 -> 0.056625142 | N6: =B6+F6+J6 -> 5821 | O6: =C6+G6+K6 -> 4543 | P6: =D6+H6+L6 -> 4812 | Q6: =P6/O6-1 -> 0.059211974
A7: EM | B7: 8 | C7: 5 | D7: 1 | E7: =D7/C7-1 -> -0.8 | F7: 36 | G7: 21 | H7: 28 | I7: =H7/G7-1 -> 0.33333333 | J7: 448 | K7: 381 | L7: 313 | M7: =L7/K7-1 -> -0.17847769 | N7: =B7+F7+J7 -> 492 | O7: =C7+G7+K7 -> 407 | P7: =D7+H7+L7 -> 342 | Q7: =P7/O7-1 -> -0.15970516
A8: EN | B8: 35 | C8: 33 | D8: 25 | E8: =D8/C8-1 -> -0.24242424 | F8: 111 | G8: 131 | H8: 149 | I8: =H8/G8-1 -> 0.13740458 | J8: 2374 | K8: 2275 | L8: 2315 | M8: =L8/K8-1 -> 0.017582418 | N8: =B8+F8+J8 -> 2520 | O8: =C8+G8+K8 -> 2439 | P8: =D8+H8+L8 -> 2489 | Q8: =P8/O8-1 -> 0.020500205
A9: ER | B9: 3 | C9: 7 | D9: 4 | E9: =D9/C9-1 -> -0.42857143 | F9: 6 | G9: 10 | H9: 13 | I9: =H9/G9-1 -> 0.3 | J9: 140 | K9: 167 | L9: 191 | M9: =L9/K9-1 -> 0.14371257 | N9: =B9+F9+J9 -> 149 | O9: =C9+G9+K9 -> 184 | P9: =D9+H9+L9 -> 208 | Q9: =P9/O9-1 -> 0.13043478
A10: IC | B10: 6 | C10: 9 | D10: 4 | E10: =D10/C10-1 -> -0.55555556 | F10: 24 | G10: 13 | H10: 16 | I10: =H10/G10-1 -> 0.23076923 | J10: 389 | K10: 340 | L10: 330 | M10: =L10/K10-1 -> -0.029411765 | N10: =B10+F10+J10 -> 419 | O10: =C10+G10+K10 -> 362 | P10: =D10+H10+L10 -> 350 | Q10: =P10/O10-1 -> -0.033149171
A11: IP | B11: 5 | C11: 5 | D11: 5 | E11: =D11/C11-1 -> 0 | F11: 12 | G11: 8 | H11: 8 | I11: =H11/G11-1 -> 0 | J11: 123 | K11: 87 | L11: 98 | M11: =L11/K11-1 -> 0.12643678 | N11: =B11+F11+J11 -> 140 | O11: =C11+G11+K11 -> 100 | P11: =D11+H11+L11 -> 111 | Q11: =P11/O11-1 -> 0.11
A12: Outras vias* | B12: 4 | C12: 10 | D12: 9 | E12: =D12/C12-1 -> -0.1 | F12: 26 | G12: 30 | H12: 46 | I12: =H12/G12-1 -> 0.53333333 | J12: 429 | K12: 504 | L12: 501 | M12: =L12/K12-1 -> -0.005952381 | N12: =B12+F12+J12 -> 459 | O12: =C12+G12+K12 -> 544 | P12: =D12+H12+L12 -> 556 | Q12: =P12/O12-1 -> 0.022058824
A13: Total | B13: =SUM(B5:B12) -> 145 | C13: =SUM(C5:C12) -> 105 | D13: =SUM(D5:D12) -> 76 | E13: =D13/C13-1 -> -0.27619048 | F13: =SUM(F5:F12) -> 418 | G13: =SUM(G5:G12) -> 366 | H13: =SUM(H5:H12) -> 425 | I13: =H13/G13-1 -> 0.16120219 | J13: =SUM(J5:J12) -> 10667 | K13: =SUM(K5:K12) -> 9201 | L13: =SUM(L5:L12) -> 9497 | M13: =L13/K13-1 -> 0.032170416 | N13: =SUM(N5:N12) -> 11230 | O13: =SUM(O5:O12) -> 9672 | P13: =SUM(P5:P12) -> 9998 | Q13: =P13/O13-1 -> 0.033705542
A14: *Inclui acessos, estradas florestais, pontes, variantes e não definidas

Sheet 5.11
A1: Quadro 5.11 Passageiros vítimas em Portugal por distrito e R.A.
A3: Distrito e R.A. | B3: VM | F3: FG | J3: FL | N3: Total de passageiros vítimas
B4: 2019 | C4: 2023 | D4: 2024 | E4: ∆(%) 24/23 | F4: 2019 | G4: 2023 | H4: 2024 | I4: ∆(%) 24/23 | J4: 2019 | K4: 2023 | L4: 2024 | M4: ∆(%) 24/23 | N4: 2019 | O4: 2023 | P4: 2024 | Q4: ∆(%) 24/23
A5: Aveiro | B5: 3 | C5: 9 | D5: 7 | E5: =D5/C5-1 -> -0.22222222 | F5: 28 | G5: 30 | H5: 27 | I5: =H5/G5-1 -> -0.1 | J5: 723 | K5: 652 | L5: 689 | M5: =L5/K5-1 -> 0.056748466 | N5: =B5+F5+J5 -> 754 | O5: =C5+G5+K5 -> 691 | P5: =D5+H5+L5 -> 723 | Q5: =P5/O5-1 -> 0.046309696
A6: Beja | B6: 13 | C6: 7 | D6: 7 | E6: =D6/C6-1 -> 0 | F6: 20 | G6: 13 | H6: 24 | I6: =H6/G6-1 -> 0.84615385 | J6: 186 | K6: 180 | L6: 168 | M6: =L6/K6-1 -> -0.066666667 | N6: =B6+F6+J6 -> 219 | O6: =C6+G6+K6 -> 200 | P6: =D6+H6+L6 -> 199 | Q6: =P6/O6-1 -> -0.005
A7: Braga | B7: 5 | C7: 6 | D7: 0 | E7: =D7/C7-1 -> -1 | F7: 23 | G7: 25 | H7: 35 | I7: =H7/G7-1 -> 0.4 | J7: 980 | K7: 824 | L7: 850 | M7: =L7/K7-1 -> 0.031553398 | N7: =B7+F7+J7 -> 1008 | O7: =C7+G7+K7 -> 855 | P7: =D7+H7+L7 -> 885 | Q7: =P7/O7-1 -> 0.035087719
A8: Bragança | B8: 0 | C8: 0 | D8: 2 | E8: - | F8: 13 | G8: 5 | H8: 16 | I8: =H8/G8-1 -> 2.2 | J8: 129 | K8: 138 | L8: 121 | M8: =L8/K8-1 -> -0.12318841 | N8: =B8+F8+J8 -> 142 | O8: =C8+G8+K8 -> 143 | P8: =D8+H8+L8 -> 139 | Q8: =P8/O8-1 -> -0.027972028
A9: C. Branco | B9: 6 | C9: 4 | D9: 1 | E9: =D9/C9-1 -> -0.75 | F9: 12 | G9: 11 | H9: 9 | I9: =H9/G9-1 -> -0.18181818 | J9: 178 | K9: 196 | L9: 143 | M9: =L9/K9-1 -> -0.27040816 | N9: =B9+F9+J9 -> 196 | O9: =C9+G9+K9 -> 211 | P9: =D9+H9+L9 -> 153 | Q9: =P9/O9-1 -> -0.27488152
A10: Coimbra | B10: 8 | C10: 4 | D10: 4 | E10: =D10/C10-1 -> 0 | F10: 10 | G10: 15 | H10: 13 | I10: =H10/G10-1 -> -0.13333333 | J10: 435 | K10: 375 | L10: 405 | M10: =L10/K10-1 -> 0.08 | N10: =B10+F10+J10 -> 453 | O10: =C10+G10+K10 -> 394 | P10: =D10+H10+L10 -> 422 | Q10: =P10/O10-1 -> 0.07106599
A11: Évora | B11: 5 | C11: 4 | D11: 4 | E11: =D11/C11-1 -> 0 | F11: 18 | G11: 18 | H11: 20 | I11: =H11/G11-1 -> 0.11111111 | J11: 166 | K11: 138 | L11: 136 | M11: =L11/K11-1 -> -0.014492754 | N11: =B11+F11+J11 -> 189 | O11: =C11+G11+K11 -> 160 | P11: =D11+H11+L11 -> 160 | Q11: =P11/O11-1 -> 0
A12: Faro | B12: 4 | C12: 6 | D12: 1 | E12: =D12/C12-1 -> -0.83333333 | F12: 35 | G12: 18 | H12: 26 | I12: =H12/G12-1 -> 0.44444444 | J12: 543 | K12: 490 | L12: 476 | M12: =L12/K12-1 -> -0.028571429 | N12: =B12+F12+J12 -> 582 | O12: =C12+G12+K12 -> 514 | P12: =D12+H12+L12 -> 503 | Q12: =P12/O12-1 -> -0.021400778
A13: Guarda | B13: 3 | C13: 5 | D13: 3 | E13: =D13/C13-1 -> -0.4 | F13: 18 | G13: 17 | H13: 13 | I13: =H13/G13-1 -> -0.23529412 | J13: 143 | K13: 125 | L13: 135 | M13: =L13/K13-1 -> 0.08 | N13: =B13+F13+J13 -> 164 | O13: =C13+G13+K13 -> 147 | P13: =D13+H13+L13 -> 151 | Q13: =P13/O13-1 -> 0.027210884
A14: Leiria | B14: 8 | C14: 4 | D14: 6 | E14: =D14/C14-1 -> 0.5 | F14: 22 | G14: 24 | H14: 30 | I14: =H14/G14-1 -> 0.25 | J14: 472 | K14: 466 | L14: 438 | M14: =L14/K14-1 -> -0.060085837 | N14: =B14+F14+J14 -> 502 | O14: =C14+G14+K14 -> 494 | P14: =D14+H14+L14 -> 474 | Q14: =P14/O14-1 -> -0.04048583
A15: Lisboa | B15: 11 | C15: 10 | D15: 9 | E15: =D15/C15-1 -> -0.1 | F15: 34 | G15: 35 | H15: 38 | I15: =H15/G15-1 -> 0.085714286 | J15: 2090 | K15: 1646 | L15: 1771 | M15: =L15/K15-1 -> 0.075941677 | N15: =B15+F15+J15 -> 2135 | O15: =C15+G15+K15 -> 1691 | P15: =D15+H15+L15 -> 1818 | Q15: =P15/O15-1 -> 0.075103489
A16: Portalegre | B16: 1 | C16: 4 | D16: 0 | E16: =D16/C16-1 -> -1 | F16: 13 | G16: 4 | H16: 15 | I16: =H16/G16-1 -> 2.75 | J16: 104 | K16: 101 | L16: 90 | M16: =L16/K16-1 -> -0.10891089 | N16: =B16+F16+J16 -> 118 | O16: =C16+G16+K16 -> 109 | P16: =D16+H16+L16 -> 105 | Q16: =P16/O16-1 -> -0.036697248
A17: Porto | B17: 18 | C17: 10 | D17: 8 | E17: =D17/C17-1 -> -0.2 | F17: 27 | G17: 33 | H17: 31 | I17: =H17/G17-1 -> -0.060606061 | J17: 1854 | K17: 1444 | L17: 1530 | M17: =L17/K17-1 -> 0.059556787 | N17: =B17+F17+J17 -> 1899 | O17: =C17+G17+K17 -> 1487 | P17: =D17+H17+L17 -> 1569 | Q17: =P17/O17-1 -> 0.055144586
A18: Santarém | B18: 9 | C18: 9 | D18: 6 | E18: =D18/C18-1 -> -0.33333333 | F18: 41 | G18: 41 | H18: 38 | I18: =H18/G18-1 -> -0.073170732 | J18: 508 | K18: 432 | L18: 450 | M18: =L18/K18-1 -> 0.041666667 | N18: =B18+F18+J18 -> 558 | O18: =C18+G18+K18 -> 482 | P18: =D18+H18+L18 -> 494 | Q18: =P18/O18-1 -> 0.024896266
A19: Setúbal | B19: 3 | C19: 6 | D19: 5 | E19: =D19/C19-1 -> -0.16666667 | F19: 21 | G19: 26 | H19: 33 | I19: =H19/G19-1 -> 0.26923077 | J19: 820 | K19: 808 | L19: 756 | M19: =L19/K19-1 -> -0.064356436 | N19: =B19+F19+J19 -> 844 | O19: =C19+G19+K19 -> 840 | P19: =D19+H19+L19 -> 794 | Q19: =P19/O19-1 -> -0.054761905
A20: V. Castelo | B20: 2 | C20: 3 | D20: 4 | E20: =D20/C20-1 -> 0.33333333 | F20: 10 | G20: 6 | H20: 8 | I20: =H20/G20-1 -> 0.33333333 | J20: 250 | K20: 252 | L20: 272 | M20: =L20/K20-1 -> 0.079365079 | N20: =B20+F20+J20 -> 262 | O20: =C20+G20+K20 -> 261 | P20: =D20+H20+L20 -> 284 | Q20: =P20/O20-1 -> 0.088122605
... A24: R.A. Madeira | B24: 30 | C24: 2 | D24: 2 | E24: =D24/C24-1 -> 0 | F24: 27 | G24: 11 | H24: 6 | I24: =H24/G24-1 -> -0.45454545 | J24: 238 | K24: 221 | L24: 259 | M24: =L24/K24-1 -> 0.1719457 | N24: =B24+F24+J24 -> 295 | O24: =C24+G24+K24 -> 234 | P24: =D24+H24+L24 -> 267 | Q24: =P24/O24-1 -> 0.14102564
A25: Total | B25: =SUM(B5:B24) -> 145 | C25: 105 | D25: 76 | E25: =D25/C25-1 -> -0.27619048 | F25: =SUM(F5:F24) -> 418 | G25: =SUM(G5:G24) -> 366 | H25: =SUM(H5:H24) -> 425 | I25: =H25/G25-1 -> 0.16120219 | J25: =SUM(J5:J24) -> 10667 | K25: =SUM(K5:K24) -> 9201 | L25: =SUM(L5:L24) -> 9497 | M25: =L25/K25-1 -> 0.032170416 | N25: =SUM(N5:N24) -> 11230 | O25: =SUM(O5:O24) -> 9672 | P25: =SUM(P5:P24) -> 9998 | Q25: =P25/O25-1 -> 0.033705542

Sheet 5.12
A1: Quadro 5.12 Passageiros vítimas em Portugal por grupo etário
A3: Grupo etário | B3: VM | F3: FG | J3: FL | N3: Total de passageiros vítimas
B4: 2019 | C4: 2023 | D4: 2024 | E4: ∆(%) 24/23 | F4: 2019 | G4: 2023 | H4: 2024 | I4: ∆(%) 24/23 | J4: 2019 | K4: 2023 | L4: 2024 | M4: ∆(%) 24/23 | N4: 2019 | O4: 2023 | P4: 2024 | Q4: ∆(%) 24/23
A5: ≤ 14 | B5: 10 | C5: 5 | D5: 5 | E5: =D5/C5-1 -> 0 | F5: 45 | G5: 31 | H5: 40 | I5: =H5/G5-1 -> 0.29032258 | J5: 1697 | K5: 1554 | L5: 1476 | M5: =L5/K5-1 -> -0.05019305 | N5: =B5+F5+J5 -> 1752 | O5: =C5+G5+K5 -> 1590 | P5: =D5+H5+L5 -> 1521 | Q5: =P5/O5-1 -> -0.043396226
A6: 15_19 | B6: 9 | C6: 12 | D6: 9 | E6: =D6/C6-1 -> -0.25 | F6: 50 | G6: 40 | H6: 46 | I6: =H6/G6-1 -> 0.15 | J6: 1163 | K6: 983 | L6: 991 | M6: =L6/K6-1 -> 0.008138352 | N6: =B6+F6+J6 -> 1222 | O6: =C6+G6+K6 -> 1035 | P6: =D6+H6+L6 -> 1046 | Q6: =P6/O6-1 -> 0.010628019
A7: 20_24 | B7: 14 | C7: 12 | D7: 13 | E7: =D7/C7-1 -> 0.083333333 | F7: 58 | G7: 57 | H7: 69 | I7: =H7/G7-1 -> 0.21052632 | J7: 1240 | K7: 1084 | L7: 1142 | M7: =L7/K7-1 -> 0.053505535 | N7: =B7+F7+J7 -> 1312 | O7: =C7+G7+K7 -> 1153 | P7: =D7+H7+L7 -> 1224 | Q7: =P7/O7-1 -> 0.061578491
A8: 25_29 | B8: 8 | C8: 6 | D8: 6 | E8: =D8/C8-1 -> 0 | F8: 34 | G8: 34 | H8: 42 | I8: =H8/G8-1 -> 0.23529412 | J8: 851 | K8: 777 | L8: 874 | M8: =L8/K8-1 -> 0.12483912 | N8: =B8+F8+J8 -> 893 | O8: =C8+G8+K8 -> 817 | P8: =D8+H8+L8 -> 922 | Q8: =P8/O8-1 -> 0.12851897
A9: 30_34 | B9: 7 | C9: 7 | D9: 4 | E9: =D9/C9-1 -> -0.42857143 | F9: 27 | G9: 31 | H9: 30 | I9: =H9/G9-1 -> -0.032258065 | J9: 613 | K9: 623 | L9: 614 | M9: =L9/K9-1 -> -0.014446228 | N9: =B9+F9+J9 -> 647 | O9: =C9+G9+K9 -> 661 | P9: =D9+H9+L9 -> 648 | Q9: =P9/O9-1 -> -0.019667171
A10: 35_39 | B10: 3 | C10: 1 | D10: 2 | E10: =D10/C10-1 -> 1 | F10: 25 | G10: 18 | H10: 28 | I10: =H10/G10-1 -> 0.55555556 | J10: 507 | K10: 469 | L10: 469 | M10: =L10/K10-1 -> 0 | N10: =B10+F10+J10 -> 535 | O10: =C10+G10+K10 -> 488 | P10: =D10+H10+L10 -> 499 | Q10: =P10/O10-1 -> 0.022540984
A11: 40_44 | B11: 4 | C11: 7 | D11: 4 | E11: =D11/C11-1 -> -0.42857143 | F11: 29 | G11: 20 | H11: 18 | I11: =H11/G11-1 -> -0.1 | J11: 593 | K11: 439 | L11: 491 | M11: =L11/K11-1 -> 0.11845103 | N11: =B11+F11+J11 -> 626 | O11: =C11+G11+K11 -> 466 | P11: =D11+H11+L11 -> 513 | Q11: =P11/O11-1 -> 0.10085837
A12: 45_49 | B12: 6 | C12: 4 | D12: 2 | E12: =D12/C12-1 -> -0.5 | F12: 17 | G12: 25 | H12: 21 | I12: =H12/G12-1 -> -0.16 | J12: 559 | K12: 445 | L12: 482 | M12: =L12/K12-1 -> 0.083146067 | N12: =B12+F12+J12 -> 582 | O12: =C12+G12+K12 -> 474 | P12: =D12+H12+L12 -> 505 | Q12: =P12/O12-1 -> 0.065400844
A13: 50_54 | B13: 6 | C13: 12 | D13: 7 | E13: =D13/C13-1 -> -0.41666667 | F13: 22 | G13: 19 | H13: 35 | I13: =H13/G13-1 -> 0.84210526 | J13: 552 | K13: 499 | L13: 487 | M13: =L13/K13-1 -> -0.024048096 | N13: =B13+F13+J13 -> 580 | O13: =C13+G13+K13 -> 530 | P13: =D13+H13+L13 -> 529 | Q13: =P13/O13-1 -> -0.0018867925
A14: 55_59 | B14: 5 | C14: 5 | D14: 1 | E14: =D14/C14-1 -> -0.8 | F14: 17 | G14: 17 | H14: 13 | I14: =H14/G14-1 -> -0.23529412 | J14: 616 | K14: 461 | L14: 487 | M14: =L14/K14-1 -> 0.056399132 | N14: =B14+F14+J14 -> 638 | O14: =C14+G14+K14 -> 483 | P14: =D14+H14+L14 -> 501 | Q14: =P14/O14-1 -> 0.037267081
A15: 60_64 | B15: 11 | C15: 5 | D15: 4 | E15: =D15/C15-1 -> -0.2 | F15: 16 | G15: 11 | H15: 17 | I15: =H15/G15-1 -> 0.54545455 | J15: 547 | K15: 390 | L15: 474 | M15: =L15/K15-1 -> 0.21538462 | N15: =B15+F15+J15 -> 574 | O15: =C15+G15+K15 -> 406 | P15: =D15+H15+L15 -> 495 | Q15: =P15/O15-1 -> 0.21921182
A16: 65_69 | B16: 12 | C16: 5 | D16: 2 | E16: =D16/C16-1 -> -0.6 | F16: 30 | G16: 16 | H16: 20 | I16: =H16/G16-1 -> 0.25 | J16: 490 | K16: 407 | L16: 435 | M16: =L16/K16-1 -> 0.068796069 | N16: =B16+F16+J16 -> 532 | O16: =C16+G16+K16 -> 428 | P16: =D16+H16+L16 -> 457 | Q16: =P16/O16-1 -> 0.067757009
... A19: ≥ 80 | B19: 25 | C19: 12 | D19: 12 | E19: =D19/C19-1 -> 0 | F19: 23 | G19: 15 | H19: 10 | I19: =H19/G19-1 -> -0.33333333 | J19: 448 | K19: 372 | L19: 396 | M19: =L19/K19-1 -> 0.064516129 | N19: =B19+F19+J19 -> 496 | O19: =C19+G19+K19 -> 399 | P19: =D19+H19+L19 -> 418 | Q19: =P19/O19-1 -> 0.047619048
A20: n.d. | B20: 0 | C20: 0 | D20: 0 | E20: - | F20: 0 | G20: 0 | H20: 0 | I20: - | J20: 1 | K20: 0 | L20: 1 | M20: - | N20: =B20+F20+J20 -> 1 | O20: =C20+G20+K20 -> 0 | P20: =D20+H20+L20 -> 1 | Q20: -
A21: Total | B21: =SUM(B5:B20) -> 145 | C21: =SUM(C5:C20) -> 105 | D21: =SUM(D5:D20) -> 76 | E21: =D21/C21-1 -> -0.27619048 | F21: =SUM(F5:F20) -> 418 | G21: =SUM(G5:G20) -> 366 | H21: =SUM(H5:H20) -> 425 | I21: =H21/G21-1 -> 0.16120219 | J21: =SUM(J5:J20) -> 10667 | K21: =SUM(K5:K20) -> 9201 | L21: =SUM(L5:L20) -> 9497 | M21: =L21/K21-1 -> 0.032170416 | N21: =SUM(N5:N20) -> 11230 | O21: =SUM(O5:O20) -> 9672 | P21: =SUM(P5:P20) -> 9998 | Q21: =P21/O21-1 -> 0.033705542
A22: n.d. - não definido

Sheet 5.13
A1: Quadro 5.13 Passageiros vítimas em Portugal por acesssório de segurança
A3: Acessório de segurança | B3: VM | F3: FG | J3: FL | N3: Total de passageiros vítimas
B4: 2019 | C4: 2023 | D4: 2024 | E4: ∆(%) 24/23 | F4: 2019 | G4: 2023 | H4: 2024 | I4: ∆(%) 24/23 | J4: 2019 | K4: 2023 | L4: 2024 | M4: ∆(%) 24/23 | N4: 2019 | O4: 2023 | P4: 2024 | Q4: ∆(%) 24/23
A5: C/ capacete/ cinto segurança | B5: 87 | C5: 74 | D5: 55 | E5: =D5/C5-1 -> -0.25675676 | F5: 323 | G5: 296 | H5: 351 | I5: =H5/G5-1 -> 0.18581081 | J5: 8872 | K5: 7616 | L5: 7897 | M5: =L5/K5-1 -> 0.036896008 | N5: =B5+F5+J5 -> 9282 | O5: =C5+G5+K5 -> 7986 | P5: =D5+H5+L5 -> 8303 | Q5: =P5/O5-1 -> 0.039694465
A6: C/ sistema retenção de crianças | B6: 3 | C6: 2 | D6: 3 | E6: =D6/C6-1 -> 0.5 | F6: 23 | G6: 13 | H6: 21 | I6: =H6/G6-1 -> 0.61538462 | J6: 1009 | K6: 943 | L6: 947 | M6: =L6/K6-1 -> 0.0042417815 | N6: =B6+F6+J6 -> 1035 | O6: =C6+G6+K6 -> 958 | P6: =D6+H6+L6 -> 971 | Q6: =P6/O6-1 -> 0.013569937
A7: S/ sistema retenção de crianças | B7: 3 | C7: 2 | D7: 0 | E7: =D7/C7-1 -> -1 | F7: 4 | G7: 5 | H7: 3 | I7: =H7/G7-1 -> -0.4 | J7: 70 | K7: 93 | L7: 68 | M7: =L7/K7-1 -> -0.2688172 | N7: =B7+F7+J7 -> 77 | O7: =C7+G7+K7 -> 100 | P7: =D7+H7+L7 -> 71 | Q7: =P7/O7-1 -> -0.29
A8: S/ uso capacete/cinto segurança | B8: 22 | C8: 27 | D8: 18 | E8: =D8/C8-1 -> -0.33333333 | F8: 53 | G8: 52 | H8: 50 | I8: =H8/G8-1 -> -0.038461538 | J8: 636 | K8: 523 | L8: 564 | M8: =L8/K8-1 -> 0.078393881 | N8: =B8+F8+J8 -> 711 | O8: =C8+G8+K8 -> 602 | P8: =D8+H8+L8 -> 632 | Q8: =P8/O8-1 -> 0.049833887
A9: n.d. | B9: 30 | C9: 0 | D9: 0 | E9: - | F9: 15 | G9: 0 | H9: 0 | I9: - | J9: 80 | K9: 26 | L9: 21 | M9: =L9/K9-1 -> -0.19230769 | N9: =B9+F9+J9 -> 125 | O9: =C9+G9+K9 -> 26 | P9: =D9+H9+L9 -> 21 | Q9: =P9/O9-1 -> -0.19230769
A10: Total | B10: =SUM(B5:B9) -> 145 | C10: =SUM(C5:C9) -> 105 | D10: =SUM(D5:D9) -> 76 | E10: =D10/C10-1 -> -0.27619048 | F10: =SUM(F5:F9) -> 418 | G10: =SUM(G5:G9) -> 366 | H10: =SUM(H5:H9) -> 425 | I10: =H10/G10-1 -> 0.16120219 | J10: =SUM(J5:J9) -> 10667 | K10: =SUM(K5:K9) -> 9201 | L10: =SUM(L5:L9) -> 9497 | M10: =L10/K10-1 -> 0.032170416 | N10: =SUM(N5:N9) -> 11230 | O10: =SUM(O5:O9) -> 9672 | P10: =SUM(P5:P9) -> 9998 | Q10: =P10/O10-1 -> 0.033705542
A11: n.d. - não definido

Sheet 5.14
A1: Quadro 5.14 Passageiros vítimas em Portugal por sexo
A3: Sexo | B3: VM | F3: FG | J3: FL | N3: Total de passageiros vítimas
B4: 2019 | C4: 2023 | D4: 2024 | E4: ∆(%) 24/23 | F4: 2019 | G4: 2023 | H4: 2024 | I4: ∆(%) 24/23 | J4: 2019 | K4: 2023 | L4: 2024 | M4: ∆(%) 24/23 | N4: 2019 | O4: 2023 | P4: 2024 | Q4: ∆(%) 24/23
A5: Feminino | B5: 88 | C5: 47 | D5: 38 | E5: =D5/C5-1 -> -0.19148936 | F5: 219 | G5: 197 | H5: 232 | I5: =H5/G5-1 -> 0.17766497 | J5: 6934 | K5: 5967 | L5: 6117 | M5: =L5/K5-1 -> 0.02513826 | N5: =B5+F5+J5 -> 7241 | O5: =C5+G5+K5 -> 6211 | P5: =D5+H5+L5 -> 6387 | Q5: =P5/O5-1 -> 0.028336822
A6: Masculino | B6: 57 | C6: 58 | D6: 38 | E6: =D6/C6-1 -> -0.34482759 | F6: 199 | G6: 169 | H6: 193 | I6: =H6/G6-1 -> 0.14201183 | J6: 3732 | K6: 3234 | L6: 3380 | M6: =L6/K6-1 -> 0.045145331 | N6: =B6+F6+J6 -> 3988 | O6: =C6+G6+K6 -> 3461 | P6: =D6+H6+L6 -> 3611 | Q6: =P6/O6-1 -> 0.043340075
A7: n.d. | B7: 0 | C7: 0 | D7: 0 | E7: - | F7: 0 | G7: 0 | H7: 0 | I7: - | J7: 1 | K7: 0 | L7: 0 | M7: - | N7: =B7+F7+J7 -> 1 | O7: =C7+G7+K7 -> 0 | P7: =D7+H7+L7 -> 0 | Q7: -
A8: Total | B8: =SUM(B5:B7) -> 145 | C8: =SUM(C5:C7) -> 105 | D8: =SUM(D5:D7) -> 76 | E8: =D8/C8-1 -> -0.27619048 | F8: =SUM(F5:F7) -> 418 | G8: =SUM(G5:G7) -> 366 | H8: =SUM(H5:H7) -> 425 | I8: =H8/G8-1 -> 0.16120219 | J8: =SUM(J5:J7) -> 10667 | K8: =SUM(K5:K7) -> 9201 | L8: =SUM(L5:L7) -> 9497 | M8: =L8/K8-1 -> 0.032170416 | N8: =SUM(N5:N7) -> 11230 | O8: =SUM(O5:O7) -> 9672 | P8: =SUM(P5:P7) -> 9998 | Q8: =P8/O8-1 -> 0.033705542
A9: n.d. - não definido

Sheet 6.1
A1: Quadro 6.1 Condutores vítimas em Portugal por região NUTS I
A3: NUTS I | B3: VM | F3: FG | J3: FL | N3: Total de condutores vítimas
B4: 2019 | C4: 2023 | D4: 2024 | E4: ∆(%) 24/23 | F4: 2019 | G4: 2023 | H4: 2024 | I4: ∆(%) 24/23 | J4: 2019 | K4: 2023 | L4: 2024 | M4: ∆(%) 24/23 | N4: 2019 | O4: 2023 | P4: 2024 | Q4: ∆(%) 24/23
A5: Continente | B5: 383 | C5: 412 | D5: 416 | E5: =D5/C5-1 -> 0.0097087379 | F5: 1391 | G5: 1644 | H5: 1656 | I5: =H5/G5-1 -> 0.0072992701 | J5: 27754 | K5: 27778 | L5: 28987 | M5: =L5/K5-1 -> 0.043523652 | N5: =B5+F5+J5 -> 29528 | O5: =C5+G5+K5 -> 29834 | P5: =D5+H5+L5 -> 31059 | Q5: =P5/O5-1 -> 0.041060535
A6: R.A. Açores | B6: 10 | C6: 10 | D6: 8 | E6: =D6/C6-1 -> -0.2 | F6: 59 | G6: 68 | H6: 67 | I6: =H6/G6-1 -> -0.014705882 | J6: 429 | K6: 483 | L6: 504 | M6: =L6/K6-1 -> 0.043478261 | N6: =B6+F6+J6 -> 498 | O6: =C6+G6+K6 -> 561 | P6: =D6+H6+L6 -> 579 | Q6: =P6/O6-1 -> 0.032085561
A7: R.A. Madeira | B7: 10 | C7: 6 | D7: 7 | E7: =D7/C7-1 -> 0.16666667 | F7: 65 | G7: 72 | H7: 52 | I7: =H7/G7-1 -> -0.27777778 | J7: 693 | K7: 763 | L7: 772 | M7: =L7/K7-1 -> 0.011795544 | N7: =B7+F7+J7 -> 768 | O7: =C7+G7+K7 -> 841 | P7: =D7+H7+L7 -> 831 | Q7: =P7/O7-1 -> -0.011890606
A8: Total | B8: =SUM(B5:B7) -> 403 | C8: =SUM(C5:C7) -> 428 | D8: =SUM(D5:D7) -> 431 | E8: =D8/C8-1 -> 0.0070093458 | F8: =SUM(F5:F7) -> 1515 | G8: =SUM(G5:G7) -> 1784 | H8: =SUM(H5:H7) -> 1775 | I8: =H8/G8-1 -> -0.005044843 | J8: =SUM(J5:J7) -> 28876 | K8: =SUM(K5:K7) -> 29024 | L8: =SUM(L5:L7) -> 30263 | M8: =L8/K8-1 -> 0.042688809 | N8: =SUM(N5:N7) -> 30794 | O8: =SUM(O5:O7) -> 31236 | P8: =SUM(P5:P7) -> 32469 | Q8: =P8/O8-1 -> 0.039473684

Sheet 6.2
A1: Quadro 6.2 Evolução dos condutores vítimas em Portugal, 2019 a 2024
A3: Ano | B3: VM | C3: FG | D3: FL | E3: Total de condutores vítimas
A4: 2019 | B4: 403 | C4: 1515 | D4: 28876 | E4: =B4+C4+D4 -> 30794
A5: 2020 | B5: 357 | C5: 1275 | D5: 21938 | E5: =B5+C5+D5 -> 23570
A6: 2021 | B6: 378 | C6: 1491 | D6: 24419 | E6: =B6+C6+D6 -> 26288
A7: 2022 | B7: 404 | C7: 1538 | D7: 27049 | E7: =B7+C7+D7 -> 28991
A8: 2023 | B8: 428 | C8: 1784 | D8: 29024 | E8: 31236
A9: 2024 | B9: 431 | C9: 1775 | D9: 30263 | E9: 32469

Sheet 6.3
A1: Quadro 6.3 Condutores vítimas em Portugal por mês
A3: Mês | B3: VM | F3: FG | J3: FL | N3: Total de condutores vítimas
B4: 2019 | C4: 2023 | D4: 2024 | E4: ∆(%) 24/23 | F4: 2019 | G4: 2023 | H4: 2024 | I4: ∆(%) 24/23 | J4: 2019 | K4: 2023 | L4: 2024 | M4: ∆(%) 24/23 | N4: 2019 | O4: 2023 | P4: 2024 | Q4: ∆(%) 24/23
A5: Jan | B5: 38 | C5: 33 | D5: 35 | E5: =D5/C5-1 -> 0.060606061 | F5: 90 | G5: 107 | H5: 127 | I5: =H5/G5-1 -> 0.18691589 | J5: 2198 | K5: 2109 | L5: 2086 | M5: =L5/K5-1 -> -0.010905642 | N5: =B5+F5+J5 -> 2326 | O5: =C5+G5+K5 -> 2249 | P5: =D5+H5+L5 -> 2248 | Q5: =P5/O5-1 -> -0.00044464206
A6: Fev | B6: 33 | C6: 29 | D6: 31 | E6: =D6/C6-1 -> 0.068965517 | F6: 86 | G6: 121 | H6: 125 | I6: =H6/G6-1 -> 0.033057851 | J6: 1910 | K6: 1881 | L6: 2120 | M6: =L6/K6-1 -> 0.12706007 | N6: =B6+F6+J6 -> 2029 | O6: =C6+G6+K6 -> 2031 | P6: =D6+H6+L6 -> 2276 | Q6: =P6/O6-1 -> 0.12063023
A7: Mar | B7: 28 | C7: 23 | D7: 24 | E7: =D7/C7-1 -> 0.043478261 | F7: 117 | G7: 127 | H7: 108 | I7: =H7/G7-1 -> -0.1496063 | J7: 2262 | K7: 2213 | L7: 2183 | M7: =L7/K7-1 -> -0.013556258 | N7: =B7+F7+J7 -> 2407 | O7: =C7+G7+K7 -> 2363 | P7: =D7+H7+L7 -> 2315 | Q7: =P7/O7-1 -> -0.020313161
A8: Abr | B8: 28 | C8: 48 | D8: 30 | E8: =D8/C8-1 -> -0.375 | F8: 114 | G8: 162 | H8: 150 | I8: =H8/G8-1 -> -0.074074074 | J8: 2218 | K8: 2406 | L8: 2423 | M8: =L8/K8-1 -> 0.0070656692 | N8: =B8+F8+J8 -> 2360 | O8: =C8+G8+K8 -> 2616 | P8: =D8+H8+L8 -> 2603 | Q8: =P8/O8-1 -> -0.004969419
A9: Mai | B9: 36 | C9: 32 | D9: 41 | E9: =D9/C9-1 -> 0.28125 | F9: 145 | G9: 150 | H9: 158 | I9: =H9/G9-1 -> 0.053333333 | J9: 2554 | K9: 2545 | L9: 2716 | M9: =L9/K9-1 -> 0.06719057 | N9: =B9+F9+J9 -> 2735 | O9: =C9+G9+K9 -> 2727 | P9: =D9+H9+L9 -> 2915 | Q9: =P9/O9-1 -> 0.068940227
A10: Jun | B10: 31 | C10: 45 | D10: 37 | E10: =D10/C10-1 -> -0.17777778 | F10: 134 | G10: 191 | H10: 152 | I10: =H10/G10-1 -> -0.20418848 | J10: 2363 | K10: 2591 | L10: 2639 | M10: =L10/K10-1 -> 0.018525666 | N10: =B10+F10+J10 -> 2528 | O10: =C10+G10+K10 -> 2827 | P10: =D10+H10+L10 -> 2828 | Q10: =P10/O10-1 -> 0.00035373187
A11: Jul | B11: 32 | C11: 42 | D11: 49 | E11: =D11/C11-1 -> 0.16666667 | F11: 152 | G11: 211 | H11: 204 | I11: =H11/G11-1 -> -0.033175355 | J11: 2799 | K11: 2905 | L11: 2917 | M11: =L11/K11-1 -> 0.004130809 | N11: =B11+F11+J11 -> 2983 | O11: =C11+G11+K11 -> 3158 | P11: =D11+H11+L11 -> 3170 | Q11: =P11/O11-1 -> 0.0037998733
A12: Ago | B12: 46 | C12: 43 | D12: 51 | E12: =D12/C12-1 -> 0.18604651 | F12: 186 | G12: 202 | H12: 182 | I12: =H12/G12-1 -> -0.099009901 | J12: 2723 | K12: 2888 | L12: 2723 | M12: =L12/K12-1 -> -0.057132964 | N12: =B12+F12+J12 -> 2955 | O12: =C12+G12+K12 -> 3133 | P12: =D12+H12+L12 -> 2956 | Q12: =P12/O12-1 -> -0.056495372
A13: Set | B13: 39 | C13: 35 | D13: 42 | E13: =D13/C13-1 -> 0.2 | F13: 134 | G13: 152 | H13: 155 | I13: =H13/G13-1 -> 0.019736842 | J13: 2502 | K13: 2572 | L13: 2721 | M13: =L13/K13-1 -> 0.057931571 | N13: =B13+F13+J13 -> 2675 | O13: =C13+G13+K13 -> 2759 | P13: =D13+H13+L13 -> 2918 | Q13: =P13/O13-1 -> 0.057629576
A14: Out | B14: 26 | C14: 38 | D14: 28 | E14: =D14/C14-1 -> -0.26315789 | F14: 129 | G14: 126 | H14: 133 | I14: =H14/G14-1 -> 0.055555556 | J14: 2724 | K14: 2459 | L14: 2705 | M14: =L14/K14-1 -> 0.10004067 | N14: =B14+F14+J14 -> 2879 | O14: =C14+G14+K14 -> 2623 | P14: =D14+H14+L14 -> 2866 | Q14: =P14/O14-1 -> 0.092642013
A15: Nov | B15: 34 | C15: 27 | D15: 28 | E15: =D15/C15-1 -> 0.037037037 | F15: 113 | G15: 109 | H15: 131 | I15: =H15/G15-1 -> 0.20183486 | J15: 2335 | K15: 2284 | L15: 2454 | M15: =L15/K15-1 -> 0.074430823 | N15: =B15+F15+J15 -> 2482 | O15: =C15+G15+K15 -> 2420 | P15: =D15+H15+L15 -> 2613 | Q15: =P15/O15-1 -> 0.079752066
A16: Dez | B16: 32 | C16: 33 | D16: 35 | E16: =D16/C16-1 -> 0.060606061 | F16: 115 | G16: 126 | H16: 150 | I16: =H16/G16-1 -> 0.19047619 | J16: 2288 | K16: 2171 | L16: 2576 | M16: =L16/K16-1 -> 0.18654998 | N16: =B16+F16+J16 -> 2435 | O16: =C16+G16+K16 -> 2330 | P16: =D16+H16+L16 -> 2761 | Q16: =P16/O16-1 -> 0.18497854
A17: Total | B17: =SUM(B5:B16) -> 403 | C17: =SUM(C5:C16) -> 428 | D17: =SUM(D5:D16) -> 431 | E17: =D17/C17-1 -> 0.0070093458 | F17: =SUM(F5:F16) -> 1515 | G17: =SUM(G5:G16) -> 1784 | H17: =SUM(H5:H16) -> 1775 | I17: =H17/G17-1 -> -0.005044843 | J17: =SUM(J5:J16) -> 28876 | K17: =SUM(K5:K16) -> 29024 | L17: =SUM(L5:L16) -> 30263 | M17: =L17/K17-1 -> 0.042688809 | N17: =SUM(N5:N16) -> 30794 | O17: =SUM(O5:O16) -> 31236 | P17: =SUM(P5:P16) -> 32469 | Q17: =P17/O17-1 -> 0.039473684

Sheet 6.4
A1: Quadro 6.4 Condutores vítimas em Portugal por dia da semana
A3: Dia da semana | B3: VM | F3: FG | J3: FL | N3: Total de condutores vítimas
B4: 2019 | C4: 2023 | D4: 2024 | E4: ∆(%) 24/23 | F4: 2019 | G4: 2023 | H4: 2024 | I4: ∆(%) 24/23 | J4: 2019 | K4: 2023 | L4: 2024 | M4: ∆(%) 24/23 | N4: 2019 | O4: 2023 | P4: 2024 | Q4: ∆(%) 24/23
A5: 2.ª feira | B5: 51 | C5: 51 | D5: 40 | E5: =D5/C5-1 -> -0.21568627 | F5: 160 | G5: 229 | H5: 243 | I5: =H5/G5-1 -> 0.061135371 | J5: 4140 | K5: 4244 | L5: 4356 | M5: =L5/K5-1 -> 0.026390198 | N5: =B5+F5+J5 -> 4351 | O5: =C5+G5+K5 -> 4524 | P5: =D5+H5+L5 -> 4639 | Q5: =P5/O5-1 -> 0.025419982
A6: 3.ª feira | B6: 46 | C6: 42 | D6: 55 | E6: =D6/C6-1 -> 0.30952381 | F6: 201 | G6: 217 | H6: 227 | I6: =H6/G6-1 -> 0.046082949 | J6: 4225 | K6: 4121 | L6: 4531 | M6: =L6/K6-1 -> 0.099490415 | N6: =B6+F6+J6 -> 4472 | O6: =C6+G6+K6 -> 4380 | P6: =D6+H6+L6 -> 4813 | Q6: =P6/O6-1 -> 0.098858447
A7: 4.ª feira | B7: 41 | C7: 40 | D7: 46 | E7: =D7/C7-1 -> 0.15 | F7: 169 | G7: 225 | H7: 231 | I7: =H7/G7-1 -> 0.026666667 | J7: 4162 | K7: 4183 | L7: 4464 | M7: =L7/K7-1 -> 0.067176667 | N7: =B7+F7+J7 -> 4372 | O7: =C7+G7+K7 -> 4448 | P7: =D7+H7+L7 -> 4741 | Q7: =P7/O7-1 -> 0.065872302
A8: 5.ª feira | B8: 60 | C8: 58 | D8: 56 | E8: =D8/C8-1 -> -0.034482759 | F8: 186 | G8: 207 | H8: 202 | I8: =H8/G8-1 -> -0.024154589 | J8: 4305 | K8: 4174 | L8: 4338 | M8: =L8/K8-1 -> 0.039290848 | N8: =B8+F8+J8 -> 4551 | O8: =C8+G8+K8 -> 4439 | P8: =D8+H8+L8 -> 4596 | Q8: =P8/O8-1 -> 0.035368326
A9: 6.ª feira | B9: 61 | C9: 62 | D9: 66 | E9: =D9/C9-1 -> 0.064516129 | F9: 233 | G9: 236 | H9: 265 | I9: =H9/G9-1 -> 0.12288136 | J9: 4476 | K9: 4652 | L9: 4782 | M9: =L9/K9-1 -> 0.02794497 | N9: =B9+F9+J9 -> 4770 | O9: =C9+G9+K9 -> 4950 | P9: =D9+H9+L9 -> 5113 | Q9: =P9/O9-1 -> 0.032929293
A10: Sábado | B10: 71 | C10: 86 | D10: 73 | E10: =D10/C10-1 -> -0.15116279 | F10: 299 | G10: 337 | H10: 298 | I10: =H10/G10-1 -> -0.115727 | J10: 4047 | K10: 4066 | L10: 4088 | M10: =L10/K10-1 -> 0.0054107231 | N10: =B10+F10+J10 -> 4417 | O10: =C10+G10+K10 -> 4489 | P10: =D10+H10+L10 -> 4459 | Q10: =P10/O10-1 -> -0.0066830029
A11: Domingo | B11: 73 | C11: 89 | D11: 95 | E11: =D11/C11-1 -> 0.06741573 | F11: 267 | G11: 333 | H11: 309 | I11: =H11/G11-1 -> -0.072072072 | J11: 3521 | K11: 3584 | L11: 3704 | M11: =L11/K11-1 -> 0.033482143 | N11: =B11+F11+J11 -> 3861 | O11: =C11+G11+K11 -> 4006 | P11: =D11+H11+L11 -> 4108 | Q11: =P11/O11-1 -> 0.025461807
A12: Total | B12: =SUM(B5:B11) -> 403 | C12: =SUM(C5:C11) -> 428 | D12: =SUM(D5:D11) -> 431 | E12: =D12/C12-1 -> 0.0070093458 | F12: =SUM(F5:F11) -> 1515 | G12: =SUM(G5:G11) -> 1784 | H12: =SUM(H5:H11) -> 1775 | I12: =H12/G12-1 -> -0.005044843 | J12: =SUM(J5:J11) -> 28876 | K12: =SUM(K5:K11) -> 29024 | L12: =SUM(L5:L11) -> 30263 | M12: =L12/K12-1 -> 0.042688809 | N12: =SUM(N5:N11) -> 30794 | O12: =SUM(O5:O11) -> 31236 | P12: =SUM(P5:P11) -> 32469 | Q12: =P12/O12-1 -> 0.039473684

Sheet 6.5
A1: Quadro 6.5 Condutores vítimas em Portugal por período horário
A3: Período horário | B3: VM | F3: FG | J3: FL | N3: Total de condutores vítimas
B4: 2019 | C4: 2023 | D4: 2024 | E4: ∆(%) 24/23 | F4: 2019 | G4: 2023 | H4: 2024 | I4: ∆(%) 24/23 | J4: 2019 | K4: 2023 | L4: 2024 | M4: ∆(%) 24/23 | N4: 2019 | O4: 2023 | P4: 2024 | Q4: ∆(%) 24/23
A5: [00:00-03:00[ | B5: 27 | C5: 33 | D5: 29 | E5: =D5/C5-1 -> -0.12121212 | F5: 108 | G5: 98 | H5: 91 | I5: =H5/G5-1 -> -0.071428571 | J5: 1060 | K5: 985 | L5: 1036 | M5: =L5/K5-1 -> 0.05177665 | N5: =B5+F5+J5 -> 1195 | O5: =C5+G5+K5 -> 1116 | P5: =D5+H5+L5 -> 1156 | Q5: =P5/O5-1 -> 0.035842294
A6: [03:00-06:00[ | B6: 16 | C6: 22 | D6: 24 | E6: =D6/C6-1 -> 0.090909091 | F6: 64 | G6: 76 | H6: 47 | I6: =H6/G6-1 -> -0.38157895 | J6: 606 | K6: 606 | L6: 616 | M6: =L6/K6-1 -> 0.01650165 | N6: =B6+F6+J6 -> 686 | O6: =C6+G6+K6 -> 704 | P6: =D6+H6+L6 -> 687 | Q6: =P6/O6-1 -> -0.024147727
A7: [06:00-09:00[ | B7: 40 | C7: 46 | D7: 53 | E7: =D7/C7-1 -> 0.15217391 | F7: 136 | G7: 160 | H7: 180 | I7: =H7/G7-1 -> 0.125 | J7: 3372 | K7: 3319 | L7: 3630 | M7: =L7/K7-1 -> 0.093702923 | N7: =B7+F7+J7 -> 3548 | O7: =C7+G7+K7 -> 3525 | P7: =D7+H7+L7 -> 3863 | Q7: =P7/O7-1 -> 0.095886525
A8: [09:00-12:00[ | B8: 47 | C8: 54 | D8: 45 | E8: =D8/C8-1 -> -0.16666667 | F8: 191 | G8: 206 | H8: 214 | I8: =H8/G8-1 -> 0.038834951 | J8: 4705 | K8: 4766 | L8: 5051 | M8: =L8/K8-1 -> 0.059798573 | N8: =B8+F8+J8 -> 4943 | O8: =C8+G8+K8 -> 5026 | P8: =D8+H8+L8 -> 5310 | Q8: =P8/O8-1 -> 0.056506168
A9: [12:00-15:00[ | B9: 50 | C9: 62 | D9: 62 | E9: =D9/C9-1 -> 0 | F9: 209 | G9: 319 | H9: 301 | I9: =H9/G9-1 -> -0.056426332 | J9: 5267 | K9: 5360 | L9: 5575 | M9: =L9/K9-1 -> 0.04011194 | N9: =B9+F9+J9 -> 5526 | O9: =C9+G9+K9 -> 5741 | P9: =D9+H9+L9 -> 5938 | Q9: =P9/O9-1 -> 0.034314579
A10: [15:00-18:00[ | B10: 82 | C10: 74 | D10: 83 | E10: =D10/C10-1 -> 0.12162162 | F10: 300 | G10: 407 | H10: 383 | I10: =H10/G10-1 -> -0.058968059 | J10: 5904 | K10: 6273 | L10: 6402 | M10: =L10/K10-1 -> 0.020564323 | N10: =B10+F10+J10 -> 6286 | O10: =C10+G10+K10 -> 6754 | P10: =D10+H10+L10 -> 6868 | Q10: =P10/O10-1 -> 0.016878887
A11: [18:00-21:00[ | B11: 91 | C11: 99 | D11: 85 | E11: =D11/C11-1 -> -0.14141414 | F11: 327 | G11: 360 | H11: 382 | I11: =H11/G11-1 -> 0.061111111 | J11: 5523 | K11: 5528 | L11: 5582 | M11: =L11/K11-1 -> 0.0097684515 | N11: =B11+F11+J11 -> 5941 | O11: =C11+G11+K11 -> 5987 | P11: =D11+H11+L11 -> 6049 | Q11: =P11/O11-1 -> 0.010355771
A12: [21:00-00:00[ | B12: 50 | C12: 38 | D12: 50 | E12: =D12/C12-1 -> 0.31578947 | F12: 180 | G12: 158 | H12: 177 | I12: =H12/G12-1 -> 0.12025316 | J12: 2439 | K12: 2187 | L12: 2371 | M12: =L12/K12-1 -> 0.084133516 | N12: =B12+F12+J12 -> 2669 | O12: =C12+G12+K12 -> 2383 | P12: =D12+H12+L12 -> 2598 | Q12: =P12/O12-1 -> 0.090222409
A13: Total | B13: =SUM(B5:B12) -> 403 | C13: =SUM(C5:C12) -> 428 | D13: =SUM(D5:D12) -> 431 | E13: =D13/C13-1 -> 0.0070093458 | F13: =SUM(F5:F12) -> 1515 | G13: =SUM(G5:G12) -> 1784 | H13: =SUM(H5:H12) -> 1775 | I13: =H13/G13-1 -> -0.005044843 | J13: =SUM(J5:J12) -> 28876 | K13: =SUM(K5:K12) -> 29024 | L13: =SUM(L5:L12) -> 30263 | M13: =L13/K13-1 -> 0.042688809 | N13: =SUM(N5:N12) -> 30794 | O13: =SUM(O5:O12) -> 31236 | P13: =SUM(P5:P12) -> 32469 | Q13: =P13/O13-1 -> 0.039473684

Sheet 6.6
A1: Quadro 6.6 Condutores vítimas em Portugal por fatores atmosféricos
A3: Fatores atmosféricos | B3: VM | F3: FG | J3: FL | N3: Total de condutores vítimas
B4: 2019 | C4: 2023 | D4: 2024 | E4: ∆(%) 24/23 | F4: 2019 | G4: 2023 | H4: 2024 | I4: ∆(%) 24/23 | J4: 2019 | K4: 2023 | L4: 2024 | M4: ∆(%) 24/23 | N4: 2019 | O4: 2023 | P4: 2024 | Q4: ∆(%) 24/23
A5: Bom tempo | B5: 343 | C5: 386 | D5: 387 | E5: =D5/C5-1 -> 0.0025906736 | F5: 1315 | G5: 1621 | H5: 1556 | I5: =H5/G5-1 -> -0.040098705 | J5: 22978 | K5: 24457 | L5: 25036 | M5: =L5/K5-1 -> 0.023674204 | N5: =B5+F5+J5 -> 24636 | O5: =C5+G5+K5 -> 26464 | P5: =D5+H5+L5 -> 26979 | Q5: =P5/O5-1 -> 0.019460399
A6: Chuva | B6: 58 | C6: 35 | D6: 38 | E6: =D6/C6-1 -> 0.085714286 | F6: 174 | G6: 141 | H6: 200 | I6: =H6/G6-1 -> 0.41843972 | J6: 5605 | K6: 4285 | L6: 4957 | M6: =L6/K6-1 -> 0.15682614 | N6: =B6+F6+J6 -> 5837 | O6: =C6+G6+K6 -> 4461 | P6: =D6+H6+L6 -> 5195 | Q6: =P6/O6-1 -> 0.1645371
A7: Nevoeiro | B7: 2 | C7: 5 | D7: 3 | E7: =D7/C7-1 -> -0.4 | F7: 21 | G7: 19 | H7: 15 | I7: =H7/G7-1 -> -0.21052632 | J7: 196 | K7: 189 | L7: 173 | M7: =L7/K7-1 -> -0.084656085 | N7: =B7+F7+J7 -> 219 | O7: =C7+G7+K7 -> 213 | P7: =D7+H7+L7 -> 191 | Q7: =P7/O7-1 -> -0.10328638
A8: Vento | B8: 0 | C8: 1 | D8: 3 | E8: =D8/C8-1 -> 2 | F8: 2 | G8: 2 | H8: 2 | I8: =H8/G8-1 -> 0 | J8: 16 | K8: 32 | L8: 43 | M8: =L8/K8-1 -> 0.34375 | N8: =B8+F8+J8 -> 18 | O8: =C8+G8+K8 -> 35 | P8: =D8+H8+L8 -> 48 | Q8: =P8/O8-1 -> 0.37142857
A9: Granizo | B9: 0 | C9: 0 | D9: 0 | E9: - | F9: 1 | G9: 1 | H9: 1 | I9: =H9/G9-1 -> 0 | J9: 28 | K9: 12 | L9: 20 | M9: =L9/K9-1 -> 0.66666667 | N9: =B9+F9+J9 -> 29 | O9: =C9+G9+K9 -> 13 | P9: =D9+H9+L9 -> 21 | Q9: =P9/O9-1 -> 0.61538462
A10: Neve | B10: 0 | C10: 1 | D10: 0 | E10: =D10/C10-1 -> -1 | F10: 0 | G10: 0 | H10: 0 | I10: - | J10: 7 | K10: 18 | L10: 4 | M10: =L10/K10-1 -> -0.77777778 | N10: =B10+F10+J10 -> 7 | O10: =C10+G10+K10 -> 19 | P10: =D10+H10+L10 -> 4 | Q10: =P10/O10-1 -> -0.78947368
A11: Fumo | B11: 0 | C11: 0 | D11: 0 | E11: - | F11: 2 | G11: 0 | H11: 0 | I11: - | J11: 5 | K11: 2 | L11: 1 | M11: =L11/K11-1 -> -0.5 | N11: =B11+F11+J11 -> 7 | O11: =C11+G11+K11 -> 2 | P11: =D11+H11+L11 -> 1 | Q11: =P11/O11-1 -> -0.5
A12: n.d. | B12: 0 | C12: 0 | D12: 0 | E12: - | F12: 0 | G12: 0 | H12: 1 | I12: - | J12: 41 | K12: 29 | L12: 29 | M12: =L12/K12-1 -> 0 | N12: =B12+F12+J12 -> 41 | O12: =C12+G12+K12 -> 29 | P12: =D12+H12+L12 -> 30 | Q12: =P12/O12-1 -> 0.034482759
A13: Total | B13: =SUM(B5:B12) -> 403 | C13: =SUM(C5:C12) -> 428 | D13: =SUM(D5:D12) -> 431 | E13: =D13/C13-1 -> 0.0070093458 | F13: =SUM(F5:F12) -> 1515 | G13: =SUM(G5:G12) -> 1784 | H13: =SUM(H5:H12) -> 1775 | I13: =H13/G13-1 -> -0.005044843 | J13: =SUM(J5:J12) -> 28876 | K13: =SUM(K5:K12) -> 29024 | L13: =SUM(L5:L12) -> 30263 | M13: =L13/K13-1 -> 0.042688809 | N13: =SUM(N5:N12) -> 30794 | O13: =SUM(O5:O12) -> 31236 | P13: =SUM(P5:P12) -> 32469 | Q13: =P13/O13-1 -> 0.039473684
A14: n.d. - não definido

Sheet 6.7
A1: Quadro 6.7 Condutores vítimas em Portugal por luminosidade
A3: Luminosidade | B3: VM | F3: FG | J3: FL | N3: Total de condutores vítimas
B4: 2019 | C4: 2023 | D4: 2024 | E4: ∆(%) 24/23 | F4: 2019 | G4: 2023 | H4: 2024 | I4: ∆(%) 24/23 | J4: 2019 | K4: 2023 | L4: 2024 | M4: ∆(%) 24/23 | N4: 2019 | O4: 2023 | P4: 2024 | Q4: ∆(%) 24/23
A5: Dia | B5: 229 | C5: 263 | D5: 266 | E5: =D5/C5-1 -> 0.011406844 | F5: 916 | G5: 1239 | H5: 1214 | I5: =H5/G5-1 -> -0.020177563 | J5: 20632 | K5: 21617 | L5: 22527 | M5: =L5/K5-1 -> 0.042096498 | N5: =B5+F5+J5 -> 21777 | O5: =C5+G5+K5 -> 23119 | P5: =D5+H5+L5 -> 24007 | Q5: =P5/O5-1 -> 0.038409966
A6: Noite | B6: 154 | C6: 140 | D6: 148 | E6: =D6/C6-1 -> 0.057142857 | F6: 536 | G6: 473 | H6: 487 | I6: =H6/G6-1 -> 0.029598309 | J6: 7055 | K6: 6332 | L6: 6935 | M6: =L6/K6-1 -> 0.095230575 | N6: =B6+F6+J6 -> 7745 | O6: =C6+G6+K6 -> 6945 | P6: =D6+H6+L6 -> 7570 | Q6: =P6/O6-1 -> 0.089992801
A7: Aurora/Crepúsculo | B7: 20 | C7: 25 | D7: 17 | E7: =D7/C7-1 -> -0.32 | F7: 63 | G7: 72 | H7: 74 | I7: =H7/G7-1 -> 0.027777778 | J7: 1174 | K7: 1074 | L7: 801 | M7: =L7/K7-1 -> -0.25418994 | N7: =B7+F7+J7 -> 1257 | O7: =C7+G7+K7 -> 1171 | P7: =D7+H7+L7 -> 892 | Q7: =P7/O7-1 -> -0.2382579
A8: n.d. | B8: 0 | C8: 0 | D8: 0 | E8: - | F8: 0 | G8: 0 | H8: 0 | I8: - | J8: 15 | K8: 1 | L8: 0 | M8: =L8/K8-1 -> -1 | N8: =B8+F8+J8 -> 15 | O8: =C8+G8+K8 -> 1 | P8: =D8+H8+L8 -> 0 | Q8: =P8/O8-1 -> -1
A9: Total | B9: =SUM(B5:B8) -> 403 | C9: =SUM(C5:C8) -> 428 | D9: =SUM(D5:D8) -> 431 | E9: =D9/C9-1 -> 0.0070093458 | F9: =SUM(F5:F8) -> 1515 | G9: =SUM(G5:G8) -> 1784 | H9: =SUM(H5:H8) -> 1775 | I9: =H9/G9-1 -> -0.005044843 | J9: =SUM(J5:J8) -> 28876 | K9: =SUM(K5:K8) -> 29024 | L9: =SUM(L5:L8) -> 30263 | M9: =L9/K9-1 -> 0.042688809 | N9: =SUM(N5:N8) -> 30794 | O9: =SUM(O5:O8) -> 31236 | P9: =SUM(P5:P8) -> 32469 | Q9: =P9/O9-1 -> 0.039473684
A10: n.d. - não definido

Sheet 6.8
A1: Quadro 6.8 Condutores vítimas em Portugal por natureza do acidente
A3: Natureza | B3: VM | F3: FG | J3: FL | N3: Total de condutores vítimas
B4: 2019 | C4: 2023 | D4: 2024 | E4: ∆(%) 24/23 | F4: 2019 | G4: 2023 | H4: 2024 | I4: ∆(%) 24/23 | J4: 2019 | K4: 2023 | L4: 2024 | M4: ∆(%) 24/23 | N4: 2019 | O4: 2023 | P4: 2024 | Q4: ∆(%) 24/23
A5: Atropelamento | B5: 2 | C5: 0 | D5: 3 | E5: - | F5: 9 | G5: 11 | H5: 4 | I5: =H5/G5-1 -> -0.63636364 | J5: 267 | K5: 268 | L5: 291 | M5: =L5/K5-1 -> 0.085820896 | N5: =B5+F5+J5 -> 278 | O5: =C5+G5+K5 -> 279 | P5: =D5+H5+L5 -> 298 | Q5: =P5/O5-1 -> 0.068100358
A6: Colisão | B6: 202 | C6: 210 | D6: 230 | E6: =D6/C6-1 -> 0.095238095 | F6: 809 | G6: 938 | H6: 979 | I6: =H6/G6-1 -> 0.043710021 | J6: 18293 | K6: 18179 | L6: 19275 | M6: =L6/K6-1 -> 0.060289345 | N6: =B6+F6+J6 -> 19304 | O6: =C6+G6+K6 -> 19327 | P6: =D6+H6+L6 -> 20484 | Q6: =P6/O6-1 -> 0.059864438
A7: Despiste | B7: 199 | C7: 218 | D7: 198 | E7: =D7/C7-1 -> -0.091743119 | F7: 697 | G7: 835 | H7: 792 | I7: =H7/G7-1 -> -0.051497006 | J7: 10316 | K7: 10577 | L7: 10697 | M7: =L7/K7-1 -> 0.011345372 | N7: =B7+F7+J7 -> 11212 | O7: =C7+G7+K7 -> 11630 | P7: =D7+H7+L7 -> 11687 | Q7: =P7/O7-1 -> 0.0049011178
A8: Total | B8: =SUM(B5:B7) -> 403 | C8: =SUM(C5:C7) -> 428 | D8: =SUM(D5:D7) -> 431 | E8: =D8/C8-1 -> 0.0070093458 | F8: =SUM(F5:F7) -> 1515 | G8: =SUM(G5:G7) -> 1784 | H8: =SUM(H5:H7) -> 1775 | I8: =H8/G8-1 -> -0.005044843 | J8: =SUM(J5:J7) -> 28876 | K8: =SUM(K5:K7) -> 29024 | L8: =SUM(L5:L7) -> 30263 | M8: =L8/K8-1 -> 0.042688809 | N8: =SUM(N5:N7) -> 30794 | O8: =SUM(O5:O7) -> 31236 | P8: =SUM(P5:P7) -> 32469 | Q8: =P8/O8-1 -> 0.039473684

Sheet 6.9
A1: Quadro 6.9 Condutores vítimas em Portugal por localização
A3: Localização | B3: VM | F3: FG | J3: FL | N3: Total de condutores vítimas
B4: 2019 | C4: 2023 | D4: 2024 | E4: ∆(%) 24/23 | F4: 2019 | G4: 2023 | H4: 2024 | I4: ∆(%) 24/23 | J4: 2019 | K4: 2023 | L4: 2024 | M4: ∆(%) 24/23 | N4: 2019 | O4: 2023 | P4: 2024 | Q4: ∆(%) 24/23
A5: Dentro das localidades | B5: 202 | C5: 223 | D5: 227 | E5: =D5/C5-1 -> 0.01793722 | F5: 967 | G5: 1173 | H5: 1171 | I5: =H5/G5-1 -> -0.0017050298 | J5: 22053 | K5: 22361 | L5: 23235 | M5: =L5/K5-1 -> 0.039085909 | N5: =B5+F5+J5 -> 23222 | O5: =C5+G5+K5 -> 23757 | P5: =D5+H5+L5 -> 24633 | Q5: =P5/O5-1 -> 0.036873343
A6: Fora das localidades | B6: 201 | C6: 205 | D6: 204 | E6: =D6/C6-1 -> -0.0048780488 | F6: 548 | G6: 611 | H6: 604 | I6: =H6/G6-1 -> -0.011456628 | J6: 6823 | K6: 6663 | L6: 7028 | M6: =L6/K6-1 -> 0.054780129 | N6: =B6+F6+J6 -> 7572 | O6: =C6+G6+K6 -> 7479 | P6: =D6+H6+L6 -> 7836 | Q6: =P6/O6-1 -> 0.047733654
A7: Total | B7: =SUM(B5:B6) -> 403 | C7: =SUM(C5:C6) -> 428 | D7: =SUM(D5:D6) -> 431 | E7: =D7/C7-1 -> 0.0070093458 | F7: =SUM(F5:F6) -> 1515 | G7: =SUM(G5:G6) -> 1784 | H7: =SUM(H5:H6) -> 1775 | I7: =H7/G7-1 -> -0.005044843 | J7: =SUM(J5:J6) -> 28876 | K7: =SUM(K5:K6) -> 29024 | L7: =SUM(L5:L6) -> 30263 | M7: =L7/K7-1 -> 0.042688809 | N7: =SUM(N5:N6) -> 30794 | O7: =SUM(O5:O6) -> 31236 | P7: =SUM(P5:P6) -> 32469 | Q7: =P7/O7-1 -> 0.039473684

Sheet 6.10
A1: Quadro 6.10 Condutores vítimas em Portugal por tipo de via
A3: Tipo de via | B3: VM | F3: FG | J3: FL | N3: Total de condutores vítimas
B4: 2019 | C4: 2023 | D4: 2024 | E4: ∆(%) 24/23 | F4: 2019 | G4: 2023 | H4: 2024 | I4: ∆(%) 24/23 | J4: 2019 | K4: 2023 | L4: 2024 | M4: ∆(%) 24/23 | N4: 2019 | O4: 2023 | P4: 2024 | Q4: ∆(%) 24/23
A5: AE | B5: 38 | C5: 27 | D5: 36 | E5: =D5/C5-1 -> 0.33333333 | F5: 94 | G5: 98 | H5: 103 | I5: =H5/G5-1 -> 0.051020408 | J5: 1926 | K5: 1787 | L5: 1933 | M5: =L5/K5-1 -> 0.081701175 | N5: =B5+F5+J5 -> 2058 | O5: =C5+G5+K5 -> 1912 | P5: =D5+H5+L5 -> 2072 | Q5: =P5/O5-1 -> 0.083682008
A6: Arruamento | B6: 143 | C6: 132 | D6: 122 | E6: =D6/C6-1 -> -0.075757576 | F6: 721 | G6: 775 | H6: 793 | I6: =H6/G6-1 -> 0.023225806 | J6: 17576 | K6: 17176 | L6: 17849 | M6: =L6/K6-1 -> 0.03918258 | N6: =B6+F6+J6 -> 18440 | O6: =C6+G6+K6 -> 18083 | P6: =D6+H6+L6 -> 18764 | Q6: =P6/O6-1 -> 0.03765968
A7: EM | B7: 29 | C7: 25 | D7: 28 | E7: =D7/C7-1 -> 0.12 | F7: 111 | G7: 112 | H7: 103 | I7: =H7/G7-1 -> -0.080357143 | J7: 1130 | K7: 1072 | L7: 1042 | M7: =L7/K7-1 -> -0.027985075 | N7: =B7+F7+J7 -> 1270 | O7: =C7+G7+K7 -> 1209 | P7: =D7+H7+L7 -> 1173 | Q7: =P7/O7-1 -> -0.029776675
A8: EN | B8: 118 | C8: 144 | D8: 166 | E8: =D8/C8-1 -> 0.15277778 | F8: 385 | G8: 538 | H8: 518 | I8: =H8/G8-1 -> -0.037174721 | J8: 5612 | K8: 6154 | L8: 6407 | M8: =L8/K8-1 -> 0.041111472 | N8: =B8+F8+J8 -> 6115 | O8: =C8+G8+K8 -> 6836 | P8: =D8+H8+L8 -> 7091 | Q8: =P8/O8-1 -> 0.037302516
A9: ER | B9: 3 | C9: 11 | D9: 6 | E9: =D9/C9-1 -> -0.45454545 | F9: 22 | G9: 56 | H9: 53 | I9: =H9/G9-1 -> -0.053571429 | J9: 310 | K9: 432 | L9: 435 | M9: =L9/K9-1 -> 0.0069444444 | N9: =B9+F9+J9 -> 335 | O9: =C9+G9+K9 -> 499 | P9: =D9+H9+L9 -> 494 | Q9: =P9/O9-1 -> -0.01002004
A10: IC | B10: 18 | C10: 29 | D10: 27 | E10: =D10/C10-1 -> -0.068965517 | F10: 50 | G10: 49 | H10: 58 | I10: =H10/G10-1 -> 0.18367347 | J10: 868 | K10: 755 | L10: 867 | M10: =L10/K10-1 -> 0.14834437 | N10: =B10+F10+J10 -> 936 | O10: =C10+G10+K10 -> 833 | P10: =D10+H10+L10 -> 952 | Q10: =P10/O10-1 -> 0.14285714
A11: IP | B11: 14 | C11: 12 | D11: 5 | E11: =D11/C11-1 -> -0.58333333 | F11: 14 | G11: 18 | H11: 15 | I11: =H11/G11-1 -> -0.16666667 | J11: 226 | K11: 177 | L11: 225 | M11: =L11/K11-1 -> 0.27118644 | N11: =B11+F11+J11 -> 254 | O11: =C11+G11+K11 -> 207 | P11: =D11+H11+L11 -> 245 | Q11: =P11/O11-1 -> 0.18357488
A12: Outras vias* | B12: 40 | C12: 48 | D12: 41 | E12: =D12/C12-1 -> -0.14583333 | F12: 118 | G12: 138 | H12: 132 | I12: =H12/G12-1 -> -0.043478261 | J12: 1228 | K12: 1471 | L12: 1505 | M12: =L12/K12-1 -> 0.023113528 | N12: =B12+F12+J12 -> 1386 | O12: =C12+G12+K12 -> 1657 | P12: =D12+H12+L12 -> 1678 | Q12: =P12/O12-1 -> 0.012673506
A13: Total | B13: =SUM(B5:B12) -> 403 | C13: =SUM(C5:C12) -> 428 | D13: =SUM(D5:D12) -> 431 | E13: =D13/C13-1 -> 0.0070093458 | F13: =SUM(F5:F12) -> 1515 | G13: =SUM(G5:G12) -> 1784 | H13: =SUM(H5:H12) -> 1775 | I13: =H13/G13-1 -> -0.005044843 | J13: =SUM(J5:J12) -> 28876 | K13: =SUM(K5:K12) -> 29024 | L13: =SUM(L5:L12) -> 30263 | M13: =L13/K13-1 -> 0.042688809 | N13: =SUM(N5:N12) -> 30794 | O13: =SUM(O5:O12) -> 31236 | P13: =SUM(P5:P12) -> 32469 | Q13: =P13/O13-1 -> 0.039473684
A14: * Inclui acessos, estradas florestais, pontes, variantes e não definidas

Sheet 6.11
A1: Quadro 6.11 Condutores vítimas em Portugal por distrito e R.A.
A3: Distrito e R.A. | B3: VM | F3: FG | J3: FL | N3: Total de condutores vítimas
B4: 2019 | C4: 2023 | D4: 2024 | E4: ∆(%) 24/23 | F4: 2019 | G4: 2023 | H4: 2024 | I4: ∆(%) 24/23 | J4: 2019 | K4: 2023 | L4: 2024 | M4: ∆(%) 24/23 | N4: 2019 | O4: 2023 | P4: 2024 | Q4: ∆(%) 24/23
A5: Aveiro | B5: 34 | C5: 29 | D5: 25 | E5: =D5/C5-1 -> -0.13793103 | F5: 80 | G5: 135 | H5: 137 | I5: =H5/G5-1 -> 0.014814815 | J5: 2356 | K5: 2420 | L5: 2464 | M5: =L5/K5-1 -> 0.018181818 | N5: =B5+F5+J5 -> 2470 | O5: =C5+G5+K5 -> 2584 | P5: =D5+H5+L5 -> 2626 | Q5: =P5/O5-1 -> 0.01625387
A6: Beja | B6: 22 | C6: 18 | D6: 16 | E6: =D6/C6-1 -> -0.11111111 | F6: 39 | G6: 65 | H6: 71 | I6: =H6/G6-1 -> 0.092307692 | J6: 345 | K6: 353 | L6: 377 | M6: =L6/K6-1 -> 0.067988669 | N6: =B6+F6+J6 -> 406 | O6: =C6+G6+K6 -> 436 | P6: =D6+H6+L6 -> 464 | Q6: =P6/O6-1 -> 0.064220183
A7: Braga | B7: 29 | C7: 30 | D7: 32 | E7: =D7/C7-1 -> 0.066666667 | F7: 95 | G7: 129 | H7: 132 | I7: =H7/G7-1 -> 0.023255814 | J7: 2591 | K7: 2755 | L7: 2776 | M7: =L7/K7-1 -> 0.0076225045 | N7: =B7+F7+J7 -> 2715 | O7: =C7+G7+K7 -> 2914 | P7: =D7+H7+L7 -> 2940 | Q7: =P7/O7-1 -> 0.0089224434
A8: Bragança | B8: 7 | C8: 4 | D8: 6 | E8: =D8/C8-1 -> 0.5 | F8: 24 | G8: 33 | H8: 26 | I8: =H8/G8-1 -> -0.21212121 | J8: 308 | K8: 302 | L8: 310 | M8: =L8/K8-1 -> 0.026490066 | N8: =B8+F8+J8 -> 339 | O8: =C8+G8+K8 -> 339 | P8: =D8+H8+L8 -> 342 | Q8: =P8/O8-1 -> 0.0088495575
A9: C. Branco | B9: 7 | C9: 18 | D9: 11 | E9: =D9/C9-1 -> -0.38888889 | F9: 44 | G9: 50 | H9: 45 | I9: =H9/G9-1 -> -0.1 | J9: 391 | K9: 423 | L9: 420 | M9: =L9/K9-1 -> -0.0070921986 | N9: =B9+F9+J9 -> 442 | O9: =C9+G9+K9 -> 491 | P9: =D9+H9+L9 -> 476 | Q9: =P9/O9-1 -> -0.030549898
A10: Coimbra | B10: 25 | C10: 27 | D10: 25 | E10: =D10/C10-1 -> -0.074074074 | F10: 53 | G10: 61 | H10: 74 | I10: =H10/G10-1 -> 0.21311475 | J10: 1353 | K10: 1336 | L10: 1326 | M10: =L10/K10-1 -> -0.0074850299 | N10: =B10+F10+J10 -> 1431 | O10: =C10+G10+K10 -> 1424 | P10: =D10+H10+L10 -> 1425 | Q10: =P10/O10-1 -> 0.00070224719
A11: Évora | B11: 9 | C11: 7 | D11: 9 | E11: =D11/C11-1 -> 0.28571429 | F11: 45 | G11: 54 | H11: 45 | I11: =H11/G11-1 -> -0.16666667 | J11: 341 | K11: 370 | L11: 413 | M11: =L11/K11-1 -> 0.11621622 | N11: =B11+F11+J11 -> 395 | O11: =C11+G11+K11 -> 431 | P11: =D11+H11+L11 -> 467 | Q11: =P11/O11-1 -> 0.083526682
A12: Faro | B12: 29 | C12: 33 | D12: 36 | E12: =D12/C12-1 -> 0.090909091 | F12: 152 | G12: 151 | H12: 140 | I12: =H12/G12-1 -> -0.072847682 | J12: 1664 | K12: 1709 | L12: 1884 | M12: =L12/K12-1 -> 0.10239906 | N12: =B12+F12+J12 -> 1845 | O12: =C12+G12+K12 -> 1893 | P12: =D12+H12+L12 -> 2060 | Q12: =P12/O12-1 -> 0.088219757
A13: Guarda | B13: 15 | C13: 7 | D13: 16 | E13: =D13/C13-1 -> 1.2857143 | F13: 34 | G13: 29 | H13: 32 | I13: =H13/G13-1 -> 0.10344828 | J13: 323 | K13: 378 | L13: 380 | M13: =L13/K13-1 -> 0.0052910053 | N13: =B13+F13+J13 -> 372 | O13: =C13+G13+K13 -> 414 | P13: =D13+H13+L13 -> 428 | Q13: =P13/O13-1 -> 0.033816425
A14: Leiria | B14: 26 | C14: 30 | D14: 31 | E14: =D14/C14-1 -> 0.033333333 | F14: 83 | G14: 107 | H14: 130 | I14: =H14/G14-1 -> 0.21495327 | J14: 1476 | K14: 1491 | L14: 1526 | M14: =L14/K14-1 -> 0.023474178 | N14: =B14+F14+J14 -> 1585 | O14: =C14+G14+K14 -> 1628 | P14: =D14+H14+L14 -> 1687 | Q14: =P14/O14-1 -> 0.036240786
A15: Lisboa | B15: 40 | C15: 37 | D15: 54 | E15: =D15/C15-1 -> 0.45945946 | F15: 200 | G15: 195 | H15: 185 | I15: =H15/G15-1 -> -0.051282051 | J15: 6115 | K15: 5487 | L15: 5900 | M15: =L15/K15-1 -> 0.075268817 | N15: =B15+F15+J15 -> 6355 | O15: =C15+G15+K15 -> 5719 | P15: =D15+H15+L15 -> 6139 | Q15: =P15/O15-1 -> 0.073439412
A16: Portalegre | B16: 15 | C16: 13 | D16: 11 | E16: =D16/C16-1 -> -0.15384615 | F16: 34 | G16: 33 | H16: 43 | I16: =H16/G16-1 -> 0.3030303 | J16: 234 | K16: 256 | L16: 247 | M16: =L16/K16-1 -> -0.03515625 | N16: =B16+F16+J16 -> 283 | O16: =C16+G16+K16 -> 302 | P16: =D16+H16+L16 -> 301 | Q16: =P16/O16-1 -> -0.0033112583
... A24: R.A. Madeira | B24: 10 | C24: 6 | D24: 7 | E24: =D24/C24-1 -> 0.16666667 | F24: 65 | G24: 72 | H24: 52 | I24: =H24/G24-1 -> -0.27777778 | J24: 693 | K24: 763 | L24: 772 | M24: =L24/K24-1 -> 0.011795544 | N24: =B24+F24+J24 -> 768 | O24: =C24+G24+K24 -> 841 | P24: =D24+H24+L24 -> 831 | Q24: =P24/O24-1 -> -0.011890606
A25: Total | B25: =SUM(B5:B24) -> 403 | C25: =SUM(C5:C24) -> 428 | D25: =SUM(D5:D24) -> 431 | E25: =D25/C25-1 -> 0.0070093458 | F25: =SUM(F5:F24) -> 1515 | G25: =SUM(G5:G24) -> 1784 | H25: =SUM(H5:H24) -> 1775 | I25: =H25/G25-1 -> -0.005044843 | J25: =SUM(J5:J24) -> 28876 | K25: =SUM(K5:K24) -> 29024 | L25: =SUM(L5:L24) -> 30263 | M25: =L25/K25-1 -> 0.042688809 | N25: =SUM(N5:N24) -> 30794 | O25: =SUM(O5:O24) -> 31236 | P25: =SUM(P5:P24) -> 32469 | Q25: =P25/O25-1 -> 0.039473684

Sheet 6.12
A1: Quadro 6.12 Condutores vítimas em Portugal por situação da licença de condução
A3: Situação da Licença de Condução | B3: VM | F3: FG | J3: FL | N3: Total de condutores vítimas
B4: 2019 | C4: 2023 | D4: 2024 | E4: ∆(%) 24/23 | F4: 2019 | G4: 2023 | H4: 2024 | I4: ∆(%) 24/23 | J4: 2019 | K4: 2023 | L4: 2024 | M4: ∆(%) 24/23 | N4: 2019 | O4: 2023 | P4: 2024 | Q4: ∆(%) 24/23
A5: Caducada/ suspensa | B5: 4 | C5: 3 | D5: 3 | E5: =D5/C5-1 -> 0 | F5: 6 | G5: 4 | H5: 5 | I5: =H5/G5-1 -> 0.25 | J5: 117 | K5: 73 | L5: 88 | M5: =L5/K5-1 -> 0.20547945 | N5: =B5+F5+J5 -> 127 | O5: =C5+G5+K5 -> 80 | P5: =D5+H5+L5 -> 96 | Q5: =P5/O5-1 -> 0.2
A6: Com licença/ carta adequada ao veiculo | B6: 337 | C6: 363 | D6: 371 | E6: =D6/C6-1 -> 0.022038567 | F6: 1256 | G6: 1494 | H6: 1512 | I6: =H6/G6-1 -> 0.012048193 | J6: 25913 | K6: 25476 | L6: 26294 | M6: =L6/K6-1 -> 0.032108651 | N6: =B6+F6+J6 -> 27506 | O6: =C6+G6+K6 -> 27333 | P6: =D6+H6+L6 -> 28177 | Q6: =P6/O6-1 -> 0.030878425
A7: Com licença/ carta não adequada ao veiculo | B7: 11 | C7: 7 | D7: 8 | E7: =D7/C7-1 -> 0.14285714 | F7: 30 | G7: 24 | H7: 19 | I7: =H7/G7-1 -> -0.20833333 | J7: 174 | K7: 111 | L7: 146 | M7: =L7/K7-1 -> 0.31531532 | N7: =B7+F7+J7 -> 215 | O7: =C7+G7+K7 -> 142 | P7: =D7+H7+L7 -> 173 | Q7: =P7/O7-1 -> 0.21830986
A8: Em situação de instrução/exame | B8: 1 | C8: 0 | D8: 0 | E8: - | F8: 0 | G8: 1 | H8: 1 | I8: =H8/G8-1 -> 0 | J8: 18 | K8: 21 | L8: 19 | M8: =L8/K8-1 -> -0.095238095 | N8: =B8+F8+J8 -> 19 | O8: =C8+G8+K8 -> 22 | P8: =D8+H8+L8 -> 20 | Q8: =P8/O8-1 -> -0.090909091
A9: Não necessária ao veiculo que conduz | B9: 27 | C9: 32 | D9: 30 | E9: =D9/C9-1 -> -0.0625 | F9: 118 | G9: 180 | H9: 164 | I9: =H9/G9-1 -> -0.088888889 | J9: 2114 | K9: 2944 | L9: 3304 | M9: =L9/K9-1 -> 0.12228261 | N9: =B9+F9+J9 -> 2259 | O9: =C9+G9+K9 -> 3156 | P9: =D9+H9+L9 -> 3498 | Q9: =P9/O9-1 -> 0.10836502
A10: Sem licença/carta | B10: 16 | C10: 22 | D10: 17 | E10: =D10/C10-1 -> -0.22727273 | F10: 79 | G10: 76 | H10: 69 | I10: =H10/G10-1 -> -0.092105263 | J10: 283 | K10: 268 | L10: 272 | M10: =L10/K10-1 -> 0.014925373 | N10: =B10+F10+J10 -> 378 | O10: =C10+G10+K10 -> 366 | P10: =D10+H10+L10 -> 358 | Q10: =P10/O10-1 -> -0.021857923
A11: nd | B11: 7 | C11: 1 | D11: 2 | E11: =D11/C11-1 -> 1 | F11: 26 | G11: 5 | H11: 5 | I11: =H11/G11-1 -> 0 | J11: 257 | K11: 131 | L11: 140 | M11: =L11/K11-1 -> 0.06870229 | N11: =B11+F11+J11 -> 290 | O11: =C11+G11+K11 -> 137 | P11: =D11+H11+L11 -> 147 | Q11: =P11/O11-1 -> 0.072992701
A12: Total | B12: =SUM(B5:B11) -> 403 | C12: =SUM(C5:C11) -> 428 | D12: =SUM(D5:D11) -> 431 | E12: =D12/C12-1 -> 0.0070093458 | F12: =SUM(F5:F11) -> 1515 | G12: =SUM(G5:G11) -> 1784 | H12: =SUM(H5:H11) -> 1775 | I12: =H12/G12-1 -> -0.005044843 | J12: =SUM(J5:J11) -> 28876 | K12: =SUM(K5:K11) -> 29024 | L12: =SUM(L5:L11) -> 30263 | M12: =L12/K12-1 -> 0.042688809 | N12: =SUM(N5:N11) -> 30794 | O12: =SUM(O5:O11) -> 31236 | P12: =SUM(P5:P11) -> 32469 | Q12: =P12/O12-1 -> 0.039473684
A13: n.d. - não definido

Sheet 6.13
A1: Quadro 6.13 Condutores vítimas em Portugal por categoria de veículo
A3: Categoria de veículo | B3: VM | F3: FG | J3: FL | N3: Total de condutores vítimas | R3: VM/100 vítimas | U3: FG/100 vítimas
B4: 2019 | C4: 2023 | D4: 2024 | E4: ∆(%) 24/23 | F4: 2019 | G4: 2023 | H4: 2024 | I4: ∆(%) 24/23 | J4: 2019 | K4: 2023 | L4: 2024 | M4: ∆(%) 24/23 | N4: 2019 | O4: 2023 | P4: 2024 | Q4: ∆(%) 24/23 | R4: 2019 | S4: 2023 | T4: 2024 | U4: 2019 | V4: 2023 | W4: 2024
A5: Automóvel ligeiro | B5: 191 | C5: 188 | D5: 198 | E5: =D5/C5-1 -> 0.053191489 | F5: 624 | G5: 678 | H5: 655 | I5: =H5/G5-1 -> -0.033923304 | J5: 17396 | K5: 15807 | L5: 16260 | M5: =L5/K5-1 -> 0.028658189 | N5: =B5+F5+J5 -> 18211 | O5: =C5+G5+K5 -> 16673 | P5: =D5+H5+L5 -> 17113 | Q5: =P5/O5-1 -> 0.026389972 | R5: =(B5/(N5/100)) -> 1.0488166 | S5: =(C5/(O5/100)) -> 1.1275715 | T5: =(D5/(P5/100)) -> 1.1570151 | U5: =(F5/(N5/100)) -> 3.4265005 | V5: =(G5/(O5/100)) -> 4.0664547 | W5: =(H5/(P5/100)) -> 3.8274996
A6: Automóvel pesado | B6: 7 | C6: 7 | D6: 3 | E6: =D6/C6-1 -> -0.57142857 | F6: 29 | G6: 19 | H6: 18 | I6: =H6/G6-1 -> -0.052631579 | J6: 273 | K6: 228 | L6: 277 | M6: =L6/K6-1 -> 0.21491228 | N6: =B6+F6+J6 -> 309 | O6: =C6+G6+K6 -> 254 | P6: =D6+H6+L6 -> 298 | Q6: =P6/O6-1 -> 0.17322835 | R6: =(B6/(N6/100)) -> 2.2653722 | S6: =(C6/(O6/100)) -> 2.7559055 | T6: =(D6/(P6/100)) -> 1.0067114 | U6: =(F6/(N6/100)) -> 9.3851133 | V6: =(G6/(O6/100)) -> 7.480315 | W6: =(H6/(P6/100)) -> 6.0402685
A7: Ciclomotor | B7: 34 | C7: 28 | D7: 24 | E7: =D7/C7-1 -> -0.14285714 | F7: 153 | G7: 124 | H7: 119 | I7: =H7/G7-1 -> -0.040322581 | J7: 2198 | K7: 1676 | L7: 1472 | M7: =L7/K7-1 -> -0.12171838 | N7: =B7+F7+J7 -> 2385 | O7: =C7+G7+K7 -> 1828 | P7: =D7+H7+L7 -> 1615 | Q7: =P7/O7-1 -> -0.11652079 | R7: =(B7/(N7/100)) -> 1.4255765 | S7: =(C7/(O7/100)) -> 1.5317287 | T7: =(D7/(P7/100)) -> 1.4860681 | U7: =(F7/(N7/100)) -> 6.4150943 | V7: =(G7/(O7/100)) -> 6.7833698 | W7: =(H7/(P7/100)) -> 7.3684211
A8: Motociclo cilindrada <= 125cc | B8: 34 | C8: 45 | D8: 39 | E8: =D8/C8-1 -> -0.13333333 | F8: 206 | G8: 278 | H8: 307 | I8: =H8/G8-1 -> 0.10431655 | J8: 3989 | K8: 4922 | L8: 5211 | M8: =L8/K8-1 -> 0.058715969 | N8: =B8+F8+J8 -> 4229 | O8: =C8+G8+K8 -> 5245 | P8: =D8+H8+L8 -> 5557 | Q8: =P8/O8-1 -> 0.059485224 | R8: =(B8/(N8/100)) -> 0.80397257 | S8: =(C8/(O8/100)) -> 0.85795996 | T8: =(D8/(P8/100)) -> 0.70181753 | U8: =(F8/(N8/100)) -> 4.8711279 | V8: =(G8/(O8/100)) -> 5.300286 | W8: =(H8/(P8/100)) -> 5.5245636
A9: Motociclo cilindrada > 125cc | B9: 84 | C9: 109 | D9: 117 | E9: =D9/C9-1 -> 0.073394495 | F9: 319 | G9: 467 | H9: 452 | I9: =H9/G9-1 -> -0.032119914 | J9: 2511 | K9: 3130 | L9: 3411 | M9: =L9/K9-1 -> 0.089776358 | N9: =B9+F9+J9 -> 2914 | O9: =C9+G9+K9 -> 3706 | P9: =D9+H9+L9 -> 3980 | Q9: =P9/O9-1 -> 0.073934161 | R9: =(B9/(N9/100)) -> 2.8826356 | S9: =(C9/(O9/100)) -> 2.9411765 | T9: =(D9/(P9/100)) -> 2.9396985 | U9: =(F9/(N9/100)) -> 10.947152 | V9: =(G9/(O9/100)) -> 12.601187 | W9: =(H9/(P9/100)) -> 11.356784
A10: Velocípede | B10: 27 | C10: 32 | D10: 30 | E10: =D10/C10-1 -> -0.0625 | F10: 97 | G10: 180 | H10: 167 | I10: =H10/G10-1 -> -0.072222222 | J10: 1644 | K10: 2946 | L10: 3323 | M10: =L10/K10-1 -> 0.12797013 | N10: =B10+F10+J10 -> 1768 | O10: =C10+G10+K10 -> 3158 | P10: =D10+H10+L10 -> 3520 | Q10: =P10/O10-1 -> 0.11462951 | R10: =(B10/(N10/100)) -> 1.5271493 | S10: =(C10/(O10/100)) -> 1.0132996 | T10: =(D10/(P10/100)) -> 0.85227273 | U10: =(F10/(N10/100)) -> 5.4864253 | V10: =(G10/(O10/100)) -> 5.69981 | W10: =(H10/(P10/100)) -> 4.7443182
A11: Quadriciclo | B11: 11 | C11: 9 | D11: 7 | E11: =D11/C11-1 -> -0.22222222 | F11: 36 | G11: 19 | H11: 24 | I11: =H11/G11-1 -> 0.26315789 | J11: 246 | K11: 187 | L11: 170 | M11: =L11/K11-1 -> -0.090909091 | N11: =B11+F11+J11 -> 293 | O11: =C11+G11+K11 -> 215 | P11: =D11+H11+L11 -> 201 | Q11: =P11/O11-1 -> -0.065116279 | R11: =(B11/(N11/100)) -> 3.7542662 | S11: =(C11/(O11/100)) -> 4.1860465 | T11: =(D11/(P11/100)) -> 3.4825871 | U11: =(F11/(N11/100)) -> 12.286689 | V11: =(G11/(O11/100)) -> 8.8372093 | W11: =(H11/(P11/100)) -> 11.940299
A12: Triciclo | B12: 0 | C12: 0 | D12: 0 | E12: - | F12: 1 | G12: 4 | H12: 2 | I12: =H12/G12-1 -> -0.5 | J12: 23 | K12: 19 | L12: 26 | M12: =L12/K12-1 -> 0.36842105 | N12: =B12+F12+J12 -> 24 | O12: =C12+G12+K12 -> 23 | P12: =D12+H12+L12 -> 28 | Q12: =P12/O12-1 -> 0.2173913 | R12: =(B12/(N12/100)) -> 0 | S12: =(C12/(O12/100)) -> 0 | T12: =(D12/(P12/100)) -> 0 | U12: =(F12/(N12/100)) -> 4.1666667 | V12: =(G12/(O12/100)) -> 17.391304 | W12: =(H12/(P12/100)) -> 7.1428571
A13: Veículo agrícola | B13: 14 | C13: 10 | D13: 12 | E13: =D13/C13-1 -> 0.2 | F13: 22 | G13: 12 | H13: 28 | I13: =H13/G13-1 -> 1.3333333 | J13: 81 | K13: 89 | L13: 100 | M13: =L13/K13-1 -> 0.12359551 | N13: =B13+F13+J13 -> 117 | O13: =C13+G13+K13 -> 111 | P13: =D13+H13+L13 -> 140 | Q13: =P13/O13-1 -> 0.26126126 | R13: =(B13/(N13/100)) -> 11.965812 | S13: =(C13/(O13/100)) -> 9.009009 | T13: =(D13/(P13/100)) -> 8.5714286 | U13: =(F13/(N13/100)) -> 18.803419 | V13: =(G13/(O13/100)) -> 10.810811 | W13: =(H13/(P13/100)) -> 20
A14: Outros* | B14: 1 | C14: 0 | D14: 1 | E14: - | F14: 28 | G14: 3 | H14: 3 | I14: =H14/G14-1 -> 0 | J14: 515 | K14: 20 | L14: 13 | M14: =L14/K14-1 -> -0.35 | N14: =B14+F14+J14 -> 544 | O14: =C14+G14+K14 -> 23 | P14: =D14+H14+L14 -> 17 | Q14: =P14/O14-1 -> -0.26086957 | R14: =(B14/(N14/100)) -> 0.18382353 | S14: =(C14/(O14/100)) -> 0 | T14: =(D14/(P14/100)) -> 5.8823529 | U14: =(F14/(N14/100)) -> 5.1470588 | V14: =(G14/(O14/100)) -> 13.043478 | W14: =(H14/(P14/100)) -> 17.647059
A15: Total | B15: =SUM(B5:B14) -> 403 | C15: =SUM(C5:C14) -> 428 | D15: =SUM(D5:D14) -> 431 | E15: =D15/C15-1 -> 0.0070093458 | F15: =SUM(F5:F14) -> 1515 | G15: =SUM(G5:G14) -> 1784 | H15: =SUM(H5:H14) -> 1775 | I15: =H15/G15-1 -> -0.005044843 | J15: =SUM(J5:J14) -> 28876 | K15: =SUM(K5:K14) -> 29024 | L15: =SUM(L5:L14) -> 30263 | M15: =L15/K15-1 -> 0.042688809 | N15: =SUM(N5:N14) -> 30794 | O15: =SUM(O5:O14) -> 31236 | P15: =SUM(P5:P14) -> 32469 | Q15: =P15/O15-1 -> 0.039473684 | R15: =(B15/(N15/100)) -> 1.3086965 | S15: =(C15/(O15/100)) -> 1.3702139 | T15: =(D15/(P15/100)) -> 1.32742 | U15: =(F15/(N15/100)) -> 4.9197896 | V15: =(G15/(O15/100)) -> 5.7113587 | W15: =(H15/(P15/100)) -> 5.4667529
A16: * Inclui veículos de tração animal, veículos sobre carris, máquinas industriais e não definidos

Sheet 6.14
A1: Quadro 6.14 Condutores vítimas em Portugal por ações dos condutores
A3: Ações dos condutores | B3: VM | F3: FG | J3: FL | N3: Total de condutores vítimas
B4: 2019 | C4: 2023 | D4: 2024 | E4: ∆(%) 24/23 | F4: 2019 | G4: 2023 | H4: 2024 | I4: ∆(%) 24/23 | J4: 2019 | K4: 2023 | L4: 2024 | M4: ∆(%) 24/23 | N4: 2019 | O4: 2023 | P4: 2024 | Q4: ∆(%) 24/23
A5: Atravessando a via | B5: 2 | C5: 3 | D5: 0 | E5: =D5/C5-1 -> -1 | F5: 13 | G5: 14 | H5: 16 | I5: =H5/G5-1 -> 0.14285714 | J5: 207 | K5: 258 | L5: 245 | M5: =L5/K5-1 -> -0.050387597 | N5: =B5+F5+J5 -> 222 | O5: =C5+G5+K5 -> 275 | P5: =D5+H5+L5 -> 261 | Q5: =P5/O5-1 -> -0.050909091
A6: Circulação em sentido oposto ao estabelecido | B6: 4 | C6: 7 | D6: 15 | E6: =D6/C6-1 -> 1.1428571 | F6: 19 | G6: 24 | H6: 24 | I6: =H6/G6-1 -> 0 | J6: 113 | K6: 132 | L6: 153 | M6: =L6/K6-1 -> 0.15909091 | N6: =B6+F6+J6 -> 136 | O6: =C6+G6+K6 -> 163 | P6: =D6+H6+L6 -> 192 | Q6: =P6/O6-1 -> 0.17791411
A7: Desvio brusco/ saída de fila de trânsito | B7: 10 | C7: 5 | D7: 12 | E7: =D7/C7-1 -> 1.4 | F7: 34 | G7: 30 | H7: 38 | I7: =H7/G7-1 -> 0.26666667 | J7: 360 | K7: 353 | L7: 365 | M7: =L7/K7-1 -> 0.033994334 | N7: =B7+F7+J7 -> 404 | O7: =C7+G7+K7 -> 388 | P7: =D7+H7+L7 -> 415 | Q7: =P7/O7-1 -> 0.069587629
A8: Em marcha normal | B8: 342 | C8: 358 | D8: 345 | E8: =D8/C8-1 -> -0.036312849 | F8: 1283 | G8: 1492 | H8: 1465 | I8: =H8/G8-1 -> -0.018096515 | J8: 24134 | K8: 24035 | L8: 24950 | M8: =L8/K8-1 -> 0.038069482 | N8: =B8+F8+J8 -> 25759 | O8: =C8+G8+K8 -> 25885 | P8: =D8+H8+L8 -> 26760 | Q8: =P8/O8-1 -> 0.033803361
A9: Início de marcha | B9: 4 | C9: 8 | D9: 4 | E9: =D9/C9-1 -> -0.5 | F9: 22 | G9: 23 | H9: 39 | I9: =H9/G9-1 -> 0.69565217 | J9: 445 | K9: 586 | L9: 629 | M9: =L9/K9-1 -> 0.07337884 | N9: =B9+F9+J9 -> 471 | O9: =C9+G9+K9 -> 617 | P9: =D9+H9+L9 -> 672 | Q9: =P9/O9-1 -> 0.089141005
A10: Inversão do sentido de marcha | B10: 3 | C10: 1 | D10: 0 | E10: =D10/C10-1 -> -1 | F10: 5 | G10: 6 | H10: 4 | I10: =H10/G10-1 -> -0.33333333 | J10: 67 | K10: 96 | L10: 80 | M10: =L10/K10-1 -> -0.16666667 | N10: =B10+F10+J10 -> 75 | O10: =C10+G10+K10 -> 103 | P10: =D10+H10+L10 -> 84 | Q10: =P10/O10-1 -> -0.18446602
A11: Marcha atrás | B11: 1 | C11: 0 | D11: 1 | E11: - | F11: 2 | G11: 2 | H11: 3 | I11: =H11/G11-1 -> 0.5 | J11: 93 | K11: 52 | L11: 76 | M11: =L11/K11-1 -> 0.46153846 | N11: =B11+F11+J11 -> 96 | O11: =C11+G11+K11 -> 54 | P11: =D11+H11+L11 -> 80 | Q11: =P11/O11-1 -> 0.48148148
A12: Mudança de direcção para a direita | B12: 2 | C12: 0 | D12: 0 | E12: - | F12: 4 | G12: 9 | H12: 11 | I12: =H12/G12-1 -> 0.22222222 | J12: 264 | K12: 271 | L12: 296 | M12: =L12/K12-1 -> 0.092250923 | N12: =B12+F12+J12 -> 270 | O12: =C12+G12+K12 -> 280 | P12: =D12+H12+L12 -> 307 | Q12: =P12/O12-1 -> 0.096428571
A13: Mudança de direcção para a esquerda | B13: 8 | C13: 11 | D13: 14 | E13: =D13/C13-1 -> 0.27272727 | F13: 37 | G13: 43 | H13: 36 | I13: =H13/G13-1 -> -0.1627907 | J13: 1133 | K13: 1044 | L13: 1072 | M13: =L13/K13-1 -> 0.026819923 | N13: =B13+F13+J13 -> 1178 | O13: =C13+G13+K13 -> 1098 | P13: =D13+H13+L13 -> 1122 | Q13: =P13/O13-1 -> 0.021857923
A14: Mudança de via de trânsito para a direita | B14: 0 | C14: 2 | D14: 2 | E14: =D14/C14-1 -> 0 | F14: 4 | G14: 5 | H14: 11 | I14: =H14/G14-1 -> 1.2 | J14: 97 | K14: 100 | L14: 109 | M14: =L14/K14-1 -> 0.09 | N14: =B14+F14+J14 -> 101 | O14: =C14+G14+K14 -> 107 | P14: =D14+H14+L14 -> 122 | Q14: =P14/O14-1 -> 0.14018692
A15: Mudança de via de trânsito para a esquerda | B15: 3 | C15: 3 | D15: 0 | E15: =D15/C15-1 -> -1 | F15: 6 | G15: 7 | H15: 11 | I15: =H15/G15-1 -> 0.57142857 | J15: 101 | K15: 117 | L15: 113 | M15: =L15/K15-1 -> -0.034188034 | N15: =B15+F15+J15 -> 110 | O15: =C15+G15+K15 -> 127 | P15: =D15+H15+L15 -> 124 | Q15: =P15/O15-1 -> -0.023622047
A16: Parado ou estacionado | B16: 3 | C16: 6 | D16: 5 | E16: =D16/C16-1 -> -0.16666667 | F16: 12 | G16: 15 | H16: 13 | I16: =H16/G16-1 -> -0.13333333 | J16: 664 | K16: 530 | L16: 591 | M16: =L16/K16-1 -> 0.11509434 | N16: =B16+F16+J16 -> 679 | O16: =C16+G16+K16 -> 551 | P16: =D16+H16+L16 -> 609 | Q16: =P16/O16-1 -> 0.10526316
A17: Saída de parqueamento ou de rua particular | B17: 1 | C17: 1 | D17: 1 | E17: =D17/C17-1 -> 0 | F17: 4 | G17: 9 | H17: 7 | I17: =H17/G17-1 -> -0.22222222 | J17: 105 | K17: 116 | L17: 114 | M17: =L17/K17-1 -> -0.017241379 | N17: =B17+F17+J17 -> 110 | O17: =C17+G17+K17 -> 126 | P17: =D17+H17+L17 -> 122 | Q17: =P17/O17-1 -> -0.031746032
A18: Trânsito em filas paralelas | B18: 0 | C18: 0 | D18: 0 | E18: - | F18: 2 | G18: 4 | H18: 2 | I18: =H18/G18-1 -> -0.5 | J18: 20 | K18: 34 | L18: 40 | M18: =L18/K18-1 -> 0.17647059 | N18: =B18+F18+J18 -> 22 | O18: =C18+G18+K18 -> 38 | P18: =D18+H18+L18 -> 42 | Q18: =P18/O18-1 -> 0.10526316
A19: Travagem brusca | B19: 2 | C19: 2 | D19: 7 | E19: =D19/C19-1 -> 2.5 | F19: 4 | G19: 17 | H19: 13 | I19: =H19/G19-1 -> -0.23529412 | J19: 158 | K19: 180 | L19: 214 | M19: =L19/K19-1 -> 0.18888889 | N19: =B19+F19+J19 -> 164 | O19: =C19+G19+K19 -> 199 | P19: =D19+H19+L19 -> 234 | Q19: =P19/O19-1 -> 0.1758794
A20: Ultrapassagem pela direita | B20: 2 | C20: 0 | D20: 2 | E20: - | F20: 8 | G20: 2 | H20: 5 | I20: =H20/G20-1 -> 1.5 | J20: 51 | K20: 79 | L20: 99 | M20: =L20/K20-1 -> 0.25316456 | N20: =B20+F20+J20 -> 61 | O20: =C20+G20+K20 -> 81 | P20: =D20+H20+L20 -> 106 | Q20: =P20/O20-1 -> 0.30864198
A21: Ultrapassagem pela esquerda | B21: 16 | C21: 18 | D21: 20 | E21: =D21/C21-1 -> 0.11111111 | F21: 46 | G21: 72 | H21: 64 | I21: =H21/G21-1 -> -0.11111111 | J21: 632 | K21: 738 | L21: 807 | M21: =L21/K21-1 -> 0.093495935 | N21: =B21+F21+J21 -> 694 | O21: =C21+G21+K21 -> 828 | P21: =D21+H21+L21 -> 891 | Q21: =P21/O21-1 -> 0.076086957
A22: n.d. | B22: 0 | C22: 3 | D22: 3 | E22: =D22/C22-1 -> 0 | F22: 10 | G22: 10 | H22: 13 | I22: =H22/G22-1 -> 0.3 | J22: 232 | K22: 303 | L22: 310 | M22: =L22/K22-1 -> 0.02310231 | N22: =B22+F22+J22 -> 242 | O22: =C22+G22+K22 -> 316 | P22: =D22+H22+L22 -> 326 | Q22: =P22/O22-1 -> 0.03164557
